date,stock_price,strike_price,time_to_maturity,option_type,theoretical_price,market_price,bid_price,ask_price,implied_volatility,volume,open_interest,risk_free_rate
2023-01-01,100.0,90,0.08,call,11.0521,10.9426,10.8321,11.0531,0.3595,51,357,0.05
2023-01-01,100.0,90,0.08,put,0.0974,0.0969,0.0959,0.0978,0.2217,45,540,0.05
2023-01-01,100.0,95,0.08,call,6.7005,6.6745,6.6075,6.7415,0.3048,59,944,0.05
2023-01-01,100.0,95,0.08,put,0.5178,0.509,0.5038,0.5141,0.2057,50,550,0.05
2023-01-01,100.0,100,0.08,call,3.0857,3.0475,3.0167,3.0784,0.2559,60,720,0.05
2023-01-01,100.0,100,0.08,put,1.8781,1.8904,1.8716,1.9091,0.184,52,676,0.05
2023-01-01,100.0,105,0.08,call,1.6938,1.6968,1.6798,1.7137,0.3051,53,689,0.05
2023-01-01,100.0,105,0.08,put,5.1964,5.1273,5.0753,5.1792,0.1892,47,329,0.05
2023-01-01,100.0,110,0.08,call,0.3366,0.3394,0.336,0.3428,0.2487,37,407,0.05
2023-01-01,100.0,110,0.08,put,10.5193,10.576,10.4708,10.6812,0.3448,59,531,0.05
2023-01-01,100.0,90,0.25,call,11.458,11.7713,11.6567,11.8859,0.1751,47,799,0.05
2023-01-01,100.0,90,0.25,put,1.1489,1.1809,1.1694,1.1924,0.2547,53,848,0.05
2023-01-01,100.0,95,0.25,call,8.5078,8.4888,8.4037,8.5739,0.2484,48,336,0.05
2023-01-01,100.0,95,0.25,put,2.9682,2.94,2.9103,2.9697,0.2857,44,264,0.05
2023-01-01,100.0,100,0.25,call,5.0112,5.0467,4.9966,5.0969,0.2202,54,648,0.05
2023-01-01,100.0,100,0.25,put,4.4472,4.4755,4.431,4.5199,0.2546,47,658,0.05
2023-01-01,100.0,105,0.25,call,2.4018,2.4104,2.3864,2.4344,0.196,54,594,0.05
2023-01-01,100.0,105,0.25,put,7.6827,7.7523,7.6754,7.8291,0.278,56,952,0.05
2023-01-01,100.0,110,0.25,call,1.4922,1.4745,1.4596,1.4894,0.2198,35,630,0.05
2023-01-01,100.0,110,0.25,put,11.0346,10.9998,10.8895,11.1102,0.2747,45,495,0.05
2023-01-01,100.0,90,0.5,call,15.2257,15.043,14.8908,15.1953,0.2879,42,798,0.05
2023-01-01,100.0,90,0.5,put,3.4843,3.4531,3.4183,3.488,0.3101,47,752,0.05
2023-01-01,100.0,95,0.5,call,10.6676,10.6625,10.5559,10.7692,0.2333,57,1026,0.05
2023-01-01,100.0,95,0.5,put,4.3764,4.4702,4.4265,4.514,0.2759,50,250,0.05
2023-01-01,100.0,100,0.5,call,9.1314,9.0119,8.9206,9.1033,0.2817,55,770,0.05
2023-01-01,100.0,100,0.5,put,3.0708,3.0471,3.0164,3.0778,0.1505,42,252,0.05
2023-01-01,100.0,105,0.5,call,8.3311,8.3045,8.2212,8.3878,0.3331,52,988,0.05
2023-01-01,100.0,105,0.5,put,8.1078,8.242,8.1609,8.3231,0.2398,41,697,0.05
2023-01-01,100.0,110,0.5,call,3.6081,3.5996,3.5635,3.6356,0.2269,37,407,0.05
2023-01-01,100.0,110,0.5,put,14.0776,14.0099,13.8691,14.1507,0.3436,51,510,0.05
2023-01-02,100.79,90,0.08,call,11.1546,11.1055,10.994,11.217,0.1453,44,616,0.05
2023-01-02,100.79,90,0.08,put,0.1543,0.1592,0.1576,0.1607,0.2565,50,550,0.05
2023-01-02,100.79,95,0.08,call,6.9047,6.9857,6.9166,7.0547,0.2542,53,265,0.05
2023-01-02,100.79,95,0.08,put,0.9054,0.9247,0.9156,0.9337,0.2766,63,315,0.05
2023-01-02,100.79,100,0.08,call,2.3841,2.3568,2.3329,2.3806,0.1524,45,810,0.05
2023-01-02,100.79,100,0.08,put,2.5996,2.587,2.561,2.613,0.2796,46,644,0.05
2023-01-02,100.79,105,0.08,call,1.4929,1.4744,1.4594,1.4893,0.2604,49,294,0.05
2023-01-02,100.79,105,0.08,put,4.7697,4.8127,4.765,4.8604,0.2088,55,715,0.05
2023-01-02,100.79,110,0.08,call,0.529,0.5172,0.5119,0.5225,0.2654,50,350,0.05
2023-01-02,100.79,110,0.08,put,9.6814,9.5084,9.4116,9.6052,0.3195,54,972,0.05
2023-01-02,100.79,90,0.25,call,12.2916,12.103,11.9801,12.226,0.189,50,350,0.05
2023-01-02,100.79,90,0.25,put,1.1866,1.2021,1.1902,1.214,0.2682,43,215,0.05
2023-01-02,100.79,95,0.25,call,9.128,9.0904,8.9991,9.1817,0.2511,66,528,0.05
2023-01-02,100.79,95,0.25,put,2.9677,3.0245,2.9948,3.0542,0.2992,48,624,0.05
2023-01-02,100.79,100,0.25,call,7.1017,6.9994,6.9284,7.0704,0.3033,65,715,0.05
2023-01-02,100.79,100,0.25,put,4.2849,4.2843,4.2415,4.3272,0.2635,35,315,0.05
2023-01-02,100.79,105,0.25,call,2.8895,2.8989,2.87,2.9278,0.2051,54,270,0.05
2023-01-02,100.79,105,0.25,put,8.3485,8.3124,8.2289,8.3958,0.3338,57,513,0.05
2023-01-02,100.79,110,0.25,call,2.385,2.3473,2.3235,2.3712,0.2602,50,500,0.05
2023-01-02,100.79,110,0.25,put,10.1161,10.0434,9.9423,10.1446,0.254,54,810,0.05
2023-01-02,100.79,90,0.5,call,14.8678,14.7501,14.6014,14.8988,0.2393,45,270,0.05
2023-01-02,100.79,90,0.5,put,1.0163,1.0094,0.9992,1.0196,0.1914,37,481,0.05
2023-01-02,100.79,95,0.5,call,11.579,11.6763,11.5605,11.7921,0.2476,43,688,0.05
2023-01-02,100.79,95,0.5,put,4.9007,4.9345,4.8855,4.9835,0.3067,36,288,0.05
2023-01-02,100.79,100,0.5,call,8.1867,8.1292,8.0474,8.2111,0.2299,47,705,0.05
2023-01-02,100.79,100,0.5,put,4.154,4.1494,4.1078,4.1909,0.2016,52,832,0.05
2023-01-02,100.79,105,0.5,call,7.7651,7.6712,7.5936,7.7489,0.2988,43,387,0.05
2023-01-02,100.79,105,0.5,put,10.2504,10.2854,10.1829,10.3879,0.3295,45,720,0.05
2023-01-02,100.79,110,0.5,call,7.1481,7.1019,7.0304,7.1733,0.3438,47,611,0.05
2023-01-02,100.79,110,0.5,put,10.4728,10.5462,10.4414,10.6509,0.2298,57,627,0.05
2023-01-03,100.58,90,0.08,call,11.068,11.2229,11.1122,11.3336,0.2434,44,572,0.05
2023-01-03,100.58,90,0.08,put,0.0898,0.0897,0.0888,0.0906,0.2276,45,495,0.05
2023-01-03,100.58,95,0.08,call,7.205,7.2237,7.1516,7.2957,0.3119,50,450,0.05
2023-01-03,100.58,95,0.08,put,0.8565,0.851,0.8425,0.8596,0.2651,43,215,0.05
2023-01-03,100.58,100,0.08,call,4.0994,4.1044,4.0634,4.1453,0.3178,44,264,0.05
2023-01-03,100.58,100,0.08,put,2.6476,2.6257,2.5992,2.6522,0.2757,54,540,0.05
2023-01-03,100.58,105,0.08,call,1.1727,1.1666,1.1549,1.1784,0.2348,38,190,0.05
2023-01-03,100.58,105,0.08,put,5.7757,5.813,5.7552,5.8708,0.2946,54,540,0.05
2023-01-03,100.58,110,0.08,call,0.8659,0.8677,0.859,0.8763,0.3184,50,950,0.05
2023-01-03,100.58,110,0.08,put,9.4024,9.4857,9.3916,9.5797,0.2525,45,540,0.05
2023-01-03,100.58,90,0.25,call,12.6249,12.5916,12.4654,12.7179,0.2431,47,799,0.05
2023-01-03,100.58,90,0.25,put,1.3274,1.3048,1.2915,1.318,0.2767,46,690,0.05
2023-01-03,100.58,95,0.25,call,8.9092,8.7471,8.658,8.8362,0.2472,50,950,0.05
2023-01-03,100.58,95,0.25,put,2.9695,3.0174,2.9877,3.047,0.2957,42,546,0.05
2023-01-03,100.58,100,0.25,call,5.1352,5.132,5.0807,5.1834,0.2094,53,742,0.05
2023-01-03,100.58,100,0.25,put,5.0472,5.0783,5.0278,5.1287,0.2978,47,470,0.05
2023-01-03,100.58,105,0.25,call,3.1633,3.118,3.0863,3.1496,0.2236,47,799,0.05
2023-01-03,100.58,105,0.25,put,6.6091,6.5678,6.5017,6.6339,0.2404,49,588,0.05
2023-01-03,100.58,110,0.25,call,1.9115,1.9093,1.8902,1.9284,0.2363,55,935,0.05
2023-01-03,100.58,110,0.25,put,10.0084,10.0107,9.9107,10.1108,0.239,60,960,0.05
2023-01-03,100.58,90,0.5,call,15.2172,15.1219,14.9697,15.2741,0.2658,52,624,0.05
2023-01-03,100.58,90,0.5,put,0.3638,0.3652,0.3616,0.3688,0.1404,55,880,0.05
2023-01-03,100.58,95,0.5,call,10.5497,10.5362,10.4307,10.6417,0.2108,50,650,0.05
2023-01-03,100.58,95,0.5,put,2.4248,2.4061,2.3819,2.4304,0.2022,50,500,0.05
2023-01-03,100.58,100,0.5,call,9.3976,9.325,9.231,9.4189,0.2788,60,480,0.05
2023-01-03,100.58,100,0.5,put,5.0766,5.1448,5.094,5.1956,0.2325,50,500,0.05
2023-01-03,100.58,105,0.5,call,4.4188,4.4861,4.4419,4.5303,0.1846,48,624,0.05
2023-01-03,100.58,105,0.5,put,8.8631,8.9262,8.8375,9.0148,0.2769,52,780,0.05
2023-01-03,100.58,110,0.5,call,4.0558,4.0569,4.0163,4.0974,0.2355,42,420,0.05
2023-01-03,100.58,110,0.5,put,11.3266,11.3032,11.1899,11.4165,0.2564,57,1026,0.05
2023-01-04,101.62,90,0.08,call,11.9796,11.9855,11.8657,12.1053,0.1361,36,576,0.05
2023-01-04,101.62,90,0.08,put,0.0337,0.0337,0.0334,0.0341,0.2085,51,306,0.05
2023-01-04,101.62,95,0.08,call,7.7229,7.8807,7.8035,7.958,0.2726,44,440,0.05
2023-01-04,101.62,95,0.08,put,1.178,1.1855,1.1737,1.1973,0.331,49,882,0.05
2023-01-04,101.62,100,0.08,call,3.52,3.5425,3.5073,3.5777,0.2093,42,630,0.05
2023-01-04,101.62,100,0.08,put,1.054,1.0357,1.0252,1.0463,0.1669,49,686,0.05
2023-01-04,101.62,105,0.08,call,2.3393,2.3252,2.3018,2.3486,0.3121,54,810,0.05
2023-01-04,101.62,105,0.08,put,5.0362,5.1565,5.1062,5.2069,0.288,56,504,0.05
2023-01-04,101.62,110,0.08,call,0.3601,0.3614,0.3578,0.365,0.2198,62,434,0.05
2023-01-04,101.62,110,0.08,put,8.3013,8.3165,8.2335,8.3995,0.2198,56,896,0.05
2023-01-04,101.62,90,0.25,call,13.7945,13.7505,13.6126,13.8885,0.2677,53,742,0.05
2023-01-04,101.62,90,0.25,put,0.6976,0.6957,0.6888,0.7027,0.234,48,576,0.05
2023-01-04,101.62,95,0.25,call,10.222,10.0137,9.9115,10.1159,0.2804,48,528,0.05
2023-01-04,101.62,95,0.25,put,1.17,1.1934,1.1817,1.2051,0.1996,46,276,0.05
2023-01-04,101.62,100,0.25,call,5.0367,5.0816,5.0312,5.132,0.171,52,520,0.05
2023-01-04,101.62,100,0.25,put,3.7845,3.8305,3.7926,3.8683,0.2548,54,1026,0.05
2023-01-04,101.62,105,0.25,call,3.2586,3.2792,3.2466,3.3118,0.206,60,600,0.05
2023-01-04,101.62,105,0.25,put,8.5177,8.5882,8.5031,8.6734,0.3635,56,448,0.05
2023-01-04,101.62,110,0.25,call,3.3982,3.4495,3.4155,3.4835,0.3005,58,580,0.05
2023-01-04,101.62,110,0.25,put,9.8426,9.6216,9.5232,9.7201,0.2701,48,912,0.05
2023-01-04,101.62,90,0.5,call,16.4088,16.3359,16.1718,16.5,0.2838,40,240,0.05
2023-01-04,101.62,90,0.5,put,2.2681,2.2687,2.246,2.2914,0.2689,47,705,0.05
2023-01-04,101.62,95,0.5,call,12.0741,11.9463,11.8256,12.0671,0.2432,60,720,0.05
2023-01-04,101.62,95,0.5,put,2.668,2.6232,2.5965,2.6498,0.2244,51,612,0.05
2023-01-04,101.62,100,0.5,call,8.4245,8.6305,8.5463,8.7148,0.2197,63,504,0.05
2023-01-04,101.62,100,0.5,put,5.3328,5.3971,5.3437,5.4504,0.2565,47,329,0.05
2023-01-04,101.62,105,0.5,call,7.7604,7.7747,7.6971,7.8523,0.2836,62,1116,0.05
2023-01-04,101.62,105,0.5,put,7.729,7.6805,7.6033,7.7578,0.255,46,322,0.05
2023-01-04,101.62,110,0.5,call,4.1773,4.1066,4.0648,4.1483,0.2252,34,272,0.05
2023-01-04,101.62,110,0.5,put,12.6931,12.7534,12.6265,12.8803,0.3265,39,546,0.05
2023-01-05,104.09,90,0.08,call,14.6222,14.5886,14.4424,14.7348,0.3159,41,205,0.05
2023-01-05,104.09,90,0.08,put,0.0899,0.0895,0.0886,0.0904,0.2814,55,715,0.05
2023-01-05,104.09,95,0.08,call,9.7798,9.516,9.4182,9.6138,0.2541,59,1121,0.05
2023-01-05,104.09,95,0.08,put,0.2751,0.2726,0.2699,0.2754,0.2473,41,205,0.05
2023-01-05,104.09,100,0.08,call,5.3312,5.2886,5.2353,5.3419,0.214,51,561,0.05
2023-01-05,104.09,100,0.08,put,1.09,1.1047,1.0938,1.1156,0.2418,46,230,0.05
2023-01-05,104.09,105,0.08,call,2.5124,2.5116,2.4865,2.5367,0.2335,51,918,0.05
2023-01-05,104.09,105,0.08,put,2.8734,2.8801,2.8514,2.9088,0.2228,51,918,0.05
2023-01-05,104.09,110,0.08,call,1.9394,1.9165,1.8971,1.9359,0.3409,42,462,0.05
2023-01-05,104.09,110,0.08,put,6.5975,6.5428,6.4769,6.6088,0.2602,60,300,0.05
2023-01-05,104.09,90,0.25,call,16.2528,16.4048,16.2423,16.5674,0.2961,38,646,0.05
2023-01-05,104.09,90,0.25,put,1.2359,1.2148,1.2024,1.2271,0.3136,46,736,0.05
2023-01-05,104.09,95,0.25,call,12.423,12.3795,12.2552,12.5037,0.3005,42,504,0.05
2023-01-05,104.09,95,0.25,put,1.2459,1.2248,1.2124,1.2373,0.2385,36,180,0.05
2023-01-05,104.09,100,0.25,call,7.3476,7.3716,7.2981,7.4451,0.205,48,912,0.05
2023-01-05,104.09,100,0.25,put,1.7044,1.6789,1.6619,1.6959,0.1874,57,627,0.05
2023-01-05,104.09,105,0.25,call,6.5565,6.6061,6.5406,6.6717,0.307,48,288,0.05
2023-01-05,104.09,105,0.25,put,3.5196,3.5067,3.4715,3.5419,0.1793,40,600,0.05
2023-01-05,104.09,110,0.25,call,3.8107,3.8151,3.777,3.8532,0.2736,48,864,0.05
2023-01-05,104.09,110,0.25,put,8.0262,8.096,8.0157,8.1762,0.2575,47,470,0.05
2023-01-05,104.09,90,0.5,call,18.7858,18.5437,18.3559,18.7316,0.3029,39,234,0.05
2023-01-05,104.09,90,0.5,put,1.588,1.6094,1.5935,1.6252,0.255,44,396,0.05
2023-01-05,104.09,95,0.5,call,14.235,14.3815,14.2392,14.5239,0.2563,41,369,0.05
2023-01-05,104.09,95,0.5,put,3.1882,3.1595,3.1276,3.1914,0.2736,53,901,0.05
2023-01-05,104.09,100,0.5,call,9.6712,9.5741,9.4774,9.6708,0.2045,61,976,0.05
2023-01-05,104.09,100,0.5,put,4.9728,4.9519,4.9022,5.0017,0.2755,42,294,0.05
2023-01-05,104.09,105,0.5,call,10.2475,10.1848,10.0824,10.2873,0.3227,45,225,0.05
2023-01-05,104.09,105,0.5,put,4.4292,4.4624,4.4181,4.5067,0.1797,66,792,0.05
2023-01-05,104.09,110,0.5,call,8.1579,8.1657,8.0841,8.2472,0.325,43,344,0.05
2023-01-05,104.09,110,0.5,put,9.4087,9.4354,9.3413,9.5295,0.259,41,246,0.05
2023-01-06,103.72,90,0.08,call,14.111,14.1061,13.965,14.2472,0.236,48,528,0.05
2023-01-06,103.72,90,0.08,put,0.2562,0.2588,0.2562,0.2613,0.3385,48,768,0.05
2023-01-06,103.72,95,0.08,call,9.2902,9.3891,9.2962,9.482,0.2203,53,583,0.05
2023-01-06,103.72,95,0.08,put,0.3492,0.3522,0.3487,0.3556,0.256,51,663,0.05
2023-01-06,103.72,100,0.08,call,6.0733,6.0994,6.0387,6.1602,0.3184,42,588,0.05
2023-01-06,103.72,100,0.08,put,1.3676,1.3576,1.3439,1.3713,0.2604,55,660,0.05
2023-01-06,103.72,105,0.08,call,2.3159,2.342,2.3188,2.3652,0.2319,58,812,0.05
2023-01-06,103.72,105,0.08,put,3.3415,3.3865,3.3531,3.42,0.246,47,799,0.05
2023-01-06,103.72,110,0.08,call,1.5611,1.5646,1.549,1.5802,0.3149,46,736,0.05
2023-01-06,103.72,110,0.08,put,6.5819,6.6697,6.6038,6.7355,0.2261,50,850,0.05
2023-01-06,103.72,90,0.25,call,15.6109,15.7463,15.5902,15.9025,0.2659,47,517,0.05
2023-01-06,103.72,90,0.25,put,0.757,0.759,0.7514,0.7665,0.2642,42,630,0.05
2023-01-06,103.72,95,0.25,call,11.3591,11.3003,11.1867,11.4139,0.249,47,564,0.05
2023-01-06,103.72,95,0.25,put,2.5506,2.5333,2.5078,2.5589,0.3205,37,296,0.05
2023-01-06,103.72,100,0.25,call,6.5349,6.4779,6.4125,6.5432,0.1739,39,702,0.05
2023-01-06,103.72,100,0.25,put,3.695,3.7118,3.6749,3.7488,0.2897,51,459,0.05
2023-01-06,103.72,105,0.25,call,5.9478,5.9457,5.8863,6.0052,0.2872,47,752,0.05
2023-01-06,103.72,105,0.25,put,5.3984,5.4288,5.3748,5.4828,0.2617,52,312,0.05
2023-01-06,103.72,110,0.25,call,1.7244,1.7445,1.7273,1.7618,0.1734,49,294,0.05
2023-01-06,103.72,110,0.25,put,9.7322,9.6917,9.5944,9.789,0.3311,56,616,0.05
2023-01-06,103.72,90,0.5,call,17.4105,17.6578,17.4837,17.8319,0.2448,48,336,0.05
2023-01-06,103.72,90,0.5,put,1.0947,1.087,1.0761,1.098,0.2215,45,810,0.05
2023-01-06,103.72,95,0.5,call,13.0394,13.022,12.8916,13.1524,0.2148,46,782,0.05
2023-01-06,103.72,95,0.5,put,4.052,4.0636,4.0231,4.1041,0.3063,51,765,0.05
2023-01-06,103.72,100,0.5,call,11.0512,10.9445,10.834,11.055,0.2667,34,306,0.05
2023-01-06,103.72,100,0.5,put,3.295,3.3179,3.2849,3.3508,0.2073,49,833,0.05
2023-01-06,103.72,105,0.5,call,6.4012,6.4109,6.3469,6.4749,0.197,53,901,0.05
2023-01-06,103.72,105,0.5,put,7.8676,7.9136,7.8349,7.9923,0.2931,57,285,0.05
2023-01-06,103.72,110,0.5,call,5.2609,5.2469,5.1943,5.2995,0.232,46,414,0.05
2023-01-06,103.72,110,0.5,put,8.9576,9.048,8.9584,9.1376,0.2366,55,825,0.05
2023-01-07,103.34,90,0.08,call,13.9417,13.9359,13.7965,14.0753,0.3266,54,810,0.05
2023-01-07,103.34,90,0.08,put,0.1051,0.1053,0.1043,0.1064,0.2778,50,300,0.05
2023-01-07,103.34,95,0.08,call,9.0417,9.1156,9.0252,9.206,0.2424,43,516,0.05
2023-01-07,103.34,95,0.08,put,0.0743,0.0742,0.0734,0.0749,0.1755,43,559,0.05
2023-01-07,103.34,100,0.08,call,5.2101,5.2051,5.153,5.2572,0.2595,52,884,0.05
2023-01-07,103.34,100,0.08,put,1.511,1.5026,1.4875,1.5177,0.264,42,210,0.05
2023-01-07,103.34,105,0.08,call,2.6401,2.5923,2.5659,2.6187,0.2746,52,312,0.05
2023-01-07,103.34,105,0.08,put,4.1503,4.2342,4.1927,4.2757,0.2983,52,884,0.05
2023-01-07,103.34,110,0.08,call,0.5657,0.5746,0.5689,0.5803,0.213,53,954,0.05
2023-01-07,103.34,110,0.08,put,7.0514,7.0992,7.0287,7.1698,0.2467,50,750,0.05
2023-01-07,103.34,90,0.25,call,15.1038,15.2733,15.1222,15.4243,0.2476,37,333,0.05
2023-01-07,103.34,90,0.25,put,1.3672,1.3419,1.3283,1.3556,0.3155,41,246,0.05
2023-01-07,103.34,95,0.25,call,10.6765,10.5429,10.4361,10.6496,0.2217,57,684,0.05
2023-01-07,103.34,95,0.25,put,2.6699,2.6587,2.632,2.6854,0.3222,37,555,0.05
2023-01-07,103.34,100,0.25,call,7.2071,7.2403,7.1682,7.3124,0.2259,52,468,0.05
2023-01-07,103.34,100,0.25,put,3.6463,3.6404,3.604,3.6769,0.2804,52,676,0.05
2023-01-07,103.34,105,0.25,call,3.6034,3.602,3.5659,3.638,0.1829,36,324,0.05
2023-01-07,103.34,105,0.25,put,3.8619,3.8058,3.7671,3.8444,0.1785,49,294,0.05
2023-01-07,103.34,110,0.25,call,5.0085,5.1323,5.0823,5.1824,0.3483,45,225,0.05
2023-01-07,103.34,110,0.25,put,7.8624,7.9363,7.8576,8.0149,0.2252,40,720,0.05
2023-01-07,103.34,90,0.5,call,17.9683,17.9676,17.788,18.1473,0.2923,47,658,0.05
2023-01-07,103.34,90,0.5,put,0.7216,0.7221,0.7148,0.7293,0.1921,54,918,0.05
2023-01-07,103.34,95,0.5,call,12.6626,12.6399,12.5133,12.7665,0.211,39,702,0.05
2023-01-07,103.34,95,0.5,put,2.0234,2.042,2.0217,2.0622,0.2134,64,960,0.05
2023-01-07,103.34,100,0.5,call,11.0983,11.1049,10.9939,11.2159,0.2776,54,324,0.05
2023-01-07,103.34,100,0.5,put,3.6836,3.7303,3.6934,3.7671,0.2177,52,780,0.05
2023-01-07,103.34,105,0.5,call,8.5312,8.541,8.4557,8.6263,0.278,57,399,0.05
2023-01-07,103.34,105,0.5,put,8.1574,8.2949,8.2133,8.3764,0.2975,52,676,0.05
2023-01-07,103.34,110,0.5,call,4.9483,4.9325,4.883,4.982,0.227,42,462,0.05
2023-01-07,103.34,110,0.5,put,10.1666,10.218,10.1163,10.3197,0.2712,49,343,0.05
2023-01-08,105.96,90,0.08,call,16.3146,16.2327,16.0695,16.3958,0.1501,42,798,0.05
2023-01-08,105.96,90,0.08,put,0.0288,0.0291,0.0288,0.0294,0.2606,45,810,0.05
2023-01-08,105.96,95,0.08,call,11.4589,11.4846,11.37,11.5992,0.2363,45,360,0.05
2023-01-08,105.96,95,0.08,put,0.3709,0.3649,0.3612,0.3686,0.3024,49,784,0.05
2023-01-08,105.96,100,0.08,call,6.9027,6.8563,6.7873,6.9254,0.2214,57,798,0.05
2023-01-08,105.96,100,0.08,put,0.0894,0.0898,0.0889,0.0907,0.1358,42,756,0.05
2023-01-08,105.96,105,0.08,call,3.8588,3.7581,3.7195,3.7967,0.263,37,370,0.05
2023-01-08,105.96,105,0.08,put,2.5533,2.5493,2.5238,2.5748,0.2689,50,300,0.05
2023-01-08,105.96,110,0.08,call,2.1587,2.1645,2.1429,2.1861,0.3031,46,322,0.05
2023-01-08,105.96,110,0.08,put,4.7954,4.7333,4.6854,4.7813,0.2143,56,952,0.05
2023-01-08,105.96,90,0.25,call,18.017,17.8788,17.6986,18.059,0.308,52,728,0.05
2023-01-08,105.96,90,0.25,put,0.2082,0.2122,0.2102,0.2143,0.212,35,420,0.05
2023-01-08,105.96,95,0.25,call,12.884,13.0774,12.9485,13.2062,0.2205,39,507,0.05
2023-01-08,105.96,95,0.25,put,1.6544,1.6273,1.6108,1.6439,0.2925,47,564,0.05
2023-01-08,105.96,100,0.25,call,10.5656,10.6039,10.4983,10.7096,0.3103,58,986,0.05
2023-01-08,105.96,100,0.25,put,3.4536,3.4425,3.408,3.4771,0.3149,34,238,0.05
2023-01-08,105.96,105,0.25,call,5.9682,6.0119,5.9522,6.0716,0.2274,46,828,0.05
2023-01-08,105.96,105,0.25,put,4.0886,4.0526,4.0117,4.0935,0.246,49,882,0.05
2023-01-08,105.96,110,0.25,call,5.8128,5.8209,5.7628,5.879,0.3308,59,1121,0.05
2023-01-08,105.96,110,0.25,put,7.2668,7.1126,7.0399,7.1853,0.2726,50,900,0.05
2023-01-08,105.96,90,0.5,call,19.6605,19.8784,19.6818,20.075,0.2646,36,216,0.05
2023-01-08,105.96,90,0.5,put,0.5582,0.5615,0.556,0.5671,0.198,35,665,0.05
2023-01-08,105.96,95,0.5,call,14.7576,14.8384,14.6908,14.9859,0.2095,51,255,0.05
2023-01-08,105.96,95,0.5,put,1.3588,1.3613,1.3477,1.3749,0.2041,53,689,0.05
2023-01-08,105.96,100,0.5,call,12.3626,12.4992,12.3756,12.6228,0.2583,43,387,0.05
2023-01-08,105.96,100,0.5,put,5.274,5.3183,5.2656,5.371,0.3094,46,460,0.05
2023-01-08,105.96,105,0.5,call,11.8637,11.9589,11.8402,12.0775,0.3408,39,585,0.05
2023-01-08,105.96,105,0.5,put,5.1277,5.1152,5.0639,5.1665,0.2301,46,460,0.05
2023-01-08,105.96,110,0.5,call,8.3036,8.3692,8.2862,8.4523,0.2982,47,517,0.05
2023-01-08,105.96,110,0.5,put,7.6075,7.5103,7.4342,7.5864,0.2304,54,702,0.05
2023-01-09,107.25,90,0.08,call,17.611,17.7983,17.6222,17.9744,0.1678,40,600,0.05
2023-01-09,107.25,90,0.08,put,0.1622,0.1649,0.1633,0.1665,0.3623,44,308,0.05
2023-01-09,107.25,95,0.08,call,12.8967,12.9769,12.848,13.1059,0.3005,53,477,0.05
2023-01-09,107.25,95,0.08,put,0.1161,0.1177,0.1166,0.1189,0.2529,47,517,0.05
2023-01-09,107.25,100,0.08,call,7.7471,7.7932,7.7157,7.8706,0.1588,65,715,0.05
2023-01-09,107.25,100,0.08,put,0.8683,0.8762,0.8675,0.8849,0.2927,52,416,0.05
2023-01-09,107.25,105,0.08,call,4.4211,4.4128,4.3686,4.457,0.242,39,351,0.05
2023-01-09,107.25,105,0.08,put,2.1516,2.1303,2.1088,2.1518,0.2777,57,798,0.05
2023-01-09,107.25,110,0.08,call,1.404,1.4253,1.4112,1.4393,0.1948,45,585,0.05
2023-01-09,107.25,110,0.08,put,4.804,4.7531,4.7051,4.8012,0.2887,42,210,0.05
2023-01-09,107.25,90,0.25,call,18.7445,18.4459,18.2585,18.6333,0.2532,59,649,0.05
2023-01-09,107.25,90,0.25,put,0.5066,0.5042,0.4992,0.5093,0.272,42,714,0.05
2023-01-09,107.25,95,0.25,call,15.0656,15.2473,15.0967,15.398,0.3076,55,715,0.05
2023-01-09,107.25,95,0.25,put,1.136,1.124,1.1127,1.1354,0.2692,43,516,0.05
2023-01-09,107.25,100,0.25,call,10.8583,10.7232,10.6146,10.8318,0.2739,55,385,0.05
2023-01-09,107.25,100,0.25,put,1.412,1.4182,1.4041,1.4323,0.2154,56,784,0.05
2023-01-09,107.25,105,0.25,call,8.1319,8.3127,8.2313,8.394,0.2946,42,252,0.05
2023-01-09,107.25,105,0.25,put,2.4295,2.4895,2.4652,2.5138,0.1881,42,294,0.05
2023-01-09,107.25,110,0.25,call,2.6993,2.7253,2.6983,2.7523,0.1554,44,748,0.05
2023-01-09,107.25,110,0.25,put,8.4626,8.5191,8.4344,8.6037,0.3605,54,918,0.05
2023-01-09,107.25,90,0.5,call,19.7221,19.9146,19.7174,20.1119,0.1725,32,448,0.05
2023-01-09,107.25,90,0.5,put,1.9884,1.9918,1.9719,2.0117,0.3052,37,296,0.05
2023-01-09,107.25,95,0.5,call,16.8639,16.7658,16.5972,16.9345,0.2626,40,320,0.05
2023-01-09,107.25,95,0.5,put,1.0855,1.099,1.0881,1.1098,0.1993,49,441,0.05
2023-01-09,107.25,100,0.5,call,12.8198,12.9008,12.7726,13.029,0.2393,52,728,0.05
2023-01-09,107.25,100,0.5,put,1.5475,1.5665,1.551,1.5819,0.1722,50,900,0.05
2023-01-09,107.25,105,0.5,call,8.3515,8.424,8.3405,8.5075,0.1895,53,583,0.05
2023-01-09,107.25,105,0.5,put,2.701,2.6763,2.6493,2.7033,0.1602,49,245,0.05
2023-01-09,107.25,110,0.5,call,7.6613,7.4824,7.4058,7.559,0.2541,56,1008,0.05
2023-01-09,107.25,110,0.5,put,6.8186,6.9767,6.9085,7.0449,0.225,38,190,0.05
2023-01-10,106.47,90,0.08,call,16.8598,16.886,16.7174,17.0546,0.2697,35,280,0.05
2023-01-10,106.47,90,0.08,put,0.2233,0.2209,0.2187,0.2231,0.3733,40,600,0.05
2023-01-10,106.47,95,0.08,call,11.8944,11.9016,11.7826,12.0205,0.2055,54,756,0.05
2023-01-10,106.47,95,0.08,put,0.0109,0.0109,0.0108,0.011,0.1695,58,580,0.05
2023-01-10,106.47,100,0.08,call,8.6217,8.4498,8.3636,8.536,0.3746,49,490,0.05
2023-01-10,106.47,100,0.08,put,1.1702,1.165,1.1533,1.1767,0.3109,58,580,0.05
2023-01-10,106.47,105,0.08,call,4.6913,4.6744,4.6274,4.7213,0.3083,57,399,0.05
2023-01-10,106.47,105,0.08,put,1.8681,1.8781,1.8595,1.8968,0.2275,47,658,0.05
2023-01-10,106.47,110,0.08,call,1.2516,1.2488,1.2363,1.2613,0.2051,49,490,0.05
2023-01-10,106.47,110,0.08,put,4.9494,4.9239,4.8744,4.9734,0.2599,53,477,0.05
2023-01-10,106.47,90,0.25,call,18.3667,18.3771,18.1935,18.5608,0.2966,60,1020,0.05
2023-01-10,106.47,90,0.25,put,0.6035,0.6078,0.6018,0.6139,0.2765,44,836,0.05
2023-01-10,106.47,95,0.25,call,13.4059,13.3136,13.1795,13.4476,0.2271,41,533,0.05
2023-01-10,106.47,95,0.25,put,0.9792,0.9723,0.9625,0.9821,0.2469,39,195,0.05
2023-01-10,106.47,100,0.25,call,10.6132,10.6303,10.5241,10.7364,0.2927,56,448,0.05
2023-01-10,106.47,100,0.25,put,2.157,2.1676,2.146,2.1892,0.2502,57,513,0.05
2023-01-10,106.47,105,0.25,call,5.6942,5.6869,5.6299,5.7438,0.1986,43,688,0.05
2023-01-10,106.47,105,0.25,put,4.9814,4.9158,4.866,4.9656,0.2995,48,528,0.05
2023-01-10,106.47,110,0.25,call,4.2679,4.2433,4.2007,4.286,0.2463,55,605,0.05
2023-01-10,106.47,110,0.25,put,3.8085,3.7501,3.712,3.7882,0.1204,58,522,0.05
2023-01-10,106.47,90,0.5,call,20.7362,20.53,20.3227,20.7374,0.3016,43,344,0.05
2023-01-10,106.47,90,0.5,put,1.1651,1.1571,1.1455,1.1688,0.2485,34,544,0.05
2023-01-10,106.47,95,0.5,call,15.5172,15.6866,15.5314,15.8418,0.2271,49,686,0.05
2023-01-10,106.47,95,0.5,put,2.7198,2.7276,2.7004,2.7548,0.2767,43,688,0.05
2023-01-10,106.47,100,0.5,call,12.7799,12.7547,12.6269,12.8825,0.2604,62,744,0.05
2023-01-10,106.47,100,0.5,put,3.102,3.1689,3.1379,3.1999,0.231,52,624,0.05
2023-01-10,106.47,105,0.5,call,8.6988,8.7307,8.6437,8.8176,0.2197,49,441,0.05
2023-01-10,106.47,105,0.5,put,5.1342,5.1387,5.0874,5.1901,0.2372,54,702,0.05
2023-01-10,106.47,110,0.5,call,9.7075,9.7845,9.6874,9.8815,0.3361,57,285,0.05
2023-01-10,106.47,110,0.5,put,9.7821,9.6503,9.5525,9.7482,0.3114,47,517,0.05
2023-01-11,107.39,90,0.08,call,17.7515,17.6431,17.4656,17.8206,0.2014,40,400,0.05
2023-01-11,107.39,90,0.08,put,0.0616,0.0611,0.0605,0.0617,0.3097,60,720,0.05
2023-01-11,107.39,95,0.08,call,13.0035,12.8186,12.6886,12.9486,0.294,39,702,0.05
2023-01-11,107.39,95,0.08,put,0.3572,0.3565,0.3529,0.36,0.3251,63,1197,0.05
2023-01-11,107.39,100,0.08,call,8.2893,8.41,8.3271,8.4929,0.2441,54,864,0.05
2023-01-11,107.39,100,0.08,put,1.2305,1.2333,1.221,1.2456,0.34,38,684,0.05
2023-01-11,107.39,105,0.08,call,4.1038,4.1882,4.1472,4.2293,0.2046,64,576,0.05
2023-01-11,107.39,105,0.08,put,1.1892,1.1887,1.1768,1.2006,0.1948,53,583,0.05
2023-01-11,107.39,110,0.08,call,3.3102,3.338,3.3048,3.3711,0.3521,49,588,0.05
2023-01-11,107.39,110,0.08,put,3.7914,3.7424,3.7044,3.7803,0.2093,35,350,0.05
2023-01-11,107.39,90,0.25,call,18.932,19.0077,18.8184,19.197,0.2617,48,336,0.05
2023-01-11,107.39,90,0.25,put,0.1759,0.1751,0.1734,0.1769,0.2174,40,200,0.05
2023-01-11,107.39,95,0.25,call,14.0048,13.7388,13.5988,13.8789,0.203,47,517,0.05
2023-01-11,107.39,95,0.25,put,0.9371,0.9465,0.9371,0.9559,0.2539,45,630,0.05
2023-01-11,107.39,100,0.25,call,10.7336,10.7112,10.6039,10.8185,0.2603,55,770,0.05
2023-01-11,107.39,100,0.25,put,1.2655,1.2751,1.2624,1.2877,0.2075,51,867,0.05
2023-01-11,107.39,105,0.25,call,7.9043,8.0338,7.9548,8.1129,0.2792,58,928,0.05
2023-01-11,107.39,105,0.25,put,6.3011,6.2516,6.1886,6.3146,0.3813,67,1005,0.05
2023-01-11,107.39,110,0.25,call,5.4785,5.5133,5.4585,5.5681,0.2824,49,686,0.05
2023-01-11,107.39,110,0.25,put,6.5357,6.4823,6.417,6.5477,0.2738,52,468,0.05
2023-01-11,107.39,90,0.5,call,19.7066,19.6246,19.4275,19.8216,0.1453,40,680,0.05
2023-01-11,107.39,90,0.5,put,0.3893,0.3871,0.3832,0.391,0.191,43,344,0.05
2023-01-11,107.39,95,0.5,call,16.909,16.9056,16.7365,17.0747,0.2592,48,768,0.05
2023-01-11,107.39,95,0.5,put,1.3621,1.362,1.3484,1.3756,0.2167,34,578,0.05
2023-01-11,107.39,100,0.5,call,14.8642,14.9465,14.7978,15.0951,0.3156,49,882,0.05
2023-01-11,107.39,100,0.5,put,2.7255,2.706,2.6787,2.7333,0.2253,37,555,0.05
2023-01-11,107.39,105,0.5,call,7.5449,7.5915,7.516,7.6669,0.1567,55,275,0.05
2023-01-11,107.39,105,0.5,put,6.1572,6.2718,6.2102,6.3334,0.2849,56,560,0.05
2023-01-11,107.39,110,0.5,call,5.9887,6.0069,5.947,6.0667,0.1962,54,540,0.05
2023-01-11,107.39,110,0.5,put,5.4285,5.4361,5.3819,5.4904,0.1812,45,315,0.05
2023-01-12,106.62,90,0.08,call,16.9775,16.8601,16.6903,17.0299,0.1616,42,378,0.05
2023-01-12,106.62,90,0.08,put,0.0,0.0,0.0,0.0,0.1388,53,424,0.05
2023-01-12,106.62,95,0.08,call,12.4013,12.3266,12.2026,12.4506,0.3214,49,931,0.05
2023-01-12,106.62,95,0.08,put,0.2059,0.2058,0.2037,0.2078,0.2734,30,330,0.05
2023-01-12,106.62,100,0.08,call,7.9855,8.0139,7.934,8.0938,0.2906,43,430,0.05
2023-01-12,106.62,100,0.08,put,0.5719,0.5786,0.5728,0.5843,0.2389,44,352,0.05
2023-01-12,106.62,105,0.08,call,3.97,3.8738,3.8341,3.9135,0.238,47,282,0.05
2023-01-12,106.62,105,0.08,put,2.5797,2.5887,2.5629,2.6145,0.2942,41,369,0.05
2023-01-12,106.62,110,0.08,call,2.7744,2.7713,2.7436,2.7991,0.3345,44,616,0.05
2023-01-12,106.62,110,0.08,put,4.4047,4.3678,4.3237,4.4118,0.2198,46,414,0.05
2023-01-12,106.62,90,0.25,call,18.3606,18.064,17.8804,18.2476,0.2805,33,264,0.05
2023-01-12,106.62,90,0.25,put,0.8741,0.8669,0.8582,0.8757,0.3082,46,552,0.05
2023-01-12,106.62,95,0.25,call,13.6986,13.6581,13.5211,13.7951,0.2418,51,510,0.05
2023-01-12,106.62,95,0.25,put,1.0868,1.0927,1.0819,1.1036,0.2576,45,450,0.05
2023-01-12,106.62,100,0.25,call,9.6154,9.6574,9.5612,9.7535,0.2282,48,816,0.05
2023-01-12,106.62,100,0.25,put,2.9044,2.88,2.8509,2.909,0.2952,55,825,0.05
2023-01-12,106.62,105,0.25,call,7.8586,7.8077,7.7291,7.8863,0.3002,56,616,0.05
2023-01-12,106.62,105,0.25,put,3.848,3.853,3.8145,3.8914,0.2471,56,1064,0.05
2023-01-12,106.62,110,0.25,call,5.5467,5.5646,5.5091,5.62,0.3033,59,885,0.05
2023-01-12,106.62,110,0.25,put,6.1641,6.1694,6.1078,6.231,0.2374,55,330,0.05
2023-01-12,106.62,90,0.5,call,20.5187,20.5062,20.301,20.7114,0.2819,53,424,0.05
2023-01-12,106.62,90,0.5,put,0.6773,0.6738,0.667,0.6805,0.2132,41,615,0.05
2023-01-12,106.62,95,0.5,call,17.4004,17.4201,17.2461,17.5941,0.3104,42,336,0.05
2023-01-12,106.62,95,0.5,put,0.833,0.8251,0.8168,0.8335,0.1781,49,882,0.05
2023-01-12,106.62,100,0.5,call,11.2554,11.1182,11.0056,11.2307,0.1938,53,583,0.05
2023-01-12,106.62,100,0.5,put,3.6857,3.628,3.5911,3.6648,0.2559,59,590,0.05
2023-01-12,106.62,105,0.5,call,11.5205,11.4819,11.3667,11.5971,0.3149,43,688,0.05
2023-01-12,106.62,105,0.5,put,4.8694,4.8425,4.7939,4.8912,0.2298,59,885,0.05
2023-01-12,106.62,110,0.5,call,8.6215,8.6665,8.5802,8.7527,0.2972,53,424,0.05
2023-01-12,106.62,110,0.5,put,7.8791,7.8112,7.7324,7.89,0.2503,54,432,0.05
2023-01-13,105.85,90,0.08,call,16.2432,16.3373,16.1749,16.4998,0.2682,31,527,0.05
2023-01-13,105.85,90,0.08,put,0.0352,0.0347,0.0344,0.0351,0.2663,54,864,0.05
2023-01-13,105.85,95,0.08,call,11.2758,11.2416,11.1288,11.3543,0.1995,54,486,0.05
2023-01-13,105.85,95,0.08,put,0.0062,0.0063,0.0062,0.0063,0.1522,56,504,0.05
2023-01-13,105.85,100,0.08,call,6.8133,6.7726,6.7044,6.8407,0.2217,60,360,0.05
2023-01-13,105.85,100,0.08,put,1.5033,1.5148,1.4998,1.5298,0.3321,52,468,0.05
2023-01-13,105.85,105,0.08,call,4.3803,4.3991,4.3553,4.4429,0.3129,44,748,0.05
2023-01-13,105.85,105,0.08,put,2.6011,2.5704,2.5444,2.5964,0.2691,54,594,0.05
2023-01-13,105.85,110,0.08,call,2.1897,2.2,2.1781,2.2219,0.3094,37,518,0.05
2023-01-13,105.85,110,0.08,put,4.722,4.6306,4.5833,4.6778,0.1997,43,387,0.05
2023-01-13,105.85,90,0.25,call,17.4582,17.7127,17.5381,17.8873,0.2563,53,689,0.05
2023-01-13,105.85,90,0.25,put,0.2784,0.2802,0.2774,0.283,0.2242,38,570,0.05
2023-01-13,105.85,95,0.25,call,13.887,13.6702,13.5314,13.8091,0.3055,41,738,0.05
2023-01-13,105.85,95,0.25,put,0.3631,0.3641,0.3604,0.3677,0.1786,37,481,0.05
2023-01-13,105.85,100,0.25,call,9.3507,9.3128,9.2193,9.4063,0.2468,69,897,0.05
2023-01-13,105.85,100,0.25,put,2.2582,2.2698,2.2472,2.2924,0.2466,55,440,0.05
2023-01-13,105.85,105,0.25,call,6.1002,6.1026,6.0416,6.1636,0.237,51,663,0.05
2023-01-13,105.85,105,0.25,put,4.3747,4.4036,4.3598,4.4473,0.2577,40,680,0.05
2023-01-13,105.85,110,0.25,call,3.6629,3.6585,3.6219,3.6951,0.2307,45,405,0.05
2023-01-13,105.85,110,0.25,put,6.6245,6.5547,6.4884,6.6209,0.2391,55,440,0.05
2023-01-13,105.85,90,0.5,call,18.6204,18.3973,18.2111,18.5835,0.1966,43,774,0.05
2023-01-13,105.85,90,0.5,put,0.4443,0.4371,0.4326,0.4415,0.1863,49,441,0.05
2023-01-13,105.85,95,0.5,call,14.9677,14.8289,14.6792,14.9785,0.2252,50,600,0.05
2023-01-13,105.85,95,0.5,put,2.5321,2.519,2.4937,2.5443,0.2619,58,1102,0.05
2023-01-13,105.85,100,0.5,call,12.382,12.4917,12.3679,12.6155,0.2621,48,336,0.05
2023-01-13,105.85,100,0.5,put,4.0519,4.1099,4.0694,4.1504,0.2615,52,832,0.05
2023-01-13,105.85,105,0.5,call,8.7909,8.7692,8.6813,8.8572,0.2364,50,300,0.05
2023-01-13,105.85,105,0.5,put,4.533,4.5235,4.4782,4.5689,0.2078,48,288,0.05
2023-01-13,105.85,110,0.5,call,4.1973,4.1788,4.1369,4.2208,0.1625,33,528,0.05
2023-01-13,105.85,110,0.5,put,4.9529,4.829,4.7795,4.8786,0.1396,49,882,0.05
2023-01-14,106.26,90,0.08,call,16.6185,16.3684,16.2022,16.5346,0.1733,36,360,0.05
2023-01-14,106.26,90,0.08,put,0.0532,0.0533,0.0528,0.0538,0.288,38,342,0.05
2023-01-14,106.26,95,0.08,call,11.8335,11.8903,11.772,12.0087,0.2644,44,572,0.05
2023-01-14,106.26,95,0.08,put,0.8113,0.8124,0.8043,0.8205,0.3865,56,616,0.05
2023-01-14,106.26,100,0.08,call,7.9233,8.074,7.9947,8.1532,0.3165,44,704,0.05
2023-01-14,106.26,100,0.08,put,0.6873,0.6912,0.6844,0.6981,0.247,53,901,0.05
2023-01-14,106.26,105,0.08,call,4.0894,4.127,4.0862,4.1679,0.2674,34,374,0.05
2023-01-14,106.26,105,0.08,put,1.8958,1.9113,1.8924,1.9303,0.2229,57,513,0.05
2023-01-14,106.26,110,0.08,call,1.0247,1.0226,1.0123,1.0328,0.1897,55,770,0.05
2023-01-14,106.26,110,0.08,put,4.4404,4.4908,4.4464,4.5352,0.2006,48,672,0.05
2023-01-14,106.26,90,0.25,call,17.5602,17.7667,17.5911,17.9423,0.2094,53,848,0.05
2023-01-14,106.26,90,0.25,put,0.0402,0.0404,0.04,0.0408,0.1633,47,329,0.05
2023-01-14,106.26,95,0.25,call,12.9151,12.7674,12.6382,12.8965,0.1963,42,714,0.05
2023-01-14,106.26,95,0.25,put,1.1129,1.1217,1.1106,1.1329,0.2554,53,689,0.05
2023-01-14,106.26,100,0.25,call,9.5423,9.624,9.5285,9.7194,0.2402,57,342,0.05
2023-01-14,106.26,100,0.25,put,3.3532,3.3284,3.2949,3.362,0.3144,50,900,0.05
2023-01-14,106.26,105,0.25,call,6.4404,6.53,6.4656,6.5945,0.2416,57,1083,0.05
2023-01-14,106.26,105,0.25,put,3.7932,3.7796,3.7417,3.8176,0.2375,60,900,0.05
2023-01-14,106.26,110,0.25,call,4.4952,4.5665,4.5215,4.6114,0.2616,54,648,0.05
2023-01-14,106.26,110,0.25,put,7.4476,7.481,7.4065,7.5555,0.289,65,910,0.05
2023-01-14,106.26,90,0.5,call,19.0213,19.2705,19.0803,19.4607,0.1985,39,702,0.05
2023-01-14,106.26,90,0.5,put,2.414,2.3931,2.369,2.4173,0.3198,50,400,0.05
2023-01-14,106.26,95,0.5,call,16.0201,16.2627,16.1025,16.4229,0.2604,36,216,0.05
2023-01-14,106.26,95,0.5,put,4.4883,4.467,4.4221,4.5119,0.3518,44,440,0.05
2023-01-14,106.26,100,0.5,call,12.3468,12.3285,12.205,12.4519,0.2493,47,799,0.05
2023-01-14,106.26,100,0.5,put,4.5874,4.5047,4.4588,4.5506,0.2868,60,840,0.05
2023-01-14,106.26,105,0.5,call,8.9249,8.8826,8.7933,8.9718,0.2323,51,765,0.05
2023-01-14,106.26,105,0.5,put,2.3574,2.3548,2.3313,2.3784,0.1357,47,376,0.05
2023-01-14,106.26,110,0.5,call,7.689,7.6876,7.6107,7.7645,0.2724,50,450,0.05
2023-01-14,106.26,110,0.5,put,8.6387,8.6198,8.5334,8.7062,0.2699,45,315,0.05
2023-01-15,103.11,90,0.08,call,13.6733,13.6775,13.5408,13.8142,0.3114,48,720,0.05
2023-01-15,103.11,90,0.08,put,0.0054,0.0053,0.0053,0.0054,0.1839,46,322,0.05
2023-01-15,103.11,95,0.08,call,9.0906,9.1201,9.0292,9.211,0.2874,42,294,0.05
2023-01-15,103.11,95,0.08,put,0.2894,0.2903,0.2874,0.2932,0.2321,50,450,0.05
2023-01-15,103.11,100,0.08,call,5.4151,5.3775,5.3233,5.4316,0.295,58,580,0.05
2023-01-15,103.11,100,0.08,put,1.6719,1.6762,1.6595,1.6929,0.2727,50,450,0.05
2023-01-15,103.11,105,0.08,call,2.5219,2.5302,2.5049,2.5554,0.2734,49,490,0.05
2023-01-15,103.11,105,0.08,put,4.6606,4.6548,4.6082,4.7014,0.3315,59,826,0.05
2023-01-15,103.11,110,0.08,call,0.3788,0.3912,0.3874,0.3949,0.1914,50,750,0.05
2023-01-15,103.11,110,0.08,put,6.8044,6.6591,6.591,6.7271,0.1878,51,918,0.05
2023-01-15,103.11,90,0.25,call,16.8669,16.4959,16.3272,16.6646,0.4069,47,517,0.05
2023-01-15,103.11,90,0.25,put,0.1103,0.1116,0.1105,0.1127,0.1644,55,550,0.05
2023-01-15,103.11,95,0.25,call,10.7394,10.8345,10.7271,10.9419,0.2398,61,427,0.05
2023-01-15,103.11,95,0.25,put,2.1991,2.1821,2.1602,2.2041,0.2895,44,264,0.05
2023-01-15,103.11,100,0.25,call,7.8908,7.9866,7.9077,8.0655,0.2704,50,350,0.05
2023-01-15,103.11,100,0.25,put,2.3376,2.325,2.3017,2.3484,0.2066,58,522,0.05
2023-01-15,103.11,105,0.25,call,5.7475,5.7743,5.7168,5.8318,0.2928,60,1140,0.05
2023-01-15,103.11,105,0.25,put,5.9496,5.948,5.8885,6.0075,0.2743,37,666,0.05
2023-01-15,103.11,110,0.25,call,2.1316,2.1766,2.1552,2.1979,0.2059,51,867,0.05
2023-01-15,103.11,110,0.25,put,9.2552,9.258,9.1655,9.3506,0.2892,45,495,0.05
2023-01-15,103.11,90,0.5,call,17.5484,17.4654,17.2899,17.6408,0.2804,44,616,0.05
2023-01-15,103.11,90,0.5,put,2.2327,2.1968,2.1745,2.2191,0.2814,39,468,0.05
2023-01-15,103.11,95,0.5,call,12.4984,12.3998,12.2748,12.5248,0.2119,43,473,0.05
2023-01-15,103.11,95,0.5,put,2.3564,2.3201,2.2965,2.3436,0.2265,50,650,0.05
2023-01-15,103.11,100,0.5,call,10.0254,9.9551,9.8548,10.0554,0.2434,54,756,0.05
2023-01-15,103.11,100,0.5,put,5.4075,5.5049,5.4508,5.559,0.2792,37,666,0.05
2023-01-15,103.11,105,0.5,call,9.3813,9.2345,9.1407,9.3283,0.3119,46,828,0.05
2023-01-15,103.11,105,0.5,put,6.5771,6.5011,6.4354,6.5669,0.2391,56,616,0.05
2023-01-15,103.11,110,0.5,call,5.6028,5.634,5.5779,5.69,0.2533,44,572,0.05
2023-01-15,103.11,110,0.5,put,10.854,10.854,10.7455,10.9626,0.2906,33,330,0.05
2023-01-16,100.36,90,0.08,call,10.8715,10.8922,10.7834,11.0009,0.2495,46,736,0.05
2023-01-16,100.36,90,0.08,put,0.3215,0.3187,0.3155,0.3219,0.2951,36,252,0.05
2023-01-16,100.36,95,0.08,call,6.9841,7.0588,6.989,7.1287,0.3063,51,357,0.05
2023-01-16,100.36,95,0.08,put,0.8565,0.8638,0.8552,0.8723,0.2595,47,423,0.05
2023-01-16,100.36,100,0.08,call,3.1368,3.16,3.1286,3.1913,0.2431,58,1102,0.05
2023-01-16,100.36,100,0.08,put,2.5201,2.5332,2.508,2.5584,0.2555,54,486,0.05
2023-01-16,100.36,105,0.08,call,0.8704,0.8899,0.8812,0.8986,0.2092,49,637,0.05
2023-01-16,100.36,105,0.08,put,5.2826,5.23,5.1772,5.2828,0.2295,52,676,0.05
2023-01-16,100.36,110,0.08,call,0.3654,0.3699,0.3662,0.3735,0.2469,56,728,0.05
2023-01-16,100.36,110,0.08,put,9.5031,9.5403,9.4453,9.6354,0.234,51,561,0.05
2023-01-16,100.36,90,0.25,call,12.9012,12.7007,12.5717,12.8297,0.2815,38,228,0.05
2023-01-16,100.36,90,0.25,put,1.5499,1.552,1.5365,1.5675,0.2909,46,414,0.05
2023-01-16,100.36,95,0.25,call,8.5105,8.4357,8.3506,8.5208,0.233,35,490,0.05
2023-01-16,100.36,95,0.25,put,1.1389,1.1283,1.1169,1.1397,0.1794,53,530,0.05
2023-01-16,100.36,100,0.25,call,5.9014,5.8879,5.8289,5.9469,0.2551,50,250,0.05
2023-01-16,100.36,100,0.25,put,3.2272,3.219,3.1867,3.2513,0.2003,56,1064,0.05
2023-01-16,100.36,105,0.25,call,4.0245,4.0067,3.9665,4.047,0.2722,58,812,0.05
2023-01-16,100.36,105,0.25,put,6.5981,6.6425,6.5765,6.7084,0.2332,40,360,0.05
2023-01-16,100.36,110,0.25,call,2.5939,2.6261,2.6002,2.6521,0.2796,42,672,0.05
2023-01-16,100.36,110,0.25,put,9.6837,9.6997,9.6028,9.7965,0.2088,56,840,0.05
2023-01-16,100.36,90,0.5,call,14.7724,14.8272,14.6795,14.975,0.2525,42,630,0.05
2023-01-16,100.36,90,0.5,put,3.3468,3.3336,3.3001,3.367,0.3077,41,656,0.05
2023-01-16,100.36,95,0.5,call,11.109,11.0304,10.9193,11.1415,0.241,53,636,0.05
2023-01-16,100.36,95,0.5,put,3.5735,3.5742,3.5385,3.6099,0.2479,68,884,0.05
2023-01-16,100.36,100,0.5,call,8.7888,8.847,8.7592,8.9349,0.2615,52,676,0.05
2023-01-16,100.36,100,0.5,put,4.4605,4.4781,4.4335,4.5227,0.2067,41,492,0.05
2023-01-16,100.36,105,0.5,call,8.1616,8.2532,8.1716,8.3349,0.3206,65,650,0.05
2023-01-16,100.36,105,0.5,put,8.945,9.0333,8.9439,9.1228,0.2759,54,270,0.05
2023-01-16,100.36,110,0.5,call,4.2592,4.259,4.2164,4.3016,0.2462,42,210,0.05
2023-01-16,100.36,110,0.5,put,12.3484,12.353,12.2295,12.4765,0.2887,42,378,0.05
2023-01-17,99.48,90,0.08,call,10.1648,10.1757,10.0741,10.2774,0.2792,60,1080,0.05
2023-01-17,99.48,90,0.08,put,0.2886,0.2823,0.2794,0.2852,0.2706,31,527,0.05
2023-01-17,99.48,95,0.08,call,6.5175,6.5797,6.5145,6.6449,0.3267,53,795,0.05
2023-01-17,99.48,95,0.08,put,0.9474,0.9516,0.9422,0.9611,0.2478,44,308,0.05
2023-01-17,99.48,100,0.08,call,2.9553,2.9404,2.9108,2.9699,0.2686,58,986,0.05
2023-01-17,99.48,100,0.08,put,2.5472,2.5581,2.5326,2.5835,0.2214,56,672,0.05
2023-01-17,99.48,105,0.08,call,1.0261,1.0186,1.0084,1.0289,0.251,43,215,0.05
2023-01-17,99.48,105,0.08,put,6.6092,6.6245,6.5584,6.6906,0.3024,55,715,0.05
2023-01-17,99.48,110,0.08,call,0.0805,0.0808,0.08,0.0816,0.1898,45,855,0.05
2023-01-17,99.48,110,0.08,put,10.5126,10.3811,10.276,10.4863,0.2773,44,528,0.05
2023-01-17,99.48,90,0.25,call,12.1679,12.0939,11.9723,12.2156,0.2802,42,672,0.05
2023-01-17,99.48,90,0.25,put,1.6773,1.6639,1.6471,1.6807,0.288,43,645,0.05
2023-01-17,99.48,95,0.25,call,8.4589,8.4583,8.3737,8.5428,0.2669,50,350,0.05
2023-01-17,99.48,95,0.25,put,3.0415,3.0847,3.0543,3.1151,0.2808,61,915,0.05
2023-01-17,99.48,100,0.25,call,4.7174,4.7543,4.7071,4.8015,0.22,51,255,0.05
2023-01-17,99.48,100,0.25,put,3.1693,3.1468,3.1151,3.1785,0.178,62,868,0.05
2023-01-17,99.48,105,0.25,call,2.663,2.6759,2.6493,2.7026,0.2201,41,533,0.05
2023-01-17,99.48,105,0.25,put,8.08,8.0885,8.0077,8.1693,0.2829,48,336,0.05
2023-01-17,99.48,110,0.25,call,2.3256,2.3471,2.3239,2.3704,0.2792,39,429,0.05
2023-01-17,99.48,110,0.25,put,10.6228,10.7727,10.6664,10.8789,0.2263,47,376,0.05
2023-01-17,99.48,90,0.5,call,13.6197,13.5303,13.3941,13.6665,0.2297,43,774,0.05
2023-01-17,99.48,90,0.5,put,1.5502,1.5098,1.4943,1.5253,0.2104,54,918,0.05
2023-01-17,99.48,95,0.5,call,10.9648,11.0634,10.9538,11.1731,0.2599,46,276,0.05
2023-01-17,99.48,95,0.5,put,4.8272,4.8325,4.7842,4.8808,0.2872,45,405,0.05
2023-01-17,99.48,100,0.5,call,9.4032,9.4928,9.3988,9.5868,0.3026,51,816,0.05
2023-01-17,99.48,100,0.5,put,2.9815,2.9614,2.9316,2.9912,0.1396,46,322,0.05
2023-01-17,99.48,105,0.5,call,5.7886,5.7542,5.6963,5.8121,0.2517,54,702,0.05
2023-01-17,99.48,105,0.5,put,7.3212,7.3028,7.2296,7.376,0.2017,45,585,0.05
2023-01-17,99.48,110,0.5,call,5.5576,5.5102,5.4546,5.5657,0.3067,38,722,0.05
2023-01-17,99.48,110,0.5,put,10.637,10.5734,10.467,10.6798,0.2038,50,750,0.05
2023-01-18,97.91,90,0.08,call,9.0191,9.1542,9.064,9.2443,0.3211,48,672,0.05
2023-01-18,97.91,90,0.08,put,0.224,0.219,0.2167,0.2212,0.2248,63,945,0.05
2023-01-18,97.91,95,0.08,call,4.5314,4.514,4.4687,4.5593,0.2353,50,400,0.05
2023-01-18,97.91,95,0.08,put,1.502,1.5012,1.4862,1.5163,0.2625,42,462,0.05
2023-01-18,97.91,100,0.08,call,2.2653,2.2838,2.2611,2.3064,0.2724,54,972,0.05
2023-01-18,97.91,100,0.08,put,3.6703,3.6628,3.6261,3.6995,0.2463,34,340,0.05
2023-01-18,97.91,105,0.08,call,0.6525,0.6554,0.6489,0.6619,0.2466,54,594,0.05
2023-01-18,97.91,105,0.08,put,7.6512,7.5073,7.4308,7.5839,0.2889,48,384,0.05
2023-01-18,97.91,110,0.08,call,0.2657,0.2649,0.2622,0.2676,0.2747,55,770,0.05
2023-01-18,97.91,110,0.08,put,11.8111,11.9382,11.82,12.0563,0.2464,36,612,0.05
2023-01-18,97.91,90,0.25,call,10.7506,10.7714,10.6639,10.8789,0.2682,68,340,0.05
2023-01-18,97.91,90,0.25,put,2.4319,2.4275,2.4032,2.4518,0.316,42,546,0.05
2023-01-18,97.91,95,0.25,call,5.4083,5.3824,5.3283,5.4365,0.1526,45,315,0.05
2023-01-18,97.91,95,0.25,put,2.2395,2.222,2.1996,2.2444,0.2069,46,276,0.05
2023-01-18,97.91,100,0.25,call,4.4922,4.4953,4.4504,4.5402,0.2501,45,675,0.05
2023-01-18,97.91,100,0.25,put,4.7101,4.742,4.6949,4.7891,0.218,48,432,0.05
2023-01-18,97.91,105,0.25,call,2.5278,2.5143,2.489,2.5396,0.2431,53,318,0.05
2023-01-18,97.91,105,0.25,put,6.9735,6.9384,6.8686,7.0081,0.1646,54,594,0.05
2023-01-18,97.91,110,0.25,call,0.6521,0.662,0.6555,0.6685,0.1875,37,222,0.05
2023-01-18,97.91,110,0.25,put,11.8392,11.836,11.7176,11.9543,0.2253,72,1008,0.05
2023-01-18,97.91,90,0.5,call,12.5282,12.4993,12.374,12.6246,0.2366,53,689,0.05
2023-01-18,97.91,90,0.5,put,1.7248,1.7265,1.7092,1.7437,0.2038,36,216,0.05
2023-01-18,97.91,95,0.5,call,7.8574,7.7201,7.6415,7.7986,0.1778,45,450,0.05
2023-01-18,97.91,95,0.5,put,4.2426,4.2547,4.2122,4.2971,0.2436,36,288,0.05
2023-01-18,97.91,100,0.5,call,5.6099,5.7038,5.6477,5.7599,0.1967,53,318,0.05
2023-01-18,97.91,100,0.5,put,8.5316,8.4544,8.3691,8.5397,0.317,51,510,0.05
2023-01-18,97.91,105,0.5,call,7.0266,6.9477,6.8775,7.018,0.3228,51,255,0.05
2023-01-18,97.91,105,0.5,put,8.2859,8.2748,8.1919,8.3576,0.2041,51,357,0.05
2023-01-18,97.91,110,0.5,call,2.2545,2.2496,2.2271,2.2722,0.1997,49,637,0.05
2023-01-18,97.91,110,0.5,put,13.2049,13.2236,13.0916,13.3557,0.2638,45,585,0.05
2023-01-19,98.41,90,0.08,call,8.9539,9.0051,8.9155,9.0946,0.225,46,644,0.05
2023-01-19,98.41,90,0.08,put,0.2764,0.2741,0.2713,0.2769,0.2469,51,765,0.05
2023-01-19,98.41,95,0.08,call,5.3541,5.3078,5.2543,5.3613,0.2849,48,816,0.05
2023-01-19,98.41,95,0.08,put,1.1722,1.1392,1.1275,1.1509,0.243,51,306,0.05
2023-01-19,98.41,100,0.08,call,2.5561,2.5432,2.5177,2.5688,0.2791,43,344,0.05
2023-01-19,98.41,100,0.08,put,3.5755,3.5505,3.5148,3.5863,0.2632,44,748,0.05
2023-01-19,98.41,105,0.08,call,0.4551,0.4487,0.4441,0.4532,0.2065,51,918,0.05
2023-01-19,98.41,105,0.08,put,6.8062,6.8402,6.7721,6.9082,0.2314,62,1116,0.05
2023-01-19,98.41,110,0.08,call,0.3026,0.3036,0.3006,0.3066,0.2736,43,215,0.05
2023-01-19,98.41,110,0.08,put,11.1566,11.1738,11.0622,11.2854,0.1256,48,768,0.05
2023-01-19,98.41,90,0.25,call,11.4274,11.5416,11.4273,11.6559,0.2883,51,612,0.05
2023-01-19,98.41,90,0.25,put,1.2128,1.2369,1.2248,1.249,0.2381,61,366,0.05
2023-01-19,98.41,95,0.25,call,6.754,6.8552,6.7877,6.9228,0.2117,52,520,0.05
2023-01-19,98.41,95,0.25,put,2.8417,2.8221,2.7937,2.8505,0.25,49,931,0.05
2023-01-19,98.41,100,0.25,call,4.7428,4.7892,4.7418,4.8366,0.2502,62,1054,0.05
2023-01-19,98.41,100,0.25,put,4.1034,4.1359,4.0948,4.1769,0.1997,57,399,0.05
2023-01-19,98.41,105,0.25,call,3.1406,3.1373,3.1059,3.1687,0.267,50,850,0.05
2023-01-19,98.41,105,0.25,put,8.8423,8.935,8.8466,9.0235,0.289,55,605,0.05
2023-01-19,98.41,110,0.25,call,1.236,1.2345,1.2221,1.2469,0.2267,44,484,0.05
2023-01-19,98.41,110,0.25,put,12.056,11.9669,11.8464,12.0875,0.2664,58,986,0.05
2023-01-19,98.41,90,0.5,call,12.0966,11.9272,11.8062,12.0482,0.1954,56,280,0.05
2023-01-19,98.41,90,0.5,put,2.5772,2.5641,2.5383,2.5898,0.2507,46,598,0.05
2023-01-19,98.41,95,0.5,call,7.4649,7.5003,7.4256,7.5749,0.1463,42,798,0.05
2023-01-19,98.41,95,0.5,put,3.0801,2.9951,2.9643,3.0259,0.2037,50,900,0.05
2023-01-19,98.41,100,0.5,call,6.7732,6.7542,6.6864,6.8219,0.2292,47,376,0.05
2023-01-19,98.41,100,0.5,put,7.0556,7.0377,6.9671,7.1082,0.2712,46,874,0.05
2023-01-19,98.41,105,0.5,call,4.786,4.7201,4.6722,4.7679,0.2331,51,969,0.05
2023-01-19,98.41,105,0.5,put,8.477,8.5225,8.4377,8.6072,0.2218,53,742,0.05
2023-01-19,98.41,110,0.5,call,4.1228,4.1228,4.0816,4.164,0.2683,45,270,0.05
2023-01-19,98.41,110,0.5,put,10.9321,10.9275,10.8182,11.0368,0.1851,60,720,0.05
2023-01-20,97.02,90,0.08,call,8.4603,8.3761,8.2915,8.4607,0.3466,46,506,0.05
2023-01-20,97.02,90,0.08,put,0.6334,0.6368,0.6305,0.6431,0.2826,57,399,0.05
2023-01-20,97.02,95,0.08,call,4.7529,4.8493,4.8018,4.8968,0.3167,54,702,0.05
2023-01-20,97.02,95,0.08,put,2.1633,2.1831,2.1615,2.2047,0.2979,55,550,0.05
2023-01-20,97.02,100,0.08,call,2.2314,2.2303,2.2079,2.2526,0.3037,46,828,0.05
2023-01-20,97.02,100,0.08,put,4.8962,4.9614,4.9124,5.0103,0.3112,48,720,0.05
2023-01-20,97.02,105,0.08,call,0.5407,0.5397,0.5343,0.5451,0.2522,42,420,0.05
2023-01-20,97.02,105,0.08,put,7.8855,7.78,7.7011,7.8588,0.2151,47,470,0.05
2023-01-20,97.02,110,0.08,call,0.1157,0.1135,0.1124,0.1147,0.2456,40,480,0.05
2023-01-20,97.02,110,0.08,put,12.7693,12.7454,12.6177,12.8731,0.281,46,644,0.05
2023-01-20,97.02,90,0.25,call,9.3571,9.4115,9.318,9.5051,0.2191,46,230,0.05
2023-01-20,97.02,90,0.25,put,1.5098,1.5316,1.5165,1.5467,0.2398,38,494,0.05
2023-01-20,97.02,95,0.25,call,5.2668,5.1793,5.1267,5.232,0.1806,51,918,0.05
2023-01-20,97.02,95,0.25,put,5.0086,5.0128,4.9627,5.0629,0.341,41,656,0.05
2023-01-20,97.02,100,0.25,call,5.419,5.38,5.3258,5.4342,0.3205,43,731,0.05
2023-01-20,97.02,100,0.25,put,6.3091,6.2783,6.2152,6.3413,0.2764,52,728,0.05
2023-01-20,97.02,105,0.25,call,1.7692,1.7726,1.7549,1.7903,0.2155,51,714,0.05
2023-01-20,97.02,105,0.25,put,9.8671,10.029,9.9303,10.1277,0.2971,46,598,0.05
2023-01-20,97.02,110,0.25,call,0.8572,0.8507,0.8421,0.8592,0.2172,45,720,0.05
2023-01-20,97.02,110,0.25,put,12.4563,12.5036,12.379,12.6281,0.2156,48,336,0.05
2023-01-20,97.02,90,0.5,call,13.9842,14.0557,13.9158,14.1955,0.3305,55,550,0.05
2023-01-20,97.02,90,0.5,put,4.0698,4.1588,4.1181,4.1995,0.3015,54,972,0.05
2023-01-20,97.02,95,0.5,call,9.7712,9.6913,9.5936,9.789,0.2766,54,432,0.05
2023-01-20,97.02,95,0.5,put,3.9414,3.9656,3.9262,4.005,0.2195,56,448,0.05
2023-01-20,97.02,100,0.5,call,7.318,7.2442,7.1711,7.3174,0.2764,44,528,0.05
2023-01-20,97.02,100,0.5,put,4.4281,4.4446,4.4003,4.4889,0.1519,48,576,0.05
2023-01-20,97.02,105,0.5,call,5.2832,5.3187,5.2658,5.3715,0.2735,57,570,0.05
2023-01-20,97.02,105,0.5,put,9.6546,9.8911,9.7945,9.9876,0.2354,44,308,0.05
2023-01-20,97.02,110,0.5,call,1.8248,1.8241,1.8058,1.8423,0.1912,53,1007,0.05
2023-01-20,97.02,110,0.5,put,13.2962,13.2648,13.1318,13.3978,0.2433,58,464,0.05
2023-01-21,94.89,90,0.08,call,5.834,5.8965,5.8381,5.9548,0.2236,52,728,0.05
2023-01-21,94.89,90,0.08,put,1.6121,1.6013,1.5852,1.6174,0.351,52,312,0.05
2023-01-21,94.89,95,0.08,call,2.7182,2.696,2.6688,2.7232,0.2415,44,528,0.05
2023-01-21,94.89,95,0.08,put,3.3586,3.3087,3.2751,3.3423,0.3266,52,468,0.05
2023-01-21,94.89,100,0.08,call,0.4519,0.457,0.4525,0.4615,0.1801,54,810,0.05
2023-01-21,94.89,100,0.08,put,5.9621,6.0181,5.9584,6.0777,0.2775,52,780,0.05
2023-01-21,94.89,105,0.08,call,0.2004,0.2024,0.2004,0.2044,0.2323,43,473,0.05
2023-01-21,94.89,105,0.08,put,10.3239,10.1994,10.0961,10.3026,0.3171,52,988,0.05
2023-01-21,94.89,110,0.08,call,0.0874,0.088,0.0871,0.0888,0.2687,32,160,0.05
2023-01-21,94.89,110,0.08,put,14.7234,14.9522,14.805,15.0995,0.2467,53,954,0.05
2023-01-21,94.89,90,0.25,call,8.8885,8.9101,8.8212,8.999,0.2927,51,306,0.05
2023-01-21,94.89,90,0.25,put,2.7694,2.7736,2.7459,2.8013,0.2859,51,510,0.05
2023-01-21,94.89,95,0.25,call,5.9718,5.9491,5.8894,6.0088,0.2883,52,936,0.05
2023-01-21,94.89,95,0.25,put,4.3532,4.3039,4.2604,4.3475,0.2589,43,516,0.05
2023-01-21,94.89,100,0.25,call,3.7081,3.6857,3.6486,3.7228,0.2811,53,689,0.05
2023-01-21,94.89,100,0.25,put,6.4254,6.502,6.4377,6.5662,0.2182,35,385,0.05
2023-01-21,94.89,105,0.25,call,1.6481,1.6149,1.5984,1.6314,0.244,51,867,0.05
2023-01-21,94.89,105,0.25,put,9.6622,9.6423,9.5456,9.7389,0.1874,35,210,0.05
2023-01-21,94.89,110,0.25,call,0.5208,0.5173,0.5121,0.5225,0.2127,59,1121,0.05
2023-01-21,94.89,110,0.25,put,14.6243,14.3753,14.2291,14.5216,0.2481,52,624,0.05
2023-01-21,94.89,90,0.5,call,10.0674,10.0222,9.9215,10.1229,0.2269,46,368,0.05
2023-01-21,94.89,90,0.5,put,4.78,4.8084,4.7606,4.8562,0.3045,41,779,0.05
2023-01-21,94.89,95,0.5,call,7.0542,7.1142,7.0437,7.1848,0.2221,42,588,0.05
2023-01-21,94.89,95,0.5,put,7.5077,7.4202,7.3451,7.4952,0.325,53,954,0.05
2023-01-21,94.89,100,0.5,call,5.5606,5.5516,5.496,5.6073,0.2509,54,324,0.05
2023-01-21,94.89,100,0.5,put,9.5637,9.73,9.6344,9.8257,0.3018,51,612,0.05
2023-01-21,94.89,105,0.5,call,3.4202,3.3833,3.3491,3.4175,0.2339,31,527,0.05
2023-01-21,94.89,105,0.5,put,12.0924,11.9492,11.8283,12.0701,0.2795,47,893,0.05
2023-01-21,94.89,110,0.5,call,2.0247,2.062,2.0417,2.0822,0.225,49,294,0.05
2023-01-21,94.89,110,0.5,put,15.6321,15.6905,15.5342,15.8468,0.2793,44,528,0.05
2023-01-22,97.11,90,0.08,call,7.7183,7.7385,7.6613,7.8157,0.2146,50,950,0.05
2023-01-22,97.11,90,0.08,put,0.141,0.1416,0.1402,0.143,0.1872,62,930,0.05
2023-01-22,97.11,95,0.08,call,4.0885,4.0974,4.0565,4.1383,0.2459,43,688,0.05
2023-01-22,97.11,95,0.08,put,1.0948,1.0666,1.0556,1.0775,0.1951,61,610,0.05
2023-01-22,97.11,100,0.08,call,1.5733,1.5743,1.5586,1.5901,0.2373,41,287,0.05
2023-01-22,97.11,100,0.08,put,4.4271,4.4819,4.4376,4.5261,0.2723,51,408,0.05
2023-01-22,97.11,105,0.08,call,0.2845,0.2813,0.2785,0.2842,0.2062,43,731,0.05
2023-01-22,97.11,105,0.08,put,8.2494,8.3608,8.2783,8.4433,0.2841,34,170,0.05
2023-01-22,97.11,110,0.08,call,0.4608,0.4602,0.4556,0.4648,0.3331,44,616,0.05
2023-01-22,97.11,110,0.08,put,12.4739,12.4916,12.3669,12.6164,0.1908,59,1003,0.05
2023-01-22,97.11,90,0.25,call,10.2879,10.0576,9.9547,10.1605,0.2787,54,324,0.05
2023-01-22,97.11,90,0.25,put,0.3524,0.3527,0.3492,0.3562,0.144,46,276,0.05
2023-01-22,97.11,95,0.25,call,8.07,8.0216,7.9409,8.1023,0.3306,50,650,0.05
2023-01-22,97.11,95,0.25,put,2.2866,2.3217,2.2988,2.3446,0.1945,40,720,0.05
2023-01-22,97.11,100,0.25,call,3.9299,3.848,3.8087,3.8873,0.2411,58,406,0.05
2023-01-22,97.11,100,0.25,put,7.4165,7.3588,7.2846,7.433,0.3362,46,782,0.05
2023-01-22,97.11,105,0.25,call,2.9976,3.0051,2.9751,3.035,0.2847,44,220,0.05
2023-01-22,97.11,105,0.25,put,8.2131,8.1101,8.028,8.1922,0.2053,34,646,0.05
2023-01-22,97.11,110,0.25,call,1.6224,1.6105,1.5943,1.6268,0.2731,50,550,0.05
2023-01-22,97.11,110,0.25,put,13.3635,13.337,13.2034,13.4706,0.2879,43,301,0.05
2023-01-22,97.11,90,0.5,call,12.9197,13.1179,12.9887,13.2471,0.2816,43,215,0.05
2023-01-22,97.11,90,0.5,put,3.0287,2.9913,2.961,3.0216,0.2569,50,600,0.05
2023-01-22,97.11,95,0.5,call,7.8652,7.9336,7.8549,8.0122,0.1998,55,825,0.05
2023-01-22,97.11,95,0.5,put,4.1041,4.0811,4.04,4.1221,0.2272,54,432,0.05
2023-01-22,97.11,100,0.5,call,3.8791,3.8368,3.7981,3.8756,0.1489,37,185,0.05
2023-01-22,97.11,100,0.5,put,5.316,5.3335,5.2804,5.3867,0.186,64,640,0.05
2023-01-22,97.11,105,0.5,call,4.7292,4.7446,4.6973,4.7918,0.2514,47,658,0.05
2023-01-22,97.11,105,0.5,put,8.4701,8.4925,8.4078,8.5772,0.1926,44,528,0.05
2023-01-22,97.11,110,0.5,call,4.1262,4.1495,4.1083,4.1908,0.2863,32,512,0.05
2023-01-22,97.11,110,0.5,put,14.2655,14.2091,14.0665,14.3518,0.285,51,306,0.05
2023-01-23,96.77,90,0.08,call,7.7793,7.8676,7.7899,7.9454,0.2788,44,792,0.05
2023-01-23,96.77,90,0.08,put,0.192,0.1922,0.1903,0.1942,0.1947,57,513,0.05
2023-01-23,96.77,95,0.08,call,4.229,4.2387,4.1965,4.281,0.2808,45,630,0.05
2023-01-23,96.77,95,0.08,put,2.6475,2.6585,2.632,2.6849,0.3356,53,742,0.05
2023-01-23,96.77,100,0.08,call,1.258,1.2695,1.2569,1.282,0.2178,46,368,0.05
2023-01-23,96.77,100,0.08,put,4.4629,4.4222,4.3775,4.4668,0.2553,59,413,0.05
2023-01-23,96.77,105,0.08,call,0.5505,0.5582,0.5527,0.5637,0.2594,63,945,0.05
2023-01-23,96.77,105,0.08,put,7.8583,7.8487,7.7701,7.9273,0.1475,50,600,0.05
2023-01-23,96.77,110,0.08,call,0.1282,0.1284,0.1271,0.1297,0.2547,41,246,0.05
2023-01-23,96.77,110,0.08,put,12.8252,12.8795,12.7512,13.0077,0.2082,36,540,0.05
2023-01-23,96.77,90,0.25,call,11.2323,11.2764,11.1641,11.3888,0.354,43,774,0.05
2023-01-23,96.77,90,0.25,put,2.9411,2.885,2.8556,2.9144,0.3295,33,528,0.05
2023-01-23,96.77,95,0.25,call,5.5848,5.5008,5.4449,5.5566,0.207,41,574,0.05
2023-01-23,96.77,95,0.25,put,3.5331,3.5483,3.513,3.5836,0.2563,49,588,0.05
2023-01-23,96.77,100,0.25,call,4.3609,4.3093,4.2656,4.3529,0.2717,58,986,0.05
2023-01-23,96.77,100,0.25,put,6.1176,6.09,6.0288,6.1512,0.2599,47,470,0.05
2023-01-23,96.77,105,0.25,call,2.7565,2.7772,2.7496,2.8047,0.2776,44,704,0.05
2023-01-23,96.77,105,0.25,put,9.8075,9.8404,9.7423,9.9385,0.2849,47,282,0.05
2023-01-23,96.77,110,0.25,call,2.6984,2.7,2.673,2.727,0.3479,51,816,0.05
2023-01-23,96.77,110,0.25,put,13.3957,13.4314,13.2975,13.5654,0.2723,60,300,0.05
2023-01-23,96.77,90,0.5,call,10.9834,10.849,10.7391,10.9588,0.2046,32,544,0.05
2023-01-23,96.77,90,0.5,put,3.7279,3.6767,3.6395,3.714,0.2838,38,646,0.05
2023-01-23,96.77,95,0.5,call,8.0196,8.2067,8.1265,8.2869,0.2145,45,810,0.05
2023-01-23,96.77,95,0.5,put,7.3523,7.3246,7.2511,7.3982,0.3478,58,986,0.05
2023-01-23,96.77,100,0.5,call,5.994,5.9999,5.94,6.0599,0.2325,54,648,0.05
2023-01-23,96.77,100,0.5,put,5.1573,5.2479,5.1963,5.2994,0.1741,67,804,0.05
2023-01-23,96.77,105,0.5,call,4.5773,4.575,4.5292,4.6208,0.2509,46,322,0.05
2023-01-23,96.77,105,0.5,put,9.343,9.3176,9.2241,9.411,0.218,46,828,0.05
2023-01-23,96.77,110,0.5,call,2.4072,2.4128,2.3888,2.4369,0.22,47,846,0.05
2023-01-23,96.77,110,0.5,put,13.3279,13.3617,13.2285,13.495,0.2376,46,874,0.05
2023-01-24,96.88,90,0.08,call,7.5946,7.7731,7.6972,7.849,0.2314,44,528,0.05
2023-01-24,96.88,90,0.08,put,0.0097,0.0096,0.0095,0.0097,0.1168,53,530,0.05
2023-01-24,96.88,95,0.08,call,4.1969,4.1869,4.1449,4.2289,0.271,41,451,0.05
2023-01-24,96.88,95,0.08,put,2.3825,2.3843,2.3605,2.4081,0.3143,53,265,0.05
2023-01-24,96.88,100,0.08,call,1.45,1.436,1.4215,1.4505,0.2332,48,528,0.05
2023-01-24,96.88,100,0.08,put,4.0215,3.9748,3.9345,4.015,0.2188,42,546,0.05
2023-01-24,96.88,105,0.08,call,0.4202,0.423,0.4188,0.4272,0.2358,52,988,0.05
2023-01-24,96.88,105,0.08,put,8.5027,8.4064,8.3213,8.4914,0.2933,43,387,0.05
2023-01-24,96.88,110,0.08,call,0.1697,0.1695,0.1678,0.1712,0.2672,42,252,0.05
2023-01-24,96.88,110,0.08,put,12.8356,12.8177,12.6893,12.946,0.2637,31,155,0.05
2023-01-24,96.88,90,0.25,call,10.2423,10.1714,10.069,10.2739,0.287,43,688,0.05
2023-01-24,96.88,90,0.25,put,2.4776,2.4861,2.4613,2.5109,0.3023,49,735,0.05
2023-01-24,96.88,95,0.25,call,6.3718,6.4715,6.4078,6.5352,0.2463,41,779,0.05
2023-01-24,96.88,95,0.25,put,3.754,3.7503,3.7127,3.7878,0.2706,44,396,0.05
2023-01-24,96.88,100,0.25,call,3.4159,3.3667,3.3325,3.4008,0.2199,45,495,0.05
2023-01-24,96.88,100,0.25,put,6.6949,6.6942,6.6272,6.7611,0.2929,48,384,0.05
2023-01-24,96.88,105,0.25,call,1.7581,1.7669,1.7493,1.7845,0.2171,42,378,0.05
2023-01-24,96.88,105,0.25,put,10.7726,10.7073,10.5995,10.815,0.3421,40,320,0.05
2023-01-24,96.88,110,0.25,call,1.5668,1.5513,1.5356,1.567,0.2728,39,702,0.05
2023-01-24,96.88,110,0.25,put,12.8387,13.04,12.9116,13.1684,0.2378,40,680,0.05
2023-01-24,96.88,90,0.5,call,11.1176,10.9738,10.8626,11.0849,0.207,45,315,0.05
2023-01-24,96.88,90,0.5,put,1.6326,1.6087,1.5923,1.625,0.1883,52,676,0.05
2023-01-24,96.88,95,0.5,call,8.3564,8.2766,8.1931,8.3602,0.2249,51,408,0.05
2023-01-24,96.88,95,0.5,put,4.9132,4.8947,4.8456,4.9439,0.2555,57,741,0.05
2023-01-24,96.88,100,0.5,call,6.2464,6.3879,6.3255,6.4504,0.2397,48,288,0.05
2023-01-24,96.88,100,0.5,put,7.3335,7.3858,7.3125,7.4591,0.2558,58,522,0.05
2023-01-24,96.88,105,0.5,call,2.1589,2.1228,2.1012,2.1444,0.1558,39,429,0.05
2023-01-24,96.88,105,0.5,put,9.4168,9.4793,9.3851,9.5734,0.2234,43,688,0.05
2023-01-24,96.88,110,0.5,call,2.2951,2.2919,2.269,2.3149,0.2138,38,570,0.05
2023-01-24,96.88,110,0.5,put,13.2065,13.4267,13.2946,13.5587,0.2357,50,900,0.05
2023-01-25,94.74,90,0.08,call,6.5343,6.4685,6.4032,6.5339,0.3262,64,768,0.05
2023-01-25,94.74,90,0.08,put,0.6786,0.6731,0.6663,0.6799,0.2328,35,350,0.05
2023-01-25,94.74,95,0.08,call,3.1101,3.1217,3.0906,3.1528,0.2855,43,688,0.05
2023-01-25,94.74,95,0.08,put,2.2396,2.2303,2.2079,2.2527,0.2153,45,720,0.05
2023-01-25,94.74,100,0.08,call,0.2344,0.236,0.2336,0.2383,0.1487,54,324,0.05
2023-01-25,94.74,100,0.08,put,6.322,6.3359,6.2726,6.3991,0.3053,51,612,0.05
2023-01-25,94.74,105,0.08,call,0.276,0.278,0.2753,0.2808,0.2539,56,336,0.05
2023-01-25,94.74,105,0.08,put,9.8498,9.8327,9.7342,9.9312,0.1447,39,312,0.05
2023-01-25,94.74,110,0.08,call,0.1246,0.1257,0.1245,0.127,0.2886,41,328,0.05
2023-01-25,94.74,110,0.08,put,14.9358,14.9185,14.7691,15.0678,0.2851,39,468,0.05
2023-01-25,94.74,90,0.25,call,8.2922,8.2787,8.1958,8.3616,0.2626,60,1020,0.05
2023-01-25,94.74,90,0.25,put,1.4137,1.4013,1.3872,1.4154,0.1974,38,722,0.05
2023-01-25,94.74,95,0.25,call,4.8201,4.7231,4.6749,4.7713,0.2311,60,900,0.05
2023-01-25,94.74,95,0.25,put,4.2413,4.2683,4.2259,4.3107,0.2494,51,918,0.05
2023-01-25,94.74,100,0.25,call,2.7795,2.812,2.7842,2.8398,0.2336,67,871,0.05
2023-01-25,94.74,100,0.25,put,7.2153,7.3114,7.2392,7.3836,0.2567,47,423,0.05
2023-01-25,94.74,105,0.25,call,1.8762,1.8501,1.8313,1.8689,0.2613,37,407,0.05
2023-01-25,94.74,105,0.25,put,10.2192,10.2125,10.1103,10.3147,0.2202,36,288,0.05
2023-01-25,94.74,110,0.25,call,1.0671,1.0807,1.07,1.0914,0.2664,42,210,0.05
2023-01-25,94.74,110,0.25,put,14.965,15.1367,14.9871,15.2864,0.2669,47,235,0.05
2023-01-25,94.74,90,0.5,call,10.4571,10.3612,10.2566,10.4657,0.2483,51,867,0.05
2023-01-25,94.74,90,0.5,put,3.9174,3.948,3.9088,3.9872,0.2663,38,646,0.05
2023-01-25,94.74,95,0.5,call,6.88,7.0235,6.9547,7.0923,0.2188,58,464,0.05
2023-01-25,94.74,95,0.5,put,4.2844,4.3375,4.2946,4.3803,0.1993,45,765,0.05
2023-01-25,94.74,100,0.5,call,9.052,8.9748,8.8842,9.0653,0.3842,35,560,0.05
2023-01-25,94.74,100,0.5,put,8.3702,8.3073,8.2236,8.391,0.2543,33,495,0.05
2023-01-25,94.74,105,0.5,call,3.7134,3.7133,3.6762,3.7504,0.2478,52,520,0.05
2023-01-25,94.74,105,0.5,put,10.7044,10.601,10.494,10.7081,0.2205,39,429,0.05
2023-01-25,94.74,110,0.5,call,3.0079,2.9923,2.9622,3.0224,0.2713,39,702,0.05
2023-01-25,94.74,110,0.5,put,17.645,17.7265,17.55,17.9029,0.3582,46,598,0.05
2023-01-26,93.94,90,0.08,call,5.2161,5.2488,5.1966,5.3009,0.2415,53,848,0.05
2023-01-26,93.94,90,0.08,put,1.0652,1.0675,1.0569,1.0782,0.2593,36,288,0.05
2023-01-26,93.94,95,0.08,call,1.8154,1.7977,1.7795,1.8158,0.2011,59,767,0.05
2023-01-26,93.94,95,0.08,put,3.0124,2.9584,2.9283,2.9885,0.2499,53,424,0.05
2023-01-26,93.94,100,0.08,call,0.3188,0.3157,0.3125,0.3189,0.1822,47,235,0.05
2023-01-26,93.94,100,0.08,put,5.7712,5.9123,5.8546,5.97,0.1379,51,408,0.05
2023-01-26,93.94,105,0.08,call,0.1136,0.1127,0.1115,0.1138,0.2229,51,408,0.05
2023-01-26,93.94,105,0.08,put,10.7597,10.9927,10.8851,11.1003,0.2248,56,952,0.05
2023-01-26,93.94,110,0.08,call,0.1411,0.1399,0.1384,0.1413,0.3095,45,810,0.05
2023-01-26,93.94,110,0.08,put,15.6263,15.5842,15.4279,15.7404,0.1986,54,810,0.05
2023-01-26,93.94,90,0.25,call,7.2859,7.4296,7.3567,7.5025,0.2355,55,440,0.05
2023-01-26,93.94,90,0.25,put,1.3635,1.355,1.3414,1.3687,0.1807,47,893,0.05
2023-01-26,93.94,95,0.25,call,3.7959,3.8171,3.7792,3.8551,0.1996,50,450,0.05
2023-01-26,93.94,95,0.25,put,3.8584,3.8737,3.8352,3.9123,0.2093,52,520,0.05
2023-01-26,93.94,100,0.25,call,2.342,2.3262,2.3028,2.3496,0.2255,48,432,0.05
2023-01-26,93.94,100,0.25,put,7.235,7.2221,7.1498,7.2945,0.2298,57,855,0.05
2023-01-26,93.94,105,0.25,call,0.6359,0.6379,0.6316,0.6443,0.1822,44,440,0.05
2023-01-26,93.94,105,0.25,put,12.1853,11.8886,11.7668,12.0105,0.3104,56,896,0.05
2023-01-26,93.94,110,0.25,call,0.175,0.175,0.1732,0.1767,0.1745,52,468,0.05
2023-01-26,93.94,110,0.25,put,15.2939,15.0577,14.9048,15.2107,0.2333,48,816,0.05
2023-01-26,93.94,90,0.5,call,10.1016,10.0148,9.9138,10.1158,0.2566,51,510,0.05
2023-01-26,93.94,90,0.5,put,4.7561,4.6168,4.5692,4.6644,0.2907,47,376,0.05
2023-01-26,93.94,95,0.5,call,9.914,9.8911,9.7919,9.9902,0.3526,43,387,0.05
2023-01-26,93.94,95,0.5,put,5.9326,6.0574,5.9981,6.1167,0.2494,58,754,0.05
2023-01-26,93.94,100,0.5,call,5.8838,5.9218,5.863,5.9806,0.2798,53,583,0.05
2023-01-26,93.94,100,0.5,put,9.6711,9.7656,9.6689,9.8624,0.2872,37,481,0.05
2023-01-26,93.94,105,0.5,call,1.1161,1.1143,1.1031,1.1254,0.1447,53,424,0.05
2023-01-26,93.94,105,0.5,put,11.4472,11.407,11.2925,11.5215,0.2291,66,1122,0.05
2023-01-26,93.94,110,0.5,call,2.3795,2.3718,2.348,2.3956,0.2529,38,228,0.05
2023-01-26,93.94,110,0.5,put,15.437,15.2927,15.1383,15.4471,0.2393,41,697,0.05
2023-01-27,94.11,90,0.08,call,5.5039,5.4545,5.3995,5.5095,0.2606,44,440,0.05
2023-01-27,94.11,90,0.08,put,0.4525,0.4521,0.4476,0.4566,0.1844,52,520,0.05
2023-01-27,94.11,95,0.08,call,3.3478,3.3645,3.331,3.398,0.3379,46,736,0.05
2023-01-27,94.11,95,0.08,put,2.641,2.6206,2.5942,2.6471,0.2233,50,900,0.05
2023-01-27,94.11,100,0.08,call,1.4135,1.4158,1.4016,1.4299,0.3198,40,400,0.05
2023-01-27,94.11,100,0.08,put,6.1684,6.1994,6.1377,6.2611,0.2317,53,954,0.05
2023-01-27,94.11,105,0.08,call,0.0015,0.0014,0.0014,0.0015,0.1253,38,380,0.05
2023-01-27,94.11,105,0.08,put,11.1536,11.3062,11.1947,11.4177,0.3442,47,846,0.05
2023-01-27,94.11,110,0.08,call,0.0041,0.0041,0.0041,0.0041,0.1916,40,440,0.05
2023-01-27,94.11,110,0.08,put,15.5271,15.8526,15.6973,16.0078,0.276,39,468,0.05
2023-01-27,94.11,90,0.25,call,8.9824,8.9659,8.8761,9.0557,0.3297,46,598,0.05
2023-01-27,94.11,90,0.25,put,1.1122,1.1195,1.1084,1.1307,0.1665,52,572,0.05
2023-01-27,94.11,95,0.25,call,5.6039,5.6369,5.5809,5.693,0.2914,36,216,0.05
2023-01-27,94.11,95,0.25,put,4.2942,4.2152,4.1723,4.2581,0.2369,55,990,0.05
2023-01-27,94.11,100,0.25,call,2.8061,2.7872,2.7592,2.8153,0.2484,46,322,0.05
2023-01-27,94.11,100,0.25,put,7.5822,7.5794,7.5035,7.6552,0.2556,51,306,0.05
2023-01-27,94.11,105,0.25,call,1.5831,1.6018,1.5859,1.6176,0.2525,50,650,0.05
2023-01-27,94.11,105,0.25,put,11.4934,11.3474,11.2325,11.4624,0.2742,42,462,0.05
2023-01-27,94.11,110,0.25,call,0.9419,0.9313,0.9219,0.9408,0.2643,47,470,0.05
2023-01-27,94.11,110,0.25,put,14.6003,14.4945,14.3485,14.6405,0.1491,34,612,0.05
2023-01-27,94.11,90,0.5,call,10.2986,10.3614,10.2584,10.4643,0.26,52,624,0.05
2023-01-27,94.11,90,0.5,put,5.7242,5.7853,5.7281,5.8426,0.333,63,441,0.05
2023-01-27,94.11,95,0.5,call,8.1205,8.2643,8.1831,8.3455,0.2802,53,1007,0.05
2023-01-27,94.11,95,0.5,put,6.5162,6.5475,6.4823,6.6126,0.2746,45,855,0.05
2023-01-27,94.11,100,0.5,call,5.4382,5.4565,5.4021,5.5109,0.2599,44,748,0.05
2023-01-27,94.11,100,0.5,put,8.2958,8.1453,8.0624,8.2283,0.2386,61,671,0.05
2023-01-27,94.11,105,0.5,call,2.281,2.2626,2.2398,2.2854,0.1971,50,900,0.05
2023-01-27,94.11,105,0.5,put,9.8734,9.9589,9.8602,10.0576,0.1654,39,312,0.05
2023-01-27,94.11,110,0.5,call,2.0625,2.0421,2.0215,2.0628,0.2359,48,528,0.05
2023-01-27,94.11,110,0.5,put,15.2338,15.4454,15.2931,15.5978,0.2358,42,630,0.05
2023-01-28,92.43,90,0.08,call,4.5817,4.6408,4.595,4.6866,0.2906,44,308,0.05
2023-01-28,92.43,90,0.08,put,1.7724,1.787,1.7693,1.8047,0.2882,56,392,0.05
2023-01-28,92.43,95,0.08,call,1.7075,1.7018,1.6847,1.7188,0.2523,67,469,0.05
2023-01-28,92.43,95,0.08,put,4.0634,4.0697,4.0291,4.1103,0.2685,45,270,0.05
2023-01-28,92.43,100,0.08,call,0.5408,0.5461,0.5407,0.5516,0.2555,58,986,0.05
2023-01-28,92.43,100,0.08,put,7.5108,7.5342,7.4591,7.6094,0.2207,44,264,0.05
2023-01-28,92.43,105,0.08,call,0.1683,0.1686,0.1669,0.1703,0.2704,43,516,0.05
2023-01-28,92.43,105,0.08,put,12.3153,12.2226,12.0995,12.3458,0.2682,42,630,0.05
2023-01-28,92.43,110,0.08,call,0.0038,0.0038,0.0037,0.0038,0.2106,47,564,0.05
2023-01-28,92.43,110,0.08,put,17.1654,17.098,16.9264,17.2697,0.267,50,850,0.05
2023-01-28,92.43,90,0.25,call,7.1076,7.1808,7.1097,7.2519,0.2846,54,810,0.05
2023-01-28,92.43,90,0.25,put,3.7188,3.6666,3.6294,3.7038,0.2936,43,473,0.05
2023-01-28,92.43,95,0.25,call,4.9046,4.9212,4.8722,4.9703,0.3003,51,408,0.05
2023-01-28,92.43,95,0.25,put,5.0628,4.9747,4.9241,5.0253,0.2333,49,343,0.05
2023-01-28,92.43,100,0.25,call,2.8437,2.8268,2.7984,2.8553,0.2852,56,952,0.05
2023-01-28,92.43,100,0.25,put,8.8439,8.7748,8.6864,8.8633,0.2657,51,306,0.05
2023-01-28,92.43,105,0.25,call,0.9224,0.9323,0.923,0.9415,0.2288,42,798,0.05
2023-01-28,92.43,105,0.25,put,13.4709,13.479,13.3443,13.6137,0.3226,40,760,0.05
2023-01-28,92.43,110,0.25,call,0.7375,0.7274,0.7201,0.7348,0.2674,44,748,0.05
2023-01-28,92.43,110,0.25,put,16.3675,16.2577,16.094,16.4213,0.1873,42,378,0.05
2023-01-28,92.43,90,0.5,call,8.7822,8.8696,8.7818,8.9574,0.2435,48,432,0.05
2023-01-28,92.43,90,0.5,put,6.374,6.4015,6.3377,6.4652,0.3352,41,451,0.05
2023-01-28,92.43,95,0.5,call,7.5459,7.5522,7.4768,7.6277,0.2939,46,506,0.05
2023-01-28,92.43,95,0.5,put,8.7756,8.7341,8.6463,8.8218,0.3326,51,714,0.05
2023-01-28,92.43,100,0.5,call,5.3152,5.2772,5.224,5.3303,0.284,39,234,0.05
2023-01-28,92.43,100,0.5,put,10.2138,10.1195,10.0173,10.2216,0.2761,53,901,0.05
2023-01-28,92.43,105,0.5,call,3.8962,3.8482,3.8092,3.8871,0.2884,49,637,0.05
2023-01-28,92.43,105,0.5,put,11.3642,11.3963,11.2827,11.51,0.1755,36,216,0.05
2023-01-28,92.43,110,0.5,call,2.1226,2.1492,2.128,2.1705,0.2584,41,451,0.05
2023-01-28,92.43,110,0.5,put,16.3871,16.4197,16.2558,16.5836,0.2276,50,900,0.05
2023-01-29,92.98,90,0.08,call,4.6589,4.649,4.6024,4.6956,0.2583,44,792,0.05
2023-01-29,92.98,90,0.08,put,1.9401,1.96,1.9406,1.9794,0.3252,45,585,0.05
2023-01-29,92.98,95,0.08,call,1.7603,1.772,1.7544,1.7896,0.2357,46,460,0.05
2023-01-29,92.98,95,0.08,put,3.2621,3.2659,3.2333,3.2985,0.2224,43,559,0.05
2023-01-29,92.98,100,0.08,call,0.2663,0.2645,0.2619,0.2672,0.1942,46,368,0.05
2023-01-29,92.98,100,0.08,put,6.7643,6.8058,6.7381,6.8734,0.1668,49,882,0.05
2023-01-29,92.98,105,0.08,call,0.2744,0.274,0.2712,0.2767,0.2897,43,559,0.05
2023-01-29,92.98,105,0.08,put,11.6961,11.581,11.4641,11.698,0.2337,43,258,0.05
2023-01-29,92.98,110,0.08,call,0.0859,0.0863,0.0854,0.0871,0.2995,45,315,0.05
2023-01-29,92.98,110,0.08,put,16.5888,16.8724,16.7065,17.0383,0.2266,36,360,0.05
2023-01-29,92.98,90,0.25,call,6.7308,6.7313,6.664,6.7986,0.2416,61,671,0.05
2023-01-29,92.98,90,0.25,put,2.4978,2.4991,2.4741,2.5241,0.2337,50,850,0.05
2023-01-29,92.98,95,0.25,call,4.4734,4.5151,4.4704,4.5599,0.2621,42,588,0.05
2023-01-29,92.98,95,0.25,put,3.0169,3.0098,2.9796,3.04,0.1383,58,754,0.05
2023-01-29,92.98,100,0.25,call,1.3259,1.3127,1.2995,1.326,0.1819,50,300,0.05
2023-01-29,92.98,100,0.25,put,8.5689,8.5156,8.4299,8.6012,0.271,64,1216,0.05
2023-01-29,92.98,105,0.25,call,0.9419,0.9406,0.9312,0.95,0.2223,30,450,0.05
2023-01-29,92.98,105,0.25,put,12.2911,12.2419,12.119,12.3648,0.2706,53,1007,0.05
2023-01-29,92.98,110,0.25,call,0.7712,0.7823,0.7745,0.79,0.2635,43,473,0.05
2023-01-29,92.98,110,0.25,put,17.0499,17.0974,16.9269,17.2679,0.3192,51,255,0.05
2023-01-29,92.98,90,0.5,call,10.3469,10.5425,10.439,10.646,0.2931,62,868,0.05
2023-01-29,92.98,90,0.5,put,4.9231,4.984,4.9348,5.0332,0.2841,47,658,0.05
2023-01-29,92.98,95,0.5,call,7.1979,7.2031,7.1312,7.2751,0.269,51,663,0.05
2023-01-29,92.98,95,0.5,put,6.6542,6.7611,6.6945,6.8276,0.2607,54,810,0.05
2023-01-29,92.98,100,0.5,call,4.8863,4.8607,4.8118,4.9096,0.2581,39,741,0.05
2023-01-29,92.98,100,0.5,put,9.8645,9.8267,9.7281,9.9254,0.2747,36,540,0.05
2023-01-29,92.98,105,0.5,call,1.6932,1.6956,1.6787,1.7125,0.1843,41,697,0.05
2023-01-29,92.98,105,0.5,put,11.9215,11.7512,11.632,11.8704,0.2211,48,624,0.05
2023-01-29,92.98,110,0.5,call,2.3105,2.3104,2.2873,2.3335,0.2611,35,175,0.05
2023-01-29,92.98,110,0.5,put,16.1693,16.1973,16.0356,16.359,0.2392,46,414,0.05
2023-01-30,92.11,90,0.08,call,3.5403,3.5758,3.5404,3.6112,0.2022,51,306,0.05
2023-01-30,92.11,90,0.08,put,1.5718,1.5573,1.5415,1.573,0.2561,52,936,0.05
2023-01-30,92.11,95,0.08,call,2.0979,2.0824,2.0614,2.1034,0.3035,52,676,0.05
2023-01-30,92.11,95,0.08,put,4.6658,4.6654,4.6188,4.7121,0.3096,38,532,0.05
2023-01-30,92.11,100,0.08,call,0.0533,0.0534,0.0529,0.054,0.1505,47,282,0.05
2023-01-30,92.11,100,0.08,put,7.9169,7.9253,7.8462,8.0045,0.2449,44,528,0.05
2023-01-30,92.11,105,0.08,call,0.2156,0.2138,0.2117,0.216,0.2912,54,432,0.05
2023-01-30,92.11,105,0.08,put,12.4688,12.5258,12.4011,12.6505,0.1546,43,516,0.05
2023-01-30,92.11,110,0.08,call,0.0886,0.0883,0.0874,0.0892,0.3156,29,406,0.05
2023-01-30,92.11,110,0.08,put,17.5175,17.3371,17.1619,17.5123,0.3047,46,506,0.05
2023-01-30,92.11,90,0.25,call,8.41,8.435,8.3509,8.5191,0.37,43,602,0.05
2023-01-30,92.11,90,0.25,put,4.4914,4.488,4.443,4.5329,0.3311,39,546,0.05
2023-01-30,92.11,95,0.25,call,3.5534,3.5503,3.5148,3.5859,0.2349,49,784,0.05
2023-01-30,92.11,95,0.25,put,6.038,6.1747,6.1143,6.235,0.2774,54,486,0.05
2023-01-30,92.11,100,0.25,call,2.7174,2.7379,2.7107,2.7651,0.2841,56,448,0.05
2023-01-30,92.11,100,0.25,put,7.8755,8.0257,7.947,8.1045,0.1906,57,399,0.05
2023-01-30,92.11,105,0.25,call,1.0777,1.0912,1.0804,1.102,0.2464,34,340,0.05
2023-01-30,92.11,105,0.25,put,11.9962,11.8084,11.6884,11.9283,0.1834,39,273,0.05
2023-01-30,92.11,110,0.25,call,1.0425,1.0514,1.041,1.0619,0.3013,33,495,0.05
2023-01-30,92.11,110,0.25,put,16.9207,16.7249,16.5557,16.8941,0.2315,51,459,0.05
2023-01-30,92.11,90,0.5,call,9.8671,10.0826,9.9839,10.1813,0.2962,43,387,0.05
2023-01-30,92.11,90,0.5,put,5.0972,5.1319,5.0809,5.1829,0.2785,55,605,0.05
2023-01-30,92.11,95,0.5,call,6.8913,6.9143,6.8454,6.9832,0.2751,50,650,0.05
2023-01-30,92.11,95,0.5,put,7.0007,7.0413,6.9713,7.1113,0.2585,49,686,0.05
2023-01-30,92.11,100,0.5,call,5.0052,4.9853,4.9353,5.0354,0.2772,54,648,0.05
2023-01-30,92.11,100,0.5,put,8.3578,8.345,8.2614,8.4286,0.1949,47,752,0.05
2023-01-30,92.11,105,0.5,call,0.8104,0.799,0.7909,0.8071,0.147,53,901,0.05
2023-01-30,92.11,105,0.5,put,13.2899,13.3087,13.1758,13.4416,0.2545,55,550,0.05
2023-01-30,92.11,110,0.5,call,0.1766,0.1731,0.1713,0.1749,0.1288,56,616,0.05
2023-01-30,92.11,110,0.5,put,17.8143,17.994,17.8159,18.1721,0.2876,40,720,0.05
2023-01-31,91.7,90,0.08,call,3.26,3.261,3.2284,3.2936,0.2024,55,770,0.05
2023-01-31,91.7,90,0.08,put,1.5278,1.5098,1.4945,1.525,0.2365,42,462,0.05
2023-01-31,91.7,95,0.08,call,2.0308,1.9759,1.9556,1.9962,0.3128,37,592,0.05
2023-01-31,91.7,95,0.08,put,4.0469,4.018,3.9775,4.0584,0.2185,50,700,0.05
2023-01-31,91.7,100,0.08,call,0.2525,0.25,0.2475,0.2526,0.2195,29,522,0.05
2023-01-31,91.7,100,0.08,put,8.361,8.4844,8.4008,8.568,0.2599,49,294,0.05
2023-01-31,91.7,105,0.08,call,0.0279,0.0278,0.0275,0.0281,0.2106,48,864,0.05
2023-01-31,91.7,105,0.08,put,12.8866,13.0427,12.9139,13.1716,0.171,56,616,0.05
2023-01-31,91.7,110,0.08,call,0.0002,0.0002,0.0002,0.0002,0.1726,39,351,0.05
2023-01-31,91.7,110,0.08,put,17.9058,17.7414,17.5624,17.9205,0.2901,39,624,0.05
2023-01-31,91.7,90,0.25,call,5.4876,5.5355,5.4806,5.5904,0.2177,52,884,0.05
2023-01-31,91.7,90,0.25,put,3.2039,3.1699,3.1378,3.2019,0.2485,50,950,0.05
2023-01-31,91.7,95,0.25,call,3.0102,3.0071,2.977,3.0372,0.2153,52,468,0.05
2023-01-31,91.7,95,0.25,put,6.1177,6.1829,6.1217,6.2441,0.2697,46,828,0.05
2023-01-31,91.7,100,0.25,call,1.7737,1.7648,1.747,1.7825,0.2339,58,812,0.05
2023-01-31,91.7,100,0.25,put,10.2631,10.163,10.0603,10.2656,0.3213,44,528,0.05
2023-01-31,91.7,105,0.25,call,1.6511,1.6543,1.6378,1.6708,0.2968,50,400,0.05
2023-01-31,91.7,105,0.25,put,13.2258,13.2042,13.072,13.3365,0.2649,40,360,0.05
2023-01-31,91.7,110,0.25,call,1.3115,1.3114,1.2983,1.3245,0.331,38,418,0.05
2023-01-31,91.7,110,0.25,put,17.4889,17.421,17.2461,17.5959,0.2563,37,296,0.05
2023-01-31,91.7,90,0.5,call,8.0996,8.1319,8.0509,8.2129,0.2347,46,644,0.05
2023-01-31,91.7,90,0.5,put,5.0872,5.0912,5.0404,5.1421,0.2719,38,380,0.05
2023-01-31,91.7,95,0.5,call,6.1101,6.1925,6.1314,6.2536,0.2533,42,714,0.05
2023-01-31,91.7,95,0.5,put,8.9156,8.8176,8.7285,8.9068,0.3249,64,320,0.05
2023-01-31,91.7,100,0.5,call,5.9459,5.9793,5.9198,6.0388,0.321,44,440,0.05
2023-01-31,91.7,100,0.5,put,8.443,8.3602,8.2758,8.4447,0.1873,46,322,0.05
2023-01-31,91.7,105,0.5,call,1.6116,1.6275,1.6114,1.6436,0.1955,51,663,0.05
2023-01-31,91.7,105,0.5,put,13.925,14.0846,13.9453,14.2238,0.2697,44,748,0.05
2023-01-31,91.7,110,0.5,call,1.1156,1.1065,1.0954,1.1177,0.2111,55,330,0.05
2023-01-31,91.7,110,0.5,put,16.5289,16.3187,16.1534,16.484,0.2001,41,615,0.05
2023-02-01,90.84,90,0.08,call,3.1409,3.1479,3.1165,3.1793,0.2451,54,972,0.05
2023-02-01,90.84,90,0.08,put,2.5194,2.4972,2.472,2.5224,0.3028,54,594,0.05
2023-02-01,90.84,95,0.08,call,1.9803,1.9826,1.9628,2.0024,0.3399,40,760,0.05
2023-02-01,90.84,95,0.08,put,4.8985,4.906,4.857,4.955,0.2467,48,576,0.05
2023-02-01,90.84,100,0.08,call,0.2952,0.2888,0.2858,0.2917,0.2479,49,735,0.05
2023-02-01,90.84,100,0.08,put,8.9576,8.8216,8.732,8.9111,0.2244,46,460,0.05
2023-02-01,90.84,105,0.08,call,0.0,0.0,0.0,0.0,0.1185,36,288,0.05
2023-02-01,90.84,105,0.08,put,13.836,13.8014,13.6631,13.9398,0.2706,53,1007,0.05
2023-02-01,90.84,110,0.08,call,0.0155,0.0154,0.0152,0.0155,0.2659,41,369,0.05
2023-02-01,90.84,110,0.08,put,18.7571,18.6759,18.4883,18.8635,0.2966,36,288,0.05
2023-02-01,90.84,90,0.25,call,6.2261,6.2139,6.1516,6.2761,0.2897,57,798,0.05
2023-02-01,90.84,90,0.25,put,2.9767,2.9651,2.9354,2.9949,0.2164,49,735,0.05
2023-02-01,90.84,95,0.25,call,3.1329,3.1416,3.1103,3.1729,0.2426,45,405,0.05
2023-02-01,90.84,95,0.25,put,5.7921,5.8312,5.7733,5.8891,0.2245,49,294,0.05
2023-02-01,90.84,100,0.25,call,1.6824,1.6797,1.6629,1.6965,0.2434,49,686,0.05
2023-02-01,90.84,100,0.25,put,10.43,10.5235,10.4192,10.6278,0.2968,54,864,0.05
2023-02-01,90.84,105,0.25,call,0.9131,0.8857,0.8765,0.8948,0.2511,37,370,0.05
2023-02-01,90.84,105,0.25,put,14.0899,14.1869,14.046,14.3278,0.2786,53,636,0.05
2023-02-01,90.84,110,0.25,call,1.1805,1.1781,1.1663,1.1899,0.332,43,344,0.05
2023-02-01,90.84,110,0.25,put,17.9062,18.2327,18.0536,18.4118,0.1913,41,205,0.05
2023-02-01,90.84,90,0.5,call,7.6468,7.6503,7.5738,7.7267,0.2381,49,245,0.05
2023-02-01,90.84,90,0.5,put,5.5649,5.5881,5.5325,5.6438,0.2779,67,737,0.05
2023-02-01,90.84,95,0.5,call,5.1766,5.1158,5.064,5.1675,0.2336,49,637,0.05
2023-02-01,90.84,95,0.5,put,6.9794,6.9433,6.8735,7.0131,0.2332,45,315,0.05
2023-02-01,90.84,100,0.5,call,3.4538,3.3996,3.365,3.4341,0.2351,54,270,0.05
2023-02-01,90.84,100,0.5,put,12.1863,12.208,12.0861,12.3298,0.3178,55,440,0.05
2023-02-01,90.84,105,0.5,call,0.5907,0.5862,0.5803,0.5921,0.145,46,690,0.05
2023-02-01,90.84,105,0.5,put,13.3417,13.2784,13.1449,13.4118,0.2139,46,690,0.05
2023-02-01,90.84,110,0.5,call,1.2207,1.2325,1.2203,1.2447,0.2265,52,624,0.05
2023-02-01,90.84,110,0.5,put,19.336,19.6514,19.4581,19.8448,0.3152,40,400,0.05
2023-02-02,93.54,90,0.08,call,5.2582,5.2864,5.2339,5.339,0.2811,54,378,0.05
2023-02-02,93.54,90,0.08,put,0.4647,0.4683,0.4636,0.4729,0.1715,46,460,0.05
2023-02-02,93.54,95,0.08,call,1.9939,1.9824,1.9625,2.0024,0.2354,44,836,0.05
2023-02-02,93.54,95,0.08,put,3.0462,2.9982,2.9678,3.0287,0.2324,46,414,0.05
2023-02-02,93.54,100,0.08,call,0.3042,0.3045,0.3014,0.3075,0.1889,55,880,0.05
2023-02-02,93.54,100,0.08,put,7.4081,7.494,7.4199,7.5681,0.3297,51,561,0.05
2023-02-02,93.54,105,0.08,call,0.3633,0.3633,0.3597,0.3669,0.2987,45,450,0.05
2023-02-02,93.54,105,0.08,put,11.1775,11.162,11.0502,11.2738,0.2375,41,574,0.05
2023-02-02,93.54,110,0.08,call,0.1261,0.1242,0.1229,0.1255,0.3103,34,272,0.05
2023-02-02,93.54,110,0.08,put,16.0516,15.9836,15.8231,16.1441,0.2455,49,343,0.05
2023-02-02,93.54,90,0.25,call,6.1402,6.1264,6.065,6.1878,0.1817,48,480,0.05
2023-02-02,93.54,90,0.25,put,3.4557,3.4096,3.3751,3.4442,0.3011,48,864,0.05
2023-02-02,93.54,95,0.25,call,3.7714,3.7559,3.7182,3.7937,0.2094,54,378,0.05
2023-02-02,93.54,95,0.25,put,5.7488,5.7086,5.6511,5.7661,0.3003,49,343,0.05
2023-02-02,93.54,100,0.25,call,3.2496,3.2345,3.202,3.267,0.2854,54,594,0.05
2023-02-02,93.54,100,0.25,put,6.3679,6.4405,6.3768,6.5042,0.1606,48,480,0.05
2023-02-02,93.54,105,0.25,call,3.3675,3.3116,3.2779,3.3453,0.3749,47,705,0.05
2023-02-02,93.54,105,0.25,put,11.9355,11.8395,11.7201,11.9588,0.2752,48,336,0.05
2023-02-02,93.54,110,0.25,call,0.9993,0.9796,0.9696,0.9896,0.2774,38,494,0.05
2023-02-02,93.54,110,0.25,put,15.767,15.7548,15.5971,15.9125,0.2459,46,782,0.05
2023-02-02,93.54,90,0.5,call,8.9133,8.9493,8.8602,9.0385,0.2179,39,234,0.05
2023-02-02,93.54,90,0.5,put,4.7734,4.7856,4.7379,4.8334,0.2858,48,576,0.05
2023-02-02,93.54,95,0.5,call,8.0464,8.196,8.1156,8.2765,0.2898,49,539,0.05
2023-02-02,93.54,95,0.5,put,7.4072,7.407,7.3329,7.4811,0.2991,45,675,0.05
2023-02-02,93.54,100,0.5,call,6.381,6.4445,6.3806,6.5083,0.3058,41,287,0.05
2023-02-02,93.54,100,0.5,put,9.7578,10.0596,9.962,10.1572,0.2823,52,468,0.05
2023-02-02,93.54,105,0.5,call,1.6738,1.6886,1.6719,1.7054,0.1768,55,825,0.05
2023-02-02,93.54,105,0.5,put,12.659,12.7851,12.6585,12.9117,0.2681,41,779,0.05
2023-02-02,93.54,110,0.5,call,0.8285,0.8228,0.8145,0.8311,0.1745,59,1121,0.05
2023-02-02,93.54,110,0.5,put,14.6352,14.703,14.5566,14.8493,0.1784,46,460,0.05
2023-02-03,93.52,90,0.08,call,3.9592,3.9038,3.8642,3.9434,0.1,45,225,0.05
2023-02-03,93.52,90,0.08,put,1.6382,1.6306,1.6142,1.647,0.3111,46,368,0.05
2023-02-03,93.52,95,0.08,call,1.4159,1.4228,1.4086,1.437,0.1804,53,1007,0.05
2023-02-03,93.52,95,0.08,put,3.7998,3.8315,3.7935,3.8695,0.3036,55,1045,0.05
2023-02-03,93.52,100,0.08,call,0.4368,0.4415,0.4371,0.4459,0.2118,53,477,0.05
2023-02-03,93.52,100,0.08,put,6.6137,6.6061,6.5399,6.6722,0.2272,44,396,0.05
2023-02-03,93.52,105,0.08,call,0.4016,0.4002,0.3962,0.4043,0.307,44,748,0.05
2023-02-03,93.52,105,0.08,put,11.0596,10.9416,10.831,11.0522,0.1391,33,627,0.05
2023-02-03,93.52,110,0.08,call,0.1144,0.114,0.1129,0.1152,0.3051,47,893,0.05
2023-02-03,93.52,110,0.08,put,16.0737,16.2506,16.0898,16.4113,0.2554,50,900,0.05
2023-02-03,93.52,90,0.25,call,7.2223,7.307,7.2348,7.3793,0.2491,59,531,0.05
2023-02-03,93.52,90,0.25,put,2.3688,2.3405,2.3168,2.3642,0.2364,44,396,0.05
2023-02-03,93.52,95,0.25,call,5.6726,5.6606,5.6038,5.7173,0.3118,47,893,0.05
2023-02-03,93.52,95,0.25,put,5.9161,5.9817,5.9225,6.0409,0.3089,43,473,0.05
2023-02-03,93.52,100,0.25,call,3.3303,3.3686,3.3353,3.4019,0.2902,50,250,0.05
2023-02-03,93.52,100,0.25,put,8.1144,7.9699,7.8888,8.0511,0.2648,48,768,0.05
2023-02-03,93.52,105,0.25,call,1.6545,1.6803,1.6637,1.6968,0.2671,51,408,0.05
2023-02-03,93.52,105,0.25,put,11.9579,12.0756,11.956,12.1952,0.276,43,645,0.05
2023-02-03,93.52,110,0.25,call,0.2657,0.2659,0.2633,0.2686,0.1951,38,266,0.05
2023-02-03,93.52,110,0.25,put,16.0181,15.7559,15.5957,15.9161,0.2694,51,306,0.05
2023-02-03,93.52,90,0.5,call,10.7979,10.8668,10.7588,10.9748,0.2971,45,225,0.05
2023-02-03,93.52,90,0.5,put,4.4566,4.4354,4.3908,4.4799,0.2725,66,462,0.05
2023-02-03,93.52,95,0.5,call,6.9098,6.8514,6.7823,6.9205,0.2465,44,616,0.05
2023-02-03,93.52,95,0.5,put,6.8534,6.83,6.7615,6.8985,0.2777,44,660,0.05
2023-02-03,93.52,100,0.5,call,4.8976,4.8371,4.7881,4.886,0.2494,41,615,0.05
2023-02-03,93.52,100,0.5,put,9.8035,9.8011,9.703,9.8991,0.2838,60,1020,0.05
2023-02-03,93.52,105,0.5,call,4.9227,4.8755,4.8263,4.9247,0.3138,48,336,0.05
2023-02-03,93.52,105,0.5,put,10.6736,10.7327,10.626,10.8395,0.1824,41,328,0.05
2023-02-03,93.52,110,0.5,call,1.8544,1.8899,1.8713,1.9084,0.2324,38,608,0.05
2023-02-03,93.52,110,0.5,put,16.4803,16.3833,16.2184,16.5481,0.2737,34,442,0.05
2023-02-04,91.99,90,0.08,call,3.4613,3.5443,3.5097,3.5789,0.2032,39,468,0.05
2023-02-04,91.99,90,0.08,put,2.8681,2.8353,2.8066,2.864,0.3837,39,312,0.05
2023-02-04,91.99,95,0.08,call,1.7862,1.7749,1.7571,1.7928,0.2771,40,240,0.05
2023-02-04,91.99,95,0.08,put,3.9181,3.9643,3.9252,4.0035,0.2253,52,520,0.05
2023-02-04,91.99,100,0.08,call,0.8116,0.8095,0.8014,0.8176,0.3072,49,931,0.05
2023-02-04,91.99,100,0.08,put,7.7659,7.8506,7.7729,7.9282,0.1881,52,416,0.05
2023-02-04,91.99,105,0.08,call,0.2735,0.271,0.2683,0.2738,0.31,45,810,0.05
2023-02-04,91.99,105,0.08,put,12.6305,12.4005,12.2742,12.5268,0.2133,60,1020,0.05
2023-02-04,91.99,110,0.08,call,0.0046,0.0047,0.0046,0.0047,0.2201,43,774,0.05
2023-02-04,91.99,110,0.08,put,17.5756,17.6166,17.4408,17.7923,0.1831,48,576,0.05
2023-02-04,91.99,90,0.25,call,6.8548,6.8992,6.8306,6.9677,0.286,45,225,0.05
2023-02-04,91.99,90,0.25,put,4.0344,4.0128,3.9724,4.0531,0.3022,53,954,0.05
2023-02-04,91.99,95,0.25,call,4.3696,4.4054,4.3617,4.4491,0.2828,42,546,0.05
2023-02-04,91.99,95,0.25,put,5.7488,5.7093,5.6518,5.7668,0.2579,62,992,0.05
2023-02-04,91.99,100,0.25,call,1.4537,1.4464,1.4318,1.4609,0.2078,53,318,0.05
2023-02-04,91.99,100,0.25,put,8.7404,8.8111,8.7237,8.8985,0.241,46,644,0.05
2023-02-04,91.99,105,0.25,call,0.7605,0.7494,0.7418,0.757,0.2208,47,517,0.05
2023-02-04,91.99,105,0.25,put,11.9363,11.8959,11.7765,12.0152,0.1594,32,512,0.05
2023-02-04,91.99,110,0.25,call,0.4635,0.4603,0.4557,0.4649,0.2414,40,560,0.05
2023-02-04,91.99,110,0.25,put,17.5332,17.7123,17.5369,17.8876,0.2882,36,324,0.05
2023-02-04,91.99,90,0.5,call,9.78,9.6737,9.5759,9.7715,0.2959,52,364,0.05
2023-02-04,91.99,90,0.5,put,4.4469,4.5067,4.4623,4.5512,0.25,48,672,0.05
2023-02-04,91.99,95,0.5,call,6.0329,5.9739,5.9136,6.0342,0.2446,61,488,0.05
2023-02-04,91.99,95,0.5,put,7.9253,7.8979,7.8187,7.9772,0.2918,43,688,0.05
2023-02-04,91.99,100,0.5,call,4.882,4.9257,4.8769,4.9746,0.2745,66,792,0.05
2023-02-04,91.99,100,0.5,put,10.1692,10.1422,10.0405,10.2439,0.2643,54,594,0.05
2023-02-04,91.99,105,0.5,call,4.067,4.0732,4.0325,4.1139,0.3018,45,270,0.05
2023-02-04,91.99,105,0.5,put,13.875,13.8727,13.734,14.0115,0.276,51,357,0.05
2023-02-04,91.99,110,0.5,call,1.7571,1.7368,1.7192,1.7544,0.2447,41,369,0.05
2023-02-04,91.99,110,0.5,put,16.7679,16.7164,16.5488,16.8841,0.229,39,195,0.05
2023-02-05,93.19,90,0.08,call,5.2812,5.2467,5.1939,5.2995,0.31,54,756,0.05
2023-02-05,93.19,90,0.08,put,1.2088,1.1845,1.1724,1.1966,0.253,51,918,0.05
2023-02-05,93.19,95,0.08,call,0.5726,0.5817,0.576,0.5874,0.1084,52,936,0.05
2023-02-05,93.19,95,0.08,put,3.7759,3.7865,3.7488,3.8243,0.2839,51,510,0.05
2023-02-05,93.19,100,0.08,call,0.5752,0.5746,0.5689,0.5804,0.2414,48,528,0.05
2023-02-05,93.19,100,0.08,put,7.3929,7.3511,7.2772,7.4251,0.2967,47,329,0.05
2023-02-05,93.19,105,0.08,call,0.0902,0.0899,0.089,0.0908,0.2264,55,275,0.05
2023-02-05,93.19,105,0.08,put,11.528,11.4643,11.349,11.5796,0.246,66,528,0.05
2023-02-05,93.19,110,0.08,call,0.1708,0.172,0.1703,0.1737,0.3347,47,799,0.05
2023-02-05,93.19,110,0.08,put,16.472,16.398,16.2333,16.5627,0.3053,43,430,0.05
2023-02-05,93.19,90,0.25,call,7.0203,7.0834,7.0132,7.1536,0.2504,43,430,0.05
2023-02-05,93.19,90,0.25,put,3.6683,3.6608,3.6242,3.6975,0.3065,39,273,0.05
2023-02-05,93.19,95,0.25,call,4.954,5.0012,4.9516,5.0507,0.2824,41,738,0.05
2023-02-05,93.19,95,0.25,put,5.4702,5.4873,5.4326,5.542,0.2763,61,549,0.05
2023-02-05,93.19,100,0.25,call,1.7629,1.7558,1.7382,1.7735,0.2057,64,1024,0.05
2023-02-05,93.19,100,0.25,put,9.1597,9.2472,9.1556,9.3388,0.3122,60,480,0.05
2023-02-05,93.19,105,0.25,call,1.3129,1.3208,1.3077,1.3339,0.2481,41,451,0.05
2023-02-05,93.19,105,0.25,put,11.4869,11.4337,11.3188,11.5486,0.2226,63,315,0.05
2023-02-05,93.19,110,0.25,call,1.069,1.0731,1.0624,1.0838,0.2885,40,280,0.05
2023-02-05,93.19,110,0.25,put,16.0618,16.1779,16.0173,16.3385,0.245,48,432,0.05
2023-02-05,93.19,90,0.5,call,9.5752,9.6571,9.5614,9.7529,0.2556,53,689,0.05
2023-02-05,93.19,90,0.5,put,4.7205,4.7164,4.6692,4.7636,0.2788,41,287,0.05
2023-02-05,93.19,95,0.5,call,8.8872,8.8554,8.7665,8.9442,0.3294,52,364,0.05
2023-02-05,93.19,95,0.5,put,6.866,6.8117,6.743,6.8803,0.2725,53,1007,0.05
2023-02-05,93.19,100,0.5,call,4.8118,4.8257,4.7776,4.8738,0.2517,62,744,0.05
2023-02-05,93.19,100,0.5,put,7.9471,7.903,7.8236,7.9825,0.205,50,300,0.05
2023-02-05,93.19,105,0.5,call,3.6939,3.6613,3.6244,3.6983,0.2691,58,1102,0.05
2023-02-05,93.19,105,0.5,put,11.2556,11.1511,11.0385,11.2636,0.198,51,459,0.05
2023-02-05,93.19,110,0.5,call,2.0084,2.0241,2.004,2.0442,0.2439,53,583,0.05
2023-02-05,93.19,110,0.5,put,15.3069,15.2231,15.0701,15.3762,0.2017,40,560,0.05
2023-02-06,91.42,90,0.08,call,3.4951,3.5311,3.4961,3.566,0.2451,39,507,0.05
2023-02-06,91.42,90,0.08,put,2.1533,2.1508,2.1293,2.1723,0.2898,47,799,0.05
2023-02-06,91.42,95,0.08,call,0.7135,0.7211,0.714,0.7283,0.1809,49,539,0.05
2023-02-06,91.42,95,0.08,put,4.3741,4.3547,4.311,4.3985,0.2336,51,867,0.05
2023-02-06,91.42,100,0.08,call,0.329,0.3304,0.3271,0.3336,0.242,59,354,0.05
2023-02-06,91.42,100,0.08,put,8.6036,8.5406,8.4545,8.6266,0.2608,44,748,0.05
2023-02-06,91.42,105,0.08,call,0.0512,0.0505,0.05,0.051,0.2345,42,294,0.05
2023-02-06,91.42,105,0.08,put,13.2114,13.2784,13.1463,13.4105,0.237,43,559,0.05
2023-02-06,91.42,110,0.08,call,0.0106,0.0104,0.0103,0.0105,0.2471,48,432,0.05
2023-02-06,91.42,110,0.08,put,18.1481,18.1377,17.9563,18.3192,0.249,49,245,0.05
2023-02-06,91.42,90,0.25,call,5.5839,5.5243,5.4685,5.5802,0.2332,57,627,0.05
2023-02-06,91.42,90,0.25,put,5.4314,5.5031,5.4488,5.5574,0.369,46,644,0.05
2023-02-06,91.42,95,0.25,call,2.7306,2.7345,2.7072,2.7618,0.2063,44,528,0.05
2023-02-06,91.42,95,0.25,put,4.3584,4.3881,4.3445,4.4317,0.163,50,700,0.05
2023-02-06,91.42,100,0.25,call,1.7914,1.7368,1.7189,1.7547,0.2401,49,784,0.05
2023-02-06,91.42,100,0.25,put,8.9536,9.0063,8.9167,9.0958,0.2288,48,768,0.05
2023-02-06,91.42,105,0.25,call,1.3806,1.4047,1.3909,1.4185,0.281,39,312,0.05
2023-02-06,91.42,105,0.25,put,13.8516,13.8241,13.6856,13.9626,0.2961,59,826,0.05
2023-02-06,91.42,110,0.25,call,0.1991,0.195,0.193,0.197,0.2059,34,612,0.05
2023-02-06,91.42,110,0.25,put,18.9194,18.4228,18.2336,18.612,0.3677,45,405,0.05
2023-02-06,91.42,90,0.5,call,11.445,11.4499,11.3355,11.5644,0.3775,54,756,0.05
2023-02-06,91.42,90,0.5,put,6.8564,6.81,6.7414,6.8786,0.3394,58,928,0.05
2023-02-06,91.42,95,0.5,call,6.4216,6.3309,6.2667,6.3952,0.2708,51,306,0.05
2023-02-06,91.42,95,0.5,put,6.8083,6.8183,6.7502,6.8863,0.2381,50,350,0.05
2023-02-06,91.42,100,0.5,call,3.3966,3.4029,3.3689,3.4369,0.2239,45,765,0.05
2023-02-06,91.42,100,0.5,put,11.3808,11.3449,11.2311,11.4587,0.2992,69,345,0.05
2023-02-06,91.42,105,0.5,call,2.4275,2.4221,2.3978,2.4464,0.2381,35,350,0.05
2023-02-06,91.42,105,0.5,put,13.2639,13.1508,13.0182,13.2835,0.2313,40,520,0.05
2023-02-06,91.42,110,0.5,call,2.1933,2.196,2.174,2.2179,0.2738,44,352,0.05
2023-02-06,91.42,110,0.5,put,18.0742,17.8911,17.7104,18.0719,0.2748,29,493,0.05
2023-02-07,91.73,90,0.08,call,2.9418,2.9105,2.881,2.9399,0.1656,63,378,0.05
2023-02-07,91.73,90,0.08,put,2.0375,2.0295,2.0091,2.0499,0.29,47,282,0.05
2023-02-07,91.73,95,0.08,call,0.9582,0.9469,0.9373,0.9565,0.1991,57,1083,0.05
2023-02-07,91.73,95,0.08,put,3.5335,3.5019,3.4665,3.5372,0.1633,47,752,0.05
2023-02-07,91.73,100,0.08,call,0.4944,0.4944,0.4894,0.4993,0.2652,46,322,0.05
2023-02-07,91.73,100,0.08,put,8.229,8.3402,8.2579,8.4225,0.2411,60,840,0.05
2023-02-07,91.73,105,0.08,call,0.2714,0.2714,0.2687,0.2741,0.3146,44,748,0.05
2023-02-07,91.73,105,0.08,put,13.2154,13.3017,13.1695,13.4339,0.3383,35,385,0.05
2023-02-07,91.73,110,0.08,call,0.0489,0.0484,0.0479,0.0489,0.2941,34,238,0.05
2023-02-07,91.73,110,0.08,put,17.8293,18.1029,17.9246,18.2812,0.1897,51,714,0.05
2023-02-07,91.73,90,0.25,call,7.0505,7.1871,7.1166,7.2576,0.3061,43,258,0.05
2023-02-07,91.73,90,0.25,put,0.9828,0.9899,0.98,0.9997,0.1171,64,1216,0.05
2023-02-07,91.73,95,0.25,call,3.3935,3.3963,3.3624,3.4303,0.2356,52,468,0.05
2023-02-07,91.73,95,0.25,put,5.082,5.1531,5.1023,5.2039,0.2136,58,986,0.05
2023-02-07,91.73,100,0.25,call,3.3613,3.4127,3.3791,3.4463,0.3298,53,636,0.05
2023-02-07,91.73,100,0.25,put,9.3561,9.2763,9.1827,9.3699,0.2683,44,264,0.05
2023-02-07,91.73,105,0.25,call,1.0964,1.095,1.0841,1.106,0.2536,43,516,0.05
2023-02-07,91.73,105,0.25,put,13.2065,13.1954,13.0634,13.3275,0.2655,50,350,0.05
2023-02-07,91.73,110,0.25,call,0.4976,0.4949,0.4899,0.4998,0.2489,42,504,0.05
2023-02-07,91.73,110,0.25,put,18.0401,18.2623,18.0819,18.4427,0.3154,43,731,0.05
2023-02-07,91.73,90,0.5,call,6.4812,6.4998,6.435,6.5646,0.1665,55,495,0.05
2023-02-07,91.73,90,0.5,put,4.3595,4.3704,4.3268,4.414,0.2426,54,432,0.05
2023-02-07,91.73,95,0.5,call,5.3163,5.2808,5.2276,5.3339,0.2219,48,624,0.05
2023-02-07,91.73,95,0.5,put,6.6743,6.577,6.5103,6.6438,0.2388,48,576,0.05
2023-02-07,91.73,100,0.5,call,3.279,3.2651,3.2323,3.2979,0.2144,47,564,0.05
2023-02-07,91.73,100,0.5,put,9.3958,9.4248,9.3309,9.5188,0.2273,51,408,0.05
2023-02-07,91.73,105,0.5,call,2.0083,2.0048,1.9848,2.0249,0.2146,50,800,0.05
2023-02-07,91.73,105,0.5,put,13.0924,13.0548,12.9238,13.1857,0.2337,45,270,0.05
2023-02-07,91.73,110,0.5,call,3.3385,3.3436,3.3103,3.377,0.3245,31,155,0.05
2023-02-07,91.73,110,0.5,put,17.7406,18.1261,17.9486,18.3035,0.2699,38,722,0.05
2023-02-08,88.95,90,0.08,call,2.5384,2.5387,2.5134,2.5641,0.2849,58,754,0.05
2023-02-08,88.95,90,0.08,put,2.2479,2.2575,2.235,2.28,0.1869,54,594,0.05
2023-02-08,88.95,95,0.08,call,0.2957,0.2979,0.2949,0.3009,0.188,51,663,0.05
2023-02-08,88.95,95,0.08,put,6.5501,6.602,6.5365,6.6675,0.2769,54,972,0.05
2023-02-08,88.95,100,0.08,call,0.2016,0.1998,0.1978,0.2019,0.2647,48,240,0.05
2023-02-08,88.95,100,0.08,put,10.9805,11.0696,10.9598,11.1794,0.2981,38,684,0.05
2023-02-08,88.95,105,0.08,call,0.1259,0.1232,0.122,0.1245,0.3189,43,215,0.05
2023-02-08,88.95,105,0.08,put,15.6547,15.8753,15.7188,16.0319,0.2489,48,576,0.05
2023-02-08,88.95,110,0.08,call,0.0053,0.0053,0.0052,0.0053,0.2616,55,880,0.05
2023-02-08,88.95,110,0.08,put,20.6098,20.4921,20.286,20.6982,0.1507,33,528,0.05
2023-02-08,88.95,90,0.25,call,3.9856,4.015,3.9752,4.0549,0.2229,57,912,0.05
2023-02-08,88.95,90,0.25,put,5.1613,5.1256,5.074,5.1772,0.2932,45,810,0.05
2023-02-08,88.95,95,0.25,call,2.4817,2.4638,2.439,2.4887,0.2473,55,440,0.05
2023-02-08,88.95,95,0.25,put,8.6396,8.657,8.5706,8.7434,0.3234,59,944,0.05
2023-02-08,88.95,100,0.25,call,1.3847,1.4061,1.3923,1.42,0.255,56,560,0.05
2023-02-08,88.95,100,0.25,put,11.894,11.9043,11.7854,12.0233,0.3049,47,470,0.05
2023-02-08,88.95,105,0.25,call,0.4579,0.4554,0.4508,0.46,0.2288,34,374,0.05
2023-02-08,88.95,105,0.25,put,15.4387,15.2238,15.0694,15.3781,0.2563,28,448,0.05
2023-02-08,88.95,110,0.25,call,0.9361,0.9427,0.9333,0.952,0.3352,56,336,0.05
2023-02-08,88.95,110,0.25,put,20.0725,19.9932,19.7924,20.1939,0.2676,46,690,0.05
2023-02-08,88.95,90,0.5,call,8.0282,8.0481,7.9679,8.1284,0.2985,50,500,0.05
2023-02-08,88.95,90,0.5,put,5.7513,5.7999,5.7423,5.8574,0.2539,53,371,0.05
2023-02-08,88.95,95,0.5,call,5.8663,5.8629,5.8042,5.9216,0.2963,57,285,0.05
2023-02-08,88.95,95,0.5,put,6.2667,6.1676,6.1049,6.2302,0.1623,47,376,0.05
2023-02-08,88.95,100,0.5,call,4.0962,4.1355,4.0945,4.1764,0.2908,45,630,0.05
2023-02-08,88.95,100,0.5,put,11.5683,11.4931,11.3774,11.6088,0.2431,35,525,0.05
2023-02-08,88.95,105,0.5,call,2.6511,2.6535,2.627,2.68,0.2805,40,680,0.05
2023-02-08,88.95,105,0.5,put,15.2373,15.3037,15.1513,15.4561,0.2368,52,988,0.05
2023-02-08,88.95,110,0.5,call,1.9947,2.0019,1.982,2.0219,0.2922,47,611,0.05
2023-02-08,88.95,110,0.5,put,20.4645,20.3735,20.1689,20.5782,0.2996,36,396,0.05
2023-02-09,87.12,90,0.08,call,1.1772,1.1894,1.1776,1.2012,0.2221,51,612,0.05
2023-02-09,87.12,90,0.08,put,3.7696,3.7283,3.6906,3.7659,0.2296,62,930,0.05
2023-02-09,87.12,95,0.08,call,0.2249,0.2247,0.2225,0.227,0.2159,50,250,0.05
2023-02-09,87.12,95,0.08,put,8.1754,8.0173,7.9356,8.0991,0.2995,52,520,0.05
2023-02-09,87.12,100,0.08,call,0.1503,0.15,0.1485,0.1515,0.2848,43,344,0.05
2023-02-09,87.12,100,0.08,put,12.4966,12.368,12.2431,12.493,0.1935,47,376,0.05
2023-02-09,87.12,105,0.08,call,0.0013,0.0013,0.0013,0.0013,0.2062,45,360,0.05
2023-02-09,87.12,105,0.08,put,17.4678,17.4532,17.2785,17.6278,0.2223,46,644,0.05
2023-02-09,87.12,110,0.08,call,0.0013,0.0013,0.0013,0.0013,0.2535,29,348,0.05
2023-02-09,87.12,110,0.08,put,22.4458,22.269,22.0446,22.4935,0.2508,41,205,0.05
2023-02-09,87.12,90,0.25,call,2.3586,2.2906,2.267,2.3142,0.1803,46,414,0.05
2023-02-09,87.12,90,0.25,put,5.3975,5.4275,5.3735,5.4815,0.2542,49,931,0.05
2023-02-09,87.12,95,0.25,call,1.4897,1.4844,1.4695,1.4993,0.2204,46,736,0.05
2023-02-09,87.12,95,0.25,put,10.5301,10.5579,10.4526,10.6632,0.3691,50,650,0.05
2023-02-09,87.12,100,0.25,call,0.8731,0.8505,0.8418,0.8592,0.2422,41,328,0.05
2023-02-09,87.12,100,0.25,put,13.9353,13.9109,13.7715,14.0502,0.3531,55,935,0.05
2023-02-09,87.12,105,0.25,call,0.5949,0.5958,0.5899,0.6018,0.27,44,572,0.05
2023-02-09,87.12,105,0.25,put,16.8832,16.8884,16.7195,17.0572,0.2291,48,816,0.05
2023-02-09,87.12,110,0.25,call,0.0008,0.0008,0.0008,0.0008,0.1335,36,576,0.05
2023-02-09,87.12,110,0.25,put,21.863,22.2582,22.0395,22.4768,0.2821,39,195,0.05
2023-02-09,87.12,90,0.5,call,6.455,6.45,6.3855,6.5146,0.2753,52,728,0.05
2023-02-09,87.12,90,0.5,put,5.5679,5.656,5.6003,5.7117,0.2122,56,392,0.05
2023-02-09,87.12,95,0.5,call,3.5751,3.5749,3.5391,3.6106,0.2345,43,430,0.05
2023-02-09,87.12,95,0.5,put,8.4314,8.5005,8.4162,8.5848,0.2053,37,296,0.05
2023-02-09,87.12,100,0.5,call,3.0283,2.9832,2.9529,3.0135,0.2712,48,528,0.05
2023-02-09,87.12,100,0.5,put,11.2013,11.11,10.9979,11.222,0.1545,42,210,0.05
2023-02-09,87.12,105,0.5,call,1.2902,1.2845,1.2716,1.2974,0.23,49,392,0.05
2023-02-09,87.12,105,0.5,put,18.0761,18.2914,18.1106,18.4721,0.311,35,175,0.05
2023-02-09,87.12,110,0.5,call,0.5132,0.5177,0.5126,0.5229,0.2091,42,714,0.05
2023-02-09,87.12,110,0.5,put,21.4115,21.4888,21.2747,21.7029,0.2671,41,205,0.05
2023-02-10,87.39,90,0.08,call,0.8005,0.8233,0.8153,0.8313,0.1694,48,816,0.05
2023-02-10,87.39,90,0.08,put,4.5559,4.5205,4.475,4.5661,0.3317,56,1064,0.05
2023-02-10,87.39,95,0.08,call,0.4425,0.4381,0.4337,0.4425,0.2539,48,240,0.05
2023-02-10,87.39,95,0.08,put,7.4157,7.4988,7.4246,7.5729,0.2004,44,484,0.05
2023-02-10,87.39,100,0.08,call,0.042,0.0424,0.042,0.0428,0.2238,53,371,0.05
2023-02-10,87.39,100,0.08,put,12.2657,12.3511,12.2285,12.4738,0.2355,36,360,0.05
2023-02-10,87.39,105,0.08,call,0.0191,0.019,0.0188,0.0192,0.2639,48,432,0.05
2023-02-10,87.39,105,0.08,put,17.1939,17.3542,17.1823,17.5262,0.2336,53,901,0.05
2023-02-10,87.39,110,0.08,call,0.0022,0.0022,0.0022,0.0022,0.261,37,185,0.05
2023-02-10,87.39,110,0.08,put,22.1697,22.1512,21.9295,22.3729,0.2594,39,351,0.05
2023-02-10,87.39,90,0.25,call,4.6886,4.7193,4.6724,4.7662,0.3075,64,448,0.05
2023-02-10,87.39,90,0.25,put,5.2577,5.288,5.2354,5.3405,0.2547,58,812,0.05
2023-02-10,87.39,95,0.25,call,2.9566,2.9413,2.9117,2.9708,0.3099,44,572,0.05
2023-02-10,87.39,95,0.25,put,8.6043,8.5,8.4139,8.586,0.2609,67,670,0.05
2023-02-10,87.39,100,0.25,call,1.1993,1.1872,1.1752,1.1992,0.2662,38,722,0.05
2023-02-10,87.39,100,0.25,put,11.8721,11.8772,11.7585,11.9959,0.2012,47,423,0.05
2023-02-10,87.39,105,0.25,call,0.6499,0.6477,0.6412,0.6542,0.2727,34,612,0.05
2023-02-10,87.39,105,0.25,put,17.0946,17.1162,16.9452,17.2871,0.2885,50,450,0.05
2023-02-10,87.39,110,0.25,call,0.1036,0.1039,0.1028,0.1049,0.2225,27,297,0.05
2023-02-10,87.39,110,0.25,put,21.4364,21.9001,21.6857,22.1145,0.2488,36,396,0.05
2023-02-10,87.39,90,0.5,call,7.3851,7.3975,7.3237,7.4714,0.3072,57,285,0.05
2023-02-10,87.39,90,0.5,put,7.7915,7.8164,7.7385,7.8943,0.3081,44,484,0.05
2023-02-10,87.39,95,0.5,call,3.2611,3.2406,3.208,3.2732,0.2167,49,735,0.05
2023-02-10,87.39,95,0.5,put,8.9645,8.8351,8.7455,8.9248,0.2354,49,245,0.05
2023-02-10,87.39,100,0.5,call,4.1808,4.1603,4.1185,4.2021,0.3185,43,387,0.05
2023-02-10,87.39,100,0.5,put,14.5714,14.7246,14.5789,14.8703,0.3294,46,368,0.05
2023-02-10,87.39,105,0.5,call,2.2126,2.2091,2.187,2.2312,0.2785,62,372,0.05
2023-02-10,87.39,105,0.5,put,18.5361,18.5414,18.356,18.7268,0.3427,39,741,0.05
2023-02-10,87.39,110,0.5,call,0.5959,0.6009,0.5949,0.6069,0.2144,50,950,0.05
2023-02-10,87.39,110,0.5,put,20.9461,21.0111,20.8016,21.2205,0.2512,36,216,0.05
2023-02-11,88.42,90,0.08,call,1.5963,1.5907,1.5747,1.6066,0.2141,49,882,0.05
2023-02-11,88.42,90,0.08,put,2.531,2.5256,2.5003,2.5509,0.185,47,329,0.05
2023-02-11,88.42,95,0.08,call,0.9796,0.9658,0.956,0.9756,0.3059,60,840,0.05
2023-02-11,88.42,95,0.08,put,7.0606,7.0923,7.0217,7.1629,0.2902,56,448,0.05
2023-02-11,88.42,100,0.08,call,0.0879,0.0871,0.0862,0.088,0.2335,39,624,0.05
2023-02-11,88.42,100,0.08,put,11.1891,11.1339,11.022,11.2458,0.1713,52,312,0.05
2023-02-11,88.42,105,0.08,call,0.0003,0.0003,0.0003,0.0003,0.1697,37,444,0.05
2023-02-11,88.42,105,0.08,put,16.2416,16.4297,16.2673,16.5922,0.3059,44,572,0.05
2023-02-11,88.42,110,0.08,call,0.0031,0.0031,0.0031,0.0031,0.2558,51,714,0.05
2023-02-11,88.42,110,0.08,put,21.1387,21.1678,20.9564,21.3792,0.1297,41,492,0.05
2023-02-11,88.42,90,0.25,call,5.4336,5.4394,5.3851,5.4937,0.3204,45,225,0.05
2023-02-11,88.42,90,0.25,put,4.3474,4.3845,4.341,4.4279,0.2327,47,752,0.05
2023-02-11,88.42,95,0.25,call,1.8325,1.8197,1.8014,1.8381,0.218,41,615,0.05
2023-02-11,88.42,95,0.25,put,6.9868,6.9218,6.8519,6.9917,0.2023,41,656,0.05
2023-02-11,88.42,100,0.25,call,1.2514,1.2459,1.2333,1.2584,0.2536,45,765,0.05
2023-02-11,88.42,100,0.25,put,11.6116,11.6917,11.5756,11.8078,0.2555,50,700,0.05
2023-02-11,88.42,105,0.25,call,0.7649,0.7497,0.7421,0.7574,0.2712,50,500,0.05
2023-02-11,88.42,105,0.25,put,15.739,15.8637,15.7063,16.0211,0.2366,45,855,0.05
2023-02-11,88.42,110,0.25,call,0.0185,0.0187,0.0185,0.0189,0.1672,33,495,0.05
2023-02-11,88.42,110,0.25,put,20.5716,20.6372,20.4315,20.8429,0.2691,31,248,0.05
2023-02-11,88.42,90,0.5,call,6.284,6.3229,6.2601,6.3858,0.24,54,810,0.05
2023-02-11,88.42,90,0.5,put,3.2509,3.1855,3.153,3.218,0.1435,59,649,0.05
2023-02-11,88.42,95,0.5,call,4.6039,4.585,4.539,4.6311,0.255,52,416,0.05
2023-02-11,88.42,95,0.5,put,9.975,9.9887,9.8889,10.0884,0.3011,52,832,0.05
2023-02-11,88.42,100,0.5,call,2.1488,2.1828,2.1613,2.2043,0.2122,54,702,0.05
2023-02-11,88.42,100,0.5,put,11.6327,11.6448,11.5284,11.7611,0.2297,51,663,0.05
2023-02-11,88.42,105,0.5,call,4.067,4.0473,4.0066,4.088,0.353,43,430,0.05
2023-02-11,88.42,105,0.5,put,16.7335,16.6018,16.4345,16.7692,0.2921,46,322,0.05
2023-02-11,88.42,110,0.5,call,0.6633,0.6692,0.6625,0.6758,0.2108,36,540,0.05
2023-02-11,88.42,110,0.5,put,20.5045,20.608,20.403,20.8131,0.2781,38,266,0.05
2023-02-12,88.67,90,0.08,call,2.3694,2.3423,2.3186,2.366,0.2813,52,780,0.05
2023-02-12,88.67,90,0.08,put,3.4297,3.4166,3.3823,3.4509,0.2901,38,304,0.05
2023-02-12,88.67,95,0.08,call,0.8191,0.8252,0.8171,0.8334,0.2771,45,765,0.05
2023-02-12,88.67,95,0.08,put,6.3167,6.3066,6.2434,6.3698,0.2075,46,598,0.05
2023-02-12,88.67,100,0.08,call,0.6887,0.6931,0.6863,0.7,0.375,49,784,0.05
2023-02-12,88.67,100,0.08,put,10.944,11.0097,10.9003,11.1192,0.1686,47,282,0.05
2023-02-12,88.67,105,0.08,call,0.0004,0.0004,0.0004,0.0004,0.1726,49,245,0.05
2023-02-12,88.67,105,0.08,put,15.9671,15.9419,15.7823,16.1016,0.2819,52,364,0.05
2023-02-12,88.67,110,0.08,call,0.0001,0.0001,0.0001,0.0001,0.1953,42,756,0.05
2023-02-12,88.67,110,0.08,put,20.8932,20.7296,20.5207,20.9385,0.1,38,228,0.05
2023-02-12,88.67,90,0.25,call,6.1692,6.148,6.0863,6.2097,0.3549,47,376,0.05
2023-02-12,88.67,90,0.25,put,4.2012,4.1938,4.1518,4.2358,0.2313,45,765,0.05
2023-02-12,88.67,95,0.25,call,2.4475,2.5011,2.4766,2.5256,0.2513,51,663,0.05
2023-02-12,88.67,95,0.25,put,7.3883,7.3878,7.3139,7.4617,0.2383,54,1026,0.05
2023-02-12,88.67,100,0.25,call,1.3885,1.4041,1.3902,1.418,0.2601,55,550,0.05
2023-02-12,88.67,100,0.25,put,10.4198,10.4045,10.3003,10.5087,0.1629,50,850,0.05
2023-02-12,88.67,105,0.25,call,0.051,0.0518,0.0513,0.0523,0.1513,56,1064,0.05
2023-02-12,88.67,105,0.25,put,15.3886,15.4553,15.3014,15.6092,0.2191,40,440,0.05
2023-02-12,88.67,110,0.25,call,0.1527,0.1537,0.1521,0.1552,0.2243,52,832,0.05
2023-02-12,88.67,110,0.25,put,20.8941,20.9796,20.7707,21.1886,0.3383,29,174,0.05
2023-02-12,88.67,90,0.5,call,8.3836,8.3765,8.2927,8.4604,0.3194,49,539,0.05
2023-02-12,88.67,90,0.5,put,5.994,6.0342,5.9743,6.0941,0.2587,49,294,0.05
2023-02-12,88.67,95,0.5,call,6.0507,6.0599,5.9993,6.1204,0.3089,54,918,0.05
2023-02-12,88.67,95,0.5,put,8.9439,8.9239,8.8344,9.0133,0.2649,52,468,0.05
2023-02-12,88.67,100,0.5,call,2.5084,2.5004,2.4753,2.5255,0.2256,54,1026,0.05
2023-02-12,88.67,100,0.5,put,12.5374,12.4215,12.2962,12.5469,0.2771,52,312,0.05
2023-02-12,88.67,105,0.5,call,2.988,3.0312,3.0014,3.0611,0.3003,49,588,0.05
2023-02-12,88.67,105,0.5,put,16.6571,16.72,16.5534,16.8865,0.2969,40,600,0.05
2023-02-12,88.67,110,0.5,call,0.8447,0.8424,0.834,0.8508,0.2229,46,644,0.05
2023-02-12,88.67,110,0.5,put,20.5783,20.5997,20.3939,20.8054,0.2937,41,697,0.05
2023-02-13,88.51,90,0.08,call,2.1443,2.1338,2.1124,2.1553,0.2657,56,784,0.05
2023-02-13,88.51,90,0.08,put,2.4109,2.3489,2.3248,2.373,0.1782,42,420,0.05
2023-02-13,88.51,95,0.08,call,0.0999,0.1011,0.1001,0.1021,0.1512,49,833,0.05
2023-02-13,88.51,95,0.08,put,7.488,7.4992,7.4244,7.5741,0.3535,44,836,0.05
2023-02-13,88.51,100,0.08,call,0.1471,0.1457,0.1443,0.1472,0.256,47,611,0.05
2023-02-13,88.51,100,0.08,put,11.178,11.1686,11.0568,11.2804,0.2329,46,368,0.05
2023-02-13,88.51,105,0.08,call,0.0001,0.0001,0.0001,0.0001,0.1562,37,444,0.05
2023-02-13,88.51,105,0.08,put,16.1817,16.2453,16.0834,16.4071,0.3212,34,170,0.05
2023-02-13,88.51,110,0.08,call,0.007,0.0069,0.0069,0.007,0.2747,49,882,0.05
2023-02-13,88.51,110,0.08,put,21.0482,21.2087,20.9982,21.4192,0.2127,30,420,0.05
2023-02-13,88.51,90,0.25,call,2.5244,2.4734,2.4482,2.4986,0.1529,49,539,0.05
2023-02-13,88.51,90,0.25,put,5.0915,5.117,5.0661,5.1679,0.2774,54,972,0.05
2023-02-13,88.51,95,0.25,call,1.8419,1.8577,1.8393,1.8761,0.2168,41,697,0.05
2023-02-13,88.51,95,0.25,put,8.0067,8.1051,8.0251,8.1852,0.2699,62,930,0.05
2023-02-13,88.51,100,0.25,call,1.087,1.0802,1.0693,1.0911,0.239,46,460,0.05
2023-02-13,88.51,100,0.25,put,11.5158,11.4748,11.3596,11.5899,0.2537,43,387,0.05
2023-02-13,88.51,105,0.25,call,1.2079,1.2024,1.1904,1.2145,0.312,44,396,0.05
2023-02-13,88.51,105,0.25,put,15.3596,15.3918,15.2382,15.5454,0.1893,43,215,0.05
2023-02-13,88.51,110,0.25,call,0.1382,0.14,0.1386,0.1413,0.222,27,135,0.05
2023-02-13,88.51,110,0.25,put,21.1161,21.3913,21.1801,21.6025,0.3475,56,896,0.05
2023-02-13,88.51,90,0.5,call,6.7191,6.6933,6.6261,6.7605,0.2555,39,546,0.05
2023-02-13,88.51,90,0.5,put,6.0978,5.9594,5.8985,6.0204,0.2601,53,848,0.05
2023-02-13,88.51,95,0.5,call,4.2637,4.2259,4.1833,4.2685,0.2395,52,312,0.05
2023-02-13,88.51,95,0.5,put,6.8989,6.8631,6.7941,6.9321,0.1774,55,990,0.05
2023-02-13,88.51,100,0.5,call,3.9806,4.0405,4.0007,4.0803,0.2927,42,504,0.05
2023-02-13,88.51,100,0.5,put,11.6611,11.5759,11.4593,11.6926,0.2339,62,310,0.05
2023-02-13,88.51,105,0.5,call,3.9996,3.94,3.9,3.98,0.3487,38,380,0.05
2023-02-13,88.51,105,0.5,put,17.5344,17.6567,17.4814,17.832,0.3325,37,481,0.05
2023-02-13,88.51,110,0.5,call,0.643,0.6432,0.6368,0.6496,0.2082,48,240,0.05
2023-02-13,88.51,110,0.5,put,19.2389,18.9027,18.7104,19.0951,0.1921,40,600,0.05
2023-02-14,88.1,90,0.08,call,1.8574,1.863,1.8444,1.8816,0.2547,53,477,0.05
2023-02-14,88.1,90,0.08,put,4.0748,4.0956,4.0548,4.1363,0.3239,43,516,0.05
2023-02-14,88.1,95,0.08,call,0.3415,0.3444,0.341,0.3479,0.2175,46,552,0.05
2023-02-14,88.1,95,0.08,put,6.7147,6.7063,6.6392,6.7735,0.1863,50,750,0.05
2023-02-14,88.1,100,0.08,call,0.0005,0.0005,0.0005,0.0005,0.1331,36,468,0.05
2023-02-14,88.1,100,0.08,put,11.8513,11.7658,11.6473,11.8843,0.3221,44,484,0.05
2023-02-14,88.1,105,0.08,call,0.0065,0.0065,0.0064,0.0065,0.2246,45,675,0.05
2023-02-14,88.1,105,0.08,put,16.483,16.5761,16.4113,16.741,0.2079,48,864,0.05
2023-02-14,88.1,110,0.08,call,0.0009,0.0009,0.0009,0.0009,0.2345,46,230,0.05
2023-02-14,88.1,110,0.08,put,21.5102,21.5777,21.3626,21.7928,0.3529,36,684,0.05
2023-02-14,88.1,90,0.25,call,4.6156,4.6107,4.5646,4.6569,0.2833,50,750,0.05
2023-02-14,88.1,90,0.25,put,3.77,3.7835,3.7458,3.8212,0.1907,48,768,0.05
2023-02-14,88.1,95,0.25,call,1.317,1.2916,1.2784,1.3047,0.1902,44,616,0.05
2023-02-14,88.1,95,0.25,put,8.0814,7.9996,7.9188,8.0804,0.258,41,328,0.05
2023-02-14,88.1,100,0.25,call,2.5922,2.5345,2.5086,2.5605,0.3548,36,684,0.05
2023-02-14,88.1,100,0.25,put,11.4957,11.5346,11.4196,11.6496,0.2241,40,560,0.05
2023-02-14,88.1,105,0.25,call,0.8286,0.8273,0.819,0.8356,0.2823,38,646,0.05
2023-02-14,88.1,105,0.25,put,16.2254,16.2428,16.0805,16.405,0.2609,43,215,0.05
2023-02-14,88.1,110,0.25,call,0.2767,0.2802,0.2775,0.283,0.258,42,378,0.05
2023-02-14,88.1,110,0.25,put,20.5991,20.5107,20.3047,20.7167,0.201,50,500,0.05
2023-02-14,88.1,90,0.5,call,6.9361,7.0042,6.9349,7.0736,0.2735,48,336,0.05
2023-02-14,88.1,90,0.5,put,6.3732,6.344,6.2803,6.4077,0.2637,61,610,0.05
2023-02-14,88.1,95,0.5,call,4.4795,4.4997,4.4549,4.5444,0.2555,51,867,0.05
2023-02-14,88.1,95,0.5,put,10.1329,10.0054,9.9041,10.1068,0.3003,53,636,0.05
2023-02-14,88.1,100,0.5,call,1.7346,1.7001,1.6827,1.7174,0.1962,38,418,0.05
2023-02-14,88.1,100,0.5,put,11.5748,11.4623,11.3466,11.5781,0.2163,51,816,0.05
2023-02-14,88.1,105,0.5,call,2.6601,2.6772,2.6506,2.7038,0.292,45,225,0.05
2023-02-14,88.1,105,0.5,put,15.2203,15.354,15.2018,15.5062,0.195,38,418,0.05
2023-02-14,88.1,110,0.5,call,0.694,0.7009,0.6939,0.7078,0.2164,53,477,0.05
2023-02-14,88.1,110,0.5,put,19.4254,19.5351,19.3409,19.7294,0.1692,46,874,0.05
2023-02-15,86.08,90,0.08,call,1.0904,1.0798,1.0689,1.0907,0.2496,56,392,0.05
2023-02-15,86.08,90,0.08,put,4.3304,4.3697,4.3264,4.413,0.2102,56,336,0.05
2023-02-15,86.08,95,0.08,call,0.5861,0.5983,0.5925,0.6042,0.3136,43,301,0.05
2023-02-15,86.08,95,0.08,put,8.9738,8.952,8.8622,9.0417,0.2854,47,423,0.05
2023-02-15,86.08,100,0.08,call,0.0627,0.0623,0.0617,0.0629,0.2616,43,559,0.05
2023-02-15,86.08,100,0.08,put,13.6788,13.7233,13.5865,13.8601,0.3083,44,748,0.05
2023-02-15,86.08,105,0.08,call,0.0135,0.0136,0.0134,0.0137,0.2724,41,492,0.05
2023-02-15,86.08,105,0.08,put,18.5031,18.1945,18.0094,18.3795,0.2236,46,368,0.05
2023-02-15,86.08,110,0.08,call,0.001,0.001,0.001,0.001,0.2605,44,484,0.05
2023-02-15,86.08,110,0.08,put,23.4822,23.4828,23.248,23.7176,0.2563,40,560,0.05
2023-02-15,86.08,90,0.25,call,4.637,4.6035,4.5571,4.6498,0.3405,49,245,0.05
2023-02-15,86.08,90,0.25,put,4.5259,4.4808,4.4355,4.526,0.167,50,600,0.05
2023-02-15,86.08,95,0.25,call,2.8473,2.8645,2.836,2.893,0.3312,50,650,0.05
2023-02-15,86.08,95,0.25,put,9.0202,9.0651,8.9749,9.1553,0.2242,58,406,0.05
2023-02-15,86.08,100,0.25,call,1.2006,1.1949,1.1829,1.2069,0.2877,40,440,0.05
2023-02-15,86.08,100,0.25,put,14.1305,13.9895,13.8482,14.1308,0.3087,47,282,0.05
2023-02-15,86.08,105,0.25,call,0.5328,0.534,0.5287,0.5394,0.2759,49,441,0.05
2023-02-15,86.08,105,0.25,put,18.045,17.786,17.6055,17.9664,0.2615,41,205,0.05
2023-02-15,86.08,110,0.25,call,0.068,0.0684,0.0677,0.069,0.221,29,145,0.05
2023-02-15,86.08,110,0.25,put,22.5862,23.0782,22.8524,23.3041,0.1996,48,288,0.05
2023-02-15,86.08,90,0.5,call,5.5465,5.557,5.5015,5.6125,0.2597,59,413,0.05
2023-02-15,86.08,90,0.5,put,5.8531,5.8466,5.788,5.9051,0.2023,52,520,0.05
2023-02-15,86.08,95,0.5,call,3.2093,3.205,3.1729,3.2371,0.2354,41,205,0.05
2023-02-15,86.08,95,0.5,put,9.6364,9.4989,9.4025,9.5953,0.2289,44,528,0.05
2023-02-15,86.08,100,0.5,call,2.3535,2.3842,2.3607,2.4078,0.2535,52,468,0.05
2023-02-15,86.08,100,0.5,put,14.0303,13.9911,13.8508,14.1314,0.2645,48,576,0.05
2023-02-15,86.08,105,0.5,call,3.3502,3.3339,3.3004,3.3674,0.3527,39,273,0.05
2023-02-15,86.08,105,0.5,put,18.4778,18.7323,18.5475,18.9171,0.2915,51,867,0.05
2023-02-15,86.08,110,0.5,call,1.5889,1.5806,1.5647,1.5965,0.301,40,200,0.05
2023-02-15,86.08,110,0.5,put,21.5696,22.0702,21.8545,22.2859,0.202,39,429,0.05
2023-02-16,85.12,90,0.08,call,1.0685,1.0602,1.0495,1.0709,0.2802,52,884,0.05
2023-02-16,85.12,90,0.08,put,5.1658,5.1956,5.1439,5.2473,0.2234,63,441,0.05
2023-02-16,85.12,95,0.08,call,0.0253,0.0256,0.0253,0.0258,0.1746,37,407,0.05
2023-02-16,85.12,95,0.08,put,9.565,9.5225,9.4269,9.6182,0.1996,53,1007,0.05
2023-02-16,85.12,100,0.08,call,0.024,0.0239,0.0237,0.0242,0.2429,43,602,0.05
2023-02-16,85.12,100,0.08,put,14.4951,14.5334,14.3885,14.6784,0.2181,46,552,0.05
2023-02-16,85.12,105,0.08,call,0.0032,0.0032,0.0031,0.0032,0.248,54,594,0.05
2023-02-16,85.12,105,0.08,put,19.4656,19.6025,19.4078,19.7971,0.2024,43,344,0.05
2023-02-16,85.12,110,0.08,call,0.0002,0.0002,0.0002,0.0002,0.2439,36,324,0.05
2023-02-16,85.12,110,0.08,put,24.4464,24.3027,24.0583,24.5472,0.2725,41,574,0.05
2023-02-16,85.12,90,0.25,call,2.898,2.8708,2.8418,2.8997,0.2615,33,462,0.05
2023-02-16,85.12,90,0.25,put,4.8421,4.7959,4.7475,4.8444,0.1455,53,848,0.05
2023-02-16,85.12,95,0.25,call,1.6969,1.7429,1.7259,1.7599,0.2727,49,931,0.05
2023-02-16,85.12,95,0.25,put,10.6495,10.6649,10.5584,10.7714,0.2904,50,500,0.05
2023-02-16,85.12,100,0.25,call,0.345,0.3416,0.3381,0.345,0.2107,41,451,0.05
2023-02-16,85.12,100,0.25,put,14.7147,14.8181,14.6709,14.9652,0.2917,50,700,0.05
2023-02-16,85.12,105,0.25,call,0.7595,0.7558,0.7482,0.7634,0.3171,51,612,0.05
2023-02-16,85.12,105,0.25,put,18.8539,18.7083,18.5198,18.8969,0.2477,50,450,0.05
2023-02-16,85.12,110,0.25,call,0.0051,0.0052,0.0051,0.0052,0.1706,33,231,0.05
2023-02-16,85.12,110,0.25,put,24.2193,23.9807,23.7385,24.2229,0.3605,34,306,0.05
2023-02-16,85.12,90,0.5,call,5.53,5.5701,5.5148,5.6254,0.2784,44,572,0.05
2023-02-16,85.12,90,0.5,put,8.0487,8.1937,8.1132,8.2742,0.2724,49,931,0.05
2023-02-16,85.12,95,0.5,call,1.7789,1.749,1.7313,1.7668,0.1836,61,915,0.05
2023-02-16,85.12,95,0.5,put,10.8562,10.9064,10.7979,11.015,0.2554,48,480,0.05
2023-02-16,85.12,100,0.5,call,2.1634,2.188,2.1664,2.2096,0.2567,59,767,0.05
2023-02-16,85.12,100,0.5,put,14.3054,14.0941,13.951,14.2372,0.2423,36,360,0.05
2023-02-16,85.12,105,0.5,call,0.2704,0.2764,0.2737,0.2791,0.1661,45,810,0.05
2023-02-16,85.12,105,0.5,put,17.9168,17.6567,17.4775,17.8358,0.2031,46,552,0.05
2023-02-16,85.12,110,0.5,call,0.4971,0.4992,0.4942,0.5042,0.2255,46,506,0.05
2023-02-16,85.12,110,0.5,put,23.7044,23.4015,23.1644,23.6385,0.3084,46,414,0.05
2023-02-17,84.51,90,0.08,call,0.9663,0.949,0.9393,0.9586,0.2873,43,645,0.05
2023-02-17,84.51,90,0.08,put,5.3603,5.2732,5.2196,5.3268,0.1708,47,752,0.05
2023-02-17,84.51,95,0.08,call,0.0668,0.0664,0.0657,0.0671,0.215,44,528,0.05
2023-02-17,84.51,95,0.08,put,10.151,10.2249,10.1233,10.3264,0.1951,43,817,0.05
2023-02-17,84.51,100,0.08,call,0.0637,0.0651,0.0644,0.0657,0.2904,42,336,0.05
2023-02-17,84.51,100,0.08,put,15.1435,15.375,15.2235,15.5264,0.2791,34,238,0.05
2023-02-17,84.51,105,0.08,call,0.0006,0.0006,0.0006,0.0006,0.224,38,190,0.05
2023-02-17,84.51,105,0.08,put,20.0743,20.3597,20.159,20.5604,0.1848,40,640,0.05
2023-02-17,84.51,110,0.08,call,0.0002,0.0002,0.0002,0.0002,0.2508,36,252,0.05
2023-02-17,84.51,110,0.08,put,25.0543,25.2621,25.0116,25.5127,0.1615,30,330,0.05
2023-02-17,84.51,90,0.25,call,1.9833,2.0071,1.9873,2.027,0.2184,48,240,0.05
2023-02-17,84.51,90,0.25,put,7.5597,7.6195,7.5439,7.6951,0.2938,39,312,0.05
2023-02-17,84.51,95,0.25,call,0.6193,0.6183,0.6121,0.6245,0.1941,69,759,0.05
2023-02-17,84.51,95,0.25,put,10.0196,9.959,9.8588,10.0592,0.2026,54,918,0.05
2023-02-17,84.51,100,0.25,call,0.8042,0.7963,0.7883,0.8044,0.2749,54,756,0.05
2023-02-17,84.51,100,0.25,put,14.775,14.6028,14.455,14.7505,0.243,50,300,0.05
2023-02-17,84.51,105,0.25,call,0.4161,0.4136,0.4094,0.4178,0.2797,51,306,0.05
2023-02-17,84.51,105,0.25,put,19.4732,19.6284,19.4336,19.8231,0.257,43,473,0.05
2023-02-17,84.51,110,0.25,call,0.0294,0.0301,0.0298,0.0304,0.2113,41,615,0.05
2023-02-17,84.51,110,0.25,put,24.1569,23.8998,23.6582,24.1413,0.2116,44,308,0.05
2023-02-17,84.51,90,0.5,call,2.5063,2.4802,2.4552,2.5053,0.1617,48,912,0.05
2023-02-17,84.51,90,0.5,put,8.6701,8.6269,8.5402,8.7136,0.2849,52,936,0.05
2023-02-17,84.51,95,0.5,call,3.9127,3.8832,3.8441,3.9224,0.2917,43,258,0.05
2023-02-17,84.51,95,0.5,put,10.1819,10.0415,9.9397,10.1434,0.2047,43,559,0.05
2023-02-17,84.51,100,0.5,call,2.5872,2.612,2.5861,2.6378,0.2865,46,368,0.05
2023-02-17,84.51,100,0.5,put,16.012,16.1499,15.9898,16.3101,0.3064,43,301,0.05
2023-02-17,84.51,105,0.5,call,0.4865,0.4745,0.4696,0.4793,0.196,37,370,0.05
2023-02-17,84.51,105,0.5,put,19.4822,19.6687,19.4739,19.8636,0.2777,41,328,0.05
2023-02-17,84.51,110,0.5,call,0.6305,0.6233,0.617,0.6296,0.2447,43,344,0.05
2023-02-17,84.51,110,0.5,put,25.0878,25.1226,24.8717,25.3735,0.3629,44,264,0.05
2023-02-18,85.93,90,0.08,call,0.4582,0.4639,0.4593,0.4685,0.1726,56,560,0.05
2023-02-18,85.93,90,0.08,put,4.5508,4.5571,4.5116,4.6026,0.2243,48,912,0.05
2023-02-18,85.93,95,0.08,call,0.2448,0.2443,0.2418,0.2467,0.2477,52,364,0.05
2023-02-18,85.93,95,0.08,put,8.7165,8.8013,8.7141,8.8885,0.1626,46,368,0.05
2023-02-18,85.93,100,0.08,call,0.091,0.0898,0.0889,0.0907,0.2812,54,432,0.05
2023-02-18,85.93,100,0.08,put,13.8166,13.5296,13.3914,13.6678,0.3072,44,264,0.05
2023-02-18,85.93,105,0.08,call,0.0033,0.0033,0.0033,0.0033,0.2382,30,390,0.05
2023-02-18,85.93,105,0.08,put,18.6503,18.7667,18.5802,18.9532,0.216,44,748,0.05
2023-02-18,85.93,110,0.08,call,0.0,0.0,0.0,0.0,0.1787,45,585,0.05
2023-02-18,85.93,110,0.08,put,23.631,23.8954,23.6591,24.1317,0.2729,53,742,0.05
2023-02-18,85.93,90,0.25,call,4.1147,4.0842,4.043,4.1253,0.3137,47,799,0.05
2023-02-18,85.93,90,0.25,put,5.3456,5.3471,5.2937,5.4006,0.2114,60,1020,0.05
2023-02-18,85.93,95,0.25,call,1.9019,1.8926,1.8736,1.9116,0.2716,42,672,0.05
2023-02-18,85.93,95,0.25,put,9.706,9.656,9.5589,9.753,0.2657,54,378,0.05
2023-02-18,85.93,100,0.25,call,0.7077,0.6982,0.6911,0.7053,0.2437,48,672,0.05
2023-02-18,85.93,100,0.25,put,13.4441,13.3137,13.1792,13.4481,0.234,41,656,0.05
2023-02-18,85.93,105,0.25,call,1.0503,1.054,1.0435,1.0645,0.3364,33,429,0.05
2023-02-18,85.93,105,0.25,put,18.5589,18.491,18.3054,18.6766,0.3096,48,432,0.05
2023-02-18,85.93,110,0.25,call,0.2406,0.2441,0.2417,0.2465,0.2752,31,527,0.05
2023-02-18,85.93,110,0.25,put,22.8243,22.8346,22.6063,23.0628,0.2438,35,490,0.05
2023-02-18,85.93,90,0.5,call,5.8845,5.8578,5.7989,5.9166,0.2767,50,500,0.05
2023-02-18,85.93,90,0.5,put,6.9694,7.0037,6.934,7.0734,0.2452,46,322,0.05
2023-02-18,85.93,95,0.5,call,3.2271,3.1935,3.1612,3.2257,0.2385,58,406,0.05
2023-02-18,85.93,95,0.5,put,10.8961,10.9585,10.8495,11.0675,0.2796,45,675,0.05
2023-02-18,85.93,100,0.5,call,1.4313,1.4223,1.408,1.4367,0.207,43,473,0.05
2023-02-18,85.93,100,0.5,put,11.8234,11.8089,11.6906,11.9271,0.1191,48,336,0.05
2023-02-18,85.93,105,0.5,call,1.4765,1.4907,1.4759,1.5054,0.2548,38,266,0.05
2023-02-18,85.93,105,0.5,put,16.9366,16.8685,16.6991,17.0378,0.1802,43,731,0.05
2023-02-18,85.93,110,0.5,call,1.3357,1.3056,1.2923,1.319,0.2861,48,432,0.05
2023-02-18,85.93,110,0.5,put,22.4158,22.3465,22.1223,22.5707,0.2668,36,612,0.05
2023-02-19,86.4,90,0.08,call,1.0059,1.0121,1.002,1.0221,0.2282,36,252,0.05
2023-02-19,86.4,90,0.08,put,3.7473,3.8001,3.7626,3.8375,0.1659,48,624,0.05
2023-02-19,86.4,95,0.08,call,0.2008,0.1991,0.1971,0.2011,0.2256,40,360,0.05
2023-02-19,86.4,95,0.08,put,8.4181,8.4424,8.3582,8.5266,0.2259,45,315,0.05
2023-02-19,86.4,100,0.08,call,0.0956,0.0945,0.0936,0.0955,0.2748,50,500,0.05
2023-02-19,86.4,100,0.08,put,13.2059,13.14,13.008,13.2721,0.1983,42,546,0.05
2023-02-19,86.4,105,0.08,call,0.0015,0.0014,0.0014,0.0015,0.2165,44,836,0.05
2023-02-19,86.4,105,0.08,put,18.18,18.231,18.0492,18.4128,0.2334,39,351,0.05
2023-02-19,86.4,110,0.08,call,0.0,0.0,0.0,0.0,0.1523,42,210,0.05
2023-02-19,86.4,110,0.08,put,23.16,23.4344,23.2028,23.666,0.2832,44,836,0.05
2023-02-19,86.4,90,0.25,call,2.1687,2.1447,2.123,2.1664,0.1865,51,408,0.05
2023-02-19,86.4,90,0.25,put,6.2798,6.3176,6.2548,6.3804,0.283,54,432,0.05
2023-02-19,86.4,95,0.25,call,2.1482,2.1711,2.1496,2.1926,0.2789,50,600,0.05
2023-02-19,86.4,95,0.25,put,8.9532,8.6428,8.5533,8.7323,0.2371,59,413,0.05
2023-02-19,86.4,100,0.25,call,0.6743,0.6831,0.6763,0.6898,0.2333,50,900,0.05
2023-02-19,86.4,100,0.25,put,12.5537,12.4137,12.2881,12.5392,0.171,55,770,0.05
2023-02-19,86.4,105,0.25,call,0.3744,0.3643,0.3606,0.3681,0.2492,41,697,0.05
2023-02-19,86.4,105,0.25,put,17.789,17.9389,17.761,18.1167,0.267,49,833,0.05
2023-02-19,86.4,110,0.25,call,0.2907,0.2921,0.2892,0.295,0.2802,43,387,0.05
2023-02-19,86.4,110,0.25,put,22.3907,22.6714,22.4475,22.8953,0.2506,43,731,0.05
2023-02-19,86.4,90,0.5,call,5.5663,5.5282,5.4725,5.5838,0.2539,54,864,0.05
2023-02-19,86.4,90,0.5,put,7.8447,7.959,7.8806,8.0375,0.291,56,840,0.05
2023-02-19,86.4,95,0.5,call,4.2211,4.1555,4.1133,4.1977,0.2738,44,660,0.05
2023-02-19,86.4,95,0.5,put,11.7683,11.8338,11.7162,11.9515,0.3283,52,468,0.05
2023-02-19,86.4,100,0.5,call,0.5922,0.5916,0.5857,0.5975,0.1484,51,918,0.05
2023-02-19,86.4,100,0.5,put,14.6816,14.7086,14.5618,14.8554,0.3056,43,516,0.05
2023-02-19,86.4,105,0.5,call,0.7198,0.6983,0.6911,0.7055,0.1982,44,484,0.05
2023-02-19,86.4,105,0.5,put,16.6892,16.776,16.6091,16.9429,0.1955,50,250,0.05
2023-02-19,86.4,110,0.5,call,0.8603,0.8551,0.8465,0.8637,0.2464,35,350,0.05
2023-02-19,86.4,110,0.5,put,21.248,21.1609,20.9484,21.3734,0.1996,44,572,0.05
2023-02-20,84.04,90,0.08,call,0.9559,0.9609,0.9513,0.9704,0.3009,39,312,0.05
2023-02-20,84.04,90,0.08,put,6.6447,6.7046,6.6382,6.7711,0.3133,50,300,0.05
2023-02-20,84.04,95,0.08,call,0.4001,0.3981,0.3941,0.4021,0.3292,48,288,0.05
2023-02-20,84.04,95,0.08,put,10.6362,10.7274,10.621,10.8338,0.2196,34,646,0.05
2023-02-20,84.04,100,0.08,call,0.0001,0.0001,0.0001,0.0001,0.1634,41,287,0.05
2023-02-20,84.04,100,0.08,put,15.5736,15.2834,15.1277,15.4391,0.2496,39,351,0.05
2023-02-20,84.04,105,0.08,call,0.0129,0.013,0.0129,0.0131,0.3009,42,462,0.05
2023-02-20,84.04,105,0.08,put,20.5382,20.5931,20.3877,20.7984,0.2499,39,624,0.05
2023-02-20,84.04,110,0.08,call,0.0003,0.0003,0.0003,0.0003,0.2627,37,296,0.05
2023-02-20,84.04,110,0.08,put,25.5164,25.4311,25.1759,25.6863,0.1435,31,279,0.05
2023-02-20,84.04,90,0.25,call,2.8758,2.9406,2.9119,2.9694,0.2856,60,840,0.05
2023-02-20,84.04,90,0.25,put,6.7945,6.7466,6.6786,6.8145,0.2268,40,600,0.05
2023-02-20,84.04,95,0.25,call,0.9494,0.9238,0.9143,0.9332,0.2324,40,760,0.05
2023-02-20,84.04,95,0.25,put,10.8734,10.7539,10.6452,10.8627,0.2453,42,546,0.05
2023-02-20,84.04,100,0.25,call,1.4156,1.392,1.3778,1.4062,0.3398,46,828,0.05
2023-02-20,84.04,100,0.25,put,15.3649,15.4662,15.3125,15.6198,0.2649,35,385,0.05
2023-02-20,84.04,105,0.25,call,0.5415,0.5372,0.5318,0.5426,0.3042,48,816,0.05
2023-02-20,84.04,105,0.25,put,20.043,20.2099,20.0095,20.4104,0.2817,40,280,0.05
2023-02-20,84.04,110,0.25,call,0.033,0.0329,0.0325,0.0332,0.2185,42,210,0.05
2023-02-20,84.04,110,0.25,put,24.5909,24.461,24.2151,24.707,0.1635,36,576,0.05
2023-02-20,84.04,90,0.5,call,4.8728,4.9185,4.8697,4.9672,0.2716,38,684,0.05
2023-02-20,84.04,90,0.5,put,9.0118,9.0199,8.9298,9.11,0.2888,63,315,0.05
2023-02-20,84.04,95,0.5,call,2.9098,2.8734,2.8443,2.9025,0.2534,43,817,0.05
2023-02-20,84.04,95,0.5,put,11.6739,11.7543,11.6376,11.871,0.2605,50,500,0.05
2023-02-20,84.04,100,0.5,call,1.9402,1.9356,1.9162,1.955,0.2588,37,444,0.05
2023-02-20,84.04,100,0.5,put,15.6972,15.6547,15.4978,15.8117,0.2733,44,836,0.05
2023-02-20,84.04,105,0.5,call,0.4329,0.4322,0.4279,0.4365,0.1948,39,390,0.05
2023-02-20,84.04,105,0.5,put,20.38,20.3737,20.1699,20.5775,0.3093,45,405,0.05
2023-02-20,84.04,110,0.5,call,0.2347,0.2372,0.2349,0.2396,0.2008,48,240,0.05
2023-02-20,84.04,110,0.5,put,24.7915,25.1671,24.9191,25.415,0.3214,30,540,0.05
2023-02-21,84.48,90,0.08,call,0.1676,0.1675,0.1658,0.1691,0.1581,59,531,0.05
2023-02-21,84.48,90,0.08,put,6.2171,6.1111,6.049,6.1733,0.3,56,616,0.05
2023-02-21,84.48,95,0.08,call,0.3159,0.3134,0.3102,0.3165,0.2991,58,1044,0.05
2023-02-21,84.48,95,0.08,put,10.2564,10.2584,10.1559,10.361,0.2388,44,484,0.05
2023-02-21,84.48,100,0.08,call,0.0277,0.0276,0.0274,0.0279,0.2579,54,648,0.05
2023-02-21,84.48,100,0.08,put,15.1577,15.0564,14.9048,15.2079,0.269,33,297,0.05
2023-02-21,84.48,105,0.08,call,0.014,0.0137,0.0136,0.0139,0.2971,39,312,0.05
2023-02-21,84.48,105,0.08,put,20.1009,19.9726,19.7716,20.1736,0.2303,38,494,0.05
2023-02-21,84.48,110,0.08,call,0.0,0.0,0.0,0.0,0.2062,33,627,0.05
2023-02-21,84.48,110,0.08,put,25.0802,25.1732,24.9224,25.424,0.2412,44,308,0.05
2023-02-21,84.48,90,0.25,call,2.087,2.1041,2.0833,2.125,0.2257,54,486,0.05
2023-02-21,84.48,90,0.25,put,6.7168,6.7045,6.6373,6.7717,0.2402,47,423,0.05
2023-02-21,84.48,95,0.25,call,0.8927,0.8991,0.8902,0.908,0.2202,39,390,0.05
2023-02-21,84.48,95,0.25,put,10.8592,10.7401,10.6315,10.8487,0.2713,50,950,0.05
2023-02-21,84.48,100,0.25,call,0.9608,0.953,0.9434,0.9626,0.2911,46,828,0.05
2023-02-21,84.48,100,0.25,put,14.3461,14.3476,14.2042,14.4911,0.1595,52,312,0.05
2023-02-21,84.48,105,0.25,call,0.0376,0.0374,0.037,0.0378,0.1832,36,360,0.05
2023-02-21,84.48,105,0.25,put,19.8111,19.5934,19.3953,19.7915,0.3058,37,259,0.05
2023-02-21,84.48,110,0.25,call,0.21,0.21,0.2079,0.2121,0.2844,47,564,0.05
2023-02-21,84.48,110,0.25,put,24.3591,23.9595,23.7159,24.2031,0.2834,34,204,0.05
2023-02-21,84.48,90,0.5,call,3.9132,3.9312,3.8921,3.9703,0.2226,51,459,0.05
2023-02-21,84.48,90,0.5,put,7.6099,7.5813,7.5052,7.6574,0.2396,43,258,0.05
2023-02-21,84.48,95,0.5,call,1.6303,1.6146,1.5983,1.6309,0.1848,57,798,0.05
2023-02-21,84.48,95,0.5,put,8.624,8.6089,8.5227,8.6952,0.1143,45,360,0.05
2023-02-21,84.48,100,0.5,call,2.8518,2.8492,2.8207,2.8777,0.3001,31,589,0.05
2023-02-21,84.48,100,0.5,put,14.9598,14.7361,14.5865,14.8857,0.2515,31,434,0.05
2023-02-21,84.48,105,0.5,call,1.1422,1.1297,1.1183,1.1412,0.2494,39,663,0.05
2023-02-21,84.48,105,0.5,put,19.295,19.2014,19.0084,19.3943,0.2645,43,688,0.05
2023-02-21,84.48,110,0.5,call,0.9514,0.9686,0.9591,0.9782,0.2731,35,175,0.05
2023-02-21,84.48,110,0.5,put,23.0501,23.4814,23.2509,23.7119,0.1992,34,476,0.05
2023-02-22,83.98,90,0.08,call,0.3407,0.3369,0.3335,0.3403,0.2075,46,460,0.05
2023-02-22,83.98,90,0.08,put,5.7198,5.6748,5.6176,5.732,0.1333,49,931,0.05
2023-02-22,83.98,95,0.08,call,0.0392,0.0388,0.0384,0.0392,0.2064,49,294,0.05
2023-02-22,83.98,95,0.08,put,10.8579,10.7683,10.6597,10.8769,0.283,47,423,0.05
2023-02-22,83.98,100,0.08,call,0.1388,0.1404,0.139,0.1418,0.3423,51,255,0.05
2023-02-22,83.98,100,0.08,put,15.6921,15.5974,15.4405,15.7543,0.3026,40,480,0.05
2023-02-22,83.98,105,0.08,call,0.0,0.0,0.0,0.0,0.1903,40,600,0.05
2023-02-22,83.98,105,0.08,put,20.6259,20.6631,20.4568,20.8694,0.3199,43,774,0.05
2023-02-22,83.98,110,0.08,call,0.0,0.0,0.0,0.0,0.2093,43,559,0.05
2023-02-22,83.98,110,0.08,put,25.5846,25.6436,25.3878,25.8995,0.206,32,576,0.05
2023-02-22,83.98,90,0.25,call,1.6528,1.6455,1.629,1.662,0.2081,42,798,0.05
2023-02-22,83.98,90,0.25,put,8.0315,8.0282,7.9479,8.1085,0.3029,49,686,0.05
2023-02-22,83.98,95,0.25,call,0.3892,0.3865,0.3826,0.3904,0.1763,47,893,0.05
2023-02-22,83.98,95,0.25,put,11.0732,11.1166,11.0059,11.2273,0.2574,45,405,0.05
2023-02-22,83.98,100,0.25,call,0.0765,0.0759,0.0752,0.0767,0.1674,39,741,0.05
2023-02-22,83.98,100,0.25,put,15.1851,15.3474,15.1955,15.4992,0.2341,45,405,0.05
2023-02-22,83.98,105,0.25,call,0.0344,0.0344,0.034,0.0347,0.1857,32,160,0.05
2023-02-22,83.98,105,0.25,put,19.9089,20.3727,20.1736,20.5718,0.243,38,456,0.05
2023-02-22,83.98,110,0.25,call,0.1067,0.1068,0.1057,0.1078,0.2584,30,210,0.05
2023-02-22,83.98,110,0.25,put,24.6683,24.1439,23.8973,24.3906,0.1934,30,360,0.05
2023-02-22,83.98,90,0.5,call,4.2229,4.2108,4.1685,4.253,0.2452,55,880,0.05
2023-02-22,83.98,90,0.5,put,9.489,9.5869,9.492,9.6818,0.3075,37,592,0.05
2023-02-22,83.98,95,0.5,call,4.6126,4.6725,4.6264,4.7187,0.3315,48,336,0.05
2023-02-22,83.98,95,0.5,put,12.5388,12.6188,12.4935,12.7442,0.298,43,473,0.05
2023-02-22,83.98,100,0.5,call,0.7308,0.7282,0.7208,0.7355,0.1841,47,470,0.05
2023-02-22,83.98,100,0.5,put,15.9734,16.0183,15.8585,16.178,0.2851,31,310,0.05
2023-02-22,83.98,105,0.5,call,1.9728,1.9864,1.9667,2.0061,0.3076,42,210,0.05
2023-02-22,83.98,105,0.5,put,19.5168,19.2545,19.0593,19.4497,0.2509,42,252,0.05
2023-02-22,83.98,110,0.5,call,0.2303,0.2308,0.2285,0.2331,0.2006,37,333,0.05
2023-02-22,83.98,110,0.5,put,24.2426,24.134,23.8916,24.3764,0.2769,36,648,0.05
2023-02-23,83.09,90,0.08,call,1.6274,1.6292,1.6129,1.6455,0.4207,51,918,0.05
2023-02-23,83.09,90,0.08,put,7.7741,7.7394,7.6617,7.8172,0.3686,48,288,0.05
2023-02-23,83.09,95,0.08,call,0.1349,0.1345,0.1332,0.1359,0.2748,44,220,0.05
2023-02-23,83.09,95,0.08,put,11.5617,11.5727,11.4571,11.6883,0.2164,43,430,0.05
2023-02-23,83.09,100,0.08,call,0.0377,0.0373,0.0369,0.0377,0.2924,33,198,0.05
2023-02-23,83.09,100,0.08,put,16.5607,16.6133,16.4477,16.7789,0.3061,39,741,0.05
2023-02-23,83.09,105,0.08,call,0.0004,0.0004,0.0004,0.0004,0.2352,38,570,0.05
2023-02-23,83.09,105,0.08,put,21.4888,21.4824,21.2675,21.6973,0.1611,41,697,0.05
2023-02-23,83.09,110,0.08,call,0.0,0.0,0.0,0.0,0.2448,31,589,0.05
2023-02-23,83.09,110,0.08,put,26.4772,26.8724,26.6076,27.1372,0.3543,44,572,0.05
2023-02-23,83.09,90,0.25,call,2.4931,2.5008,2.4759,2.5257,0.283,50,550,0.05
2023-02-23,83.09,90,0.25,put,6.9866,6.9307,6.8608,7.0006,0.1936,47,470,0.05
2023-02-23,83.09,95,0.25,call,0.8138,0.8223,0.8141,0.8304,0.2354,49,833,0.05
2023-02-23,83.09,95,0.25,put,12.6833,12.553,12.4262,12.6799,0.3301,37,407,0.05
2023-02-23,83.09,100,0.25,call,1.0512,1.0593,1.0488,1.0698,0.3218,38,684,0.05
2023-02-23,83.09,100,0.25,put,15.9653,15.6605,15.5009,15.8202,0.2293,40,360,0.05
2023-02-23,83.09,105,0.25,call,0.3608,0.3585,0.3549,0.3622,0.2885,46,690,0.05
2023-02-23,83.09,105,0.25,put,20.637,20.5812,20.3748,20.7876,0.1931,41,369,0.05
2023-02-23,83.09,110,0.25,call,0.0653,0.0644,0.0637,0.065,0.2486,36,288,0.05
2023-02-23,83.09,110,0.25,put,25.6232,25.2252,24.9689,25.4814,0.2568,26,338,0.05
2023-02-23,83.09,90,0.5,call,4.7264,4.7747,4.7275,4.822,0.2833,52,884,0.05
2023-02-23,83.09,90,0.5,put,10.2183,10.2931,10.1909,10.3953,0.3181,51,816,0.05
2023-02-23,83.09,95,0.5,call,3.8703,3.8341,3.7954,3.8728,0.3127,60,300,0.05
2023-02-23,83.09,95,0.5,put,13.6803,13.9701,13.8333,14.1069,0.324,50,800,0.05
2023-02-23,83.09,100,0.5,call,1.0883,1.0898,1.0789,1.1007,0.2192,34,306,0.05
2023-02-23,83.09,100,0.5,put,14.76,14.8827,14.7351,15.0303,0.1557,44,572,0.05
2023-02-23,83.09,105,0.5,call,1.2518,1.251,1.2385,1.2635,0.2724,42,756,0.05
2023-02-23,83.09,105,0.5,put,22.5145,22.9734,22.7482,23.1985,0.3861,51,510,0.05
2023-02-23,83.09,110,0.5,call,0.3313,0.3316,0.3283,0.3349,0.2233,33,363,0.05
2023-02-23,83.09,110,0.5,put,24.6136,24.382,24.1359,24.6282,0.2351,45,540,0.05
2023-02-24,83.9,90,0.08,call,0.6017,0.5904,0.5844,0.5964,0.254,53,689,0.05
2023-02-24,83.9,90,0.08,put,6.0518,6.0528,5.9923,6.1134,0.2041,47,470,0.05
2023-02-24,83.9,95,0.08,call,0.0717,0.0711,0.0704,0.0718,0.2292,38,380,0.05
2023-02-24,83.9,95,0.08,put,10.9307,10.7325,10.6232,10.8418,0.2844,50,450,0.05
2023-02-24,83.9,100,0.08,call,0.0002,0.0002,0.0002,0.0002,0.1678,44,484,0.05
2023-02-24,83.9,100,0.08,put,15.7171,15.799,15.6418,15.9561,0.2546,48,336,0.05
2023-02-24,83.9,105,0.08,call,0.0011,0.0011,0.0011,0.0011,0.2416,41,246,0.05
2023-02-24,83.9,105,0.08,put,20.6978,20.7617,20.5547,20.9687,0.3177,38,190,0.05
2023-02-24,83.9,110,0.08,call,0.0001,0.0001,0.0001,0.0001,0.242,38,418,0.05
2023-02-24,83.9,110,0.08,put,25.6633,25.7126,25.456,25.9692,0.3266,42,714,0.05
2023-02-24,83.9,90,0.25,call,3.6977,3.7409,3.7039,3.7778,0.3402,45,765,0.05
2023-02-24,83.9,90,0.25,put,6.6567,6.6798,6.6133,6.7464,0.2112,29,406,0.05
2023-02-24,83.9,95,0.25,call,1.3729,1.3746,1.3609,1.3884,0.2703,56,840,0.05
2023-02-24,83.9,95,0.25,put,12.2974,12.3079,12.1849,12.4308,0.3448,53,1007,0.05
2023-02-24,83.9,100,0.25,call,1.1452,1.1588,1.1473,1.1702,0.3179,35,175,0.05
2023-02-24,83.9,100,0.25,put,15.0606,15.0146,14.864,15.1652,0.2018,44,264,0.05
2023-02-24,83.9,105,0.25,call,0.63,0.6457,0.6394,0.652,0.3181,40,480,0.05
2023-02-24,83.9,105,0.25,put,20.5746,20.6071,20.4014,20.8129,0.337,53,318,0.05
2023-02-24,83.9,110,0.25,call,0.0883,0.0871,0.0862,0.088,0.2517,47,705,0.05
2023-02-24,83.9,110,0.25,put,24.7318,24.8278,24.5804,25.0751,0.1537,33,528,0.05
2023-02-24,83.9,90,0.5,call,4.4993,4.4208,4.3758,4.4658,0.2584,55,770,0.05
2023-02-24,83.9,90,0.5,put,8.3624,8.4837,8.4,8.5673,0.2578,46,644,0.05
2023-02-24,83.9,95,0.5,call,2.6628,2.7091,2.6825,2.7357,0.2438,45,585,0.05
2023-02-24,83.9,95,0.5,put,11.6351,11.5651,11.4487,11.6814,0.2543,49,392,0.05
2023-02-24,83.9,100,0.5,call,2.2483,2.247,2.2245,2.2695,0.2772,56,280,0.05
2023-02-24,83.9,100,0.5,put,15.3336,15.3857,15.2324,15.5391,0.2475,41,287,0.05
2023-02-24,83.9,105,0.5,call,0.2416,0.2423,0.2399,0.2447,0.1724,34,306,0.05
2023-02-24,83.9,105,0.5,put,19.7728,19.6872,19.4895,19.8849,0.2644,43,387,0.05
2023-02-24,83.9,110,0.5,call,0.078,0.0786,0.0778,0.0794,0.1676,39,195,0.05
2023-02-24,83.9,110,0.5,put,23.7291,23.6206,23.3833,23.8579,0.2185,31,403,0.05
2023-02-25,85.28,90,0.08,call,0.7165,0.7234,0.7163,0.7306,0.2288,56,840,0.05
2023-02-25,85.28,90,0.08,put,5.6085,5.6167,5.5606,5.6728,0.2968,41,574,0.05
2023-02-25,85.28,95,0.08,call,0.475,0.4746,0.4699,0.4794,0.3139,49,343,0.05
2023-02-25,85.28,95,0.08,put,9.6645,9.554,9.4574,9.6507,0.2824,45,630,0.05
2023-02-25,85.28,100,0.08,call,0.0194,0.0194,0.0192,0.0196,0.2338,41,287,0.05
2023-02-25,85.28,100,0.08,put,14.3478,14.4584,14.3149,14.6019,0.2467,47,376,0.05
2023-02-25,85.28,105,0.08,call,0.0006,0.0006,0.0006,0.0006,0.2163,40,640,0.05
2023-02-25,85.28,105,0.08,put,19.3047,19.2007,19.0076,19.3937,0.2618,32,352,0.05
2023-02-25,85.28,110,0.08,call,0.0001,0.0001,0.0001,0.0001,0.2327,36,540,0.05
2023-02-25,85.28,110,0.08,put,24.2787,24.0763,23.8335,24.3191,0.2335,37,370,0.05
2023-02-25,85.28,90,0.25,call,2.4806,2.5072,2.4824,2.5321,0.232,49,784,0.05
2023-02-25,85.28,90,0.25,put,7.2416,7.198,7.1256,7.2704,0.3024,50,800,0.05
2023-02-25,85.28,95,0.25,call,0.9222,0.91,0.9007,0.9192,0.2095,43,301,0.05
2023-02-25,85.28,95,0.25,put,10.4546,10.3807,10.2762,10.4853,0.2852,42,630,0.05
2023-02-25,85.28,100,0.25,call,1.3507,1.3645,1.351,1.378,0.3136,52,780,0.05
2023-02-25,85.28,100,0.25,put,14.9241,15.007,14.8577,15.1562,0.3218,41,492,0.05
2023-02-25,85.28,105,0.25,call,0.3196,0.3263,0.3231,0.3294,0.254,40,520,0.05
2023-02-25,85.28,105,0.25,put,18.7923,18.7992,18.6113,18.9871,0.2639,51,459,0.05
2023-02-25,85.28,110,0.25,call,0.1396,0.1389,0.1375,0.1403,0.2561,46,828,0.05
2023-02-25,85.28,110,0.25,put,23.5115,23.3479,23.1128,23.583,0.2622,41,697,0.05
2023-02-25,85.28,90,0.5,call,7.7278,7.8656,7.7883,7.9429,0.3665,60,600,0.05
2023-02-25,85.28,90,0.5,put,10.1547,10.0667,9.9652,10.1683,0.3636,44,528,0.05
2023-02-25,85.28,95,0.5,call,3.3519,3.3318,3.2983,3.3654,0.2543,42,210,0.05
2023-02-25,85.28,95,0.5,put,11.0915,10.9242,10.8133,11.0351,0.2706,44,220,0.05
2023-02-25,85.28,100,0.5,call,1.4607,1.4733,1.4587,1.4879,0.2165,35,175,0.05
2023-02-25,85.28,100,0.5,put,12.6864,12.6671,12.5403,12.794,0.1468,40,240,0.05
2023-02-25,85.28,105,0.5,call,1.6633,1.663,1.6463,1.6796,0.2736,49,490,0.05
2023-02-25,85.28,105,0.5,put,18.6253,18.7363,18.5501,18.9226,0.2637,47,799,0.05
2023-02-25,85.28,110,0.5,call,1.3952,1.3904,1.3764,1.4043,0.2972,43,430,0.05
2023-02-25,85.28,110,0.5,put,22.3134,22.2256,22.0025,22.4487,0.202,42,546,0.05
2023-02-26,86.55,90,0.08,call,0.4603,0.4496,0.445,0.4542,0.1545,44,220,0.05
2023-02-26,86.55,90,0.08,put,4.0913,4.0518,4.0109,4.0928,0.2224,48,576,0.05
2023-02-26,86.55,95,0.08,call,0.0513,0.0512,0.0507,0.0517,0.1685,36,576,0.05
2023-02-26,86.55,95,0.08,put,8.4641,8.3593,8.2747,8.444,0.2657,53,583,0.05
2023-02-26,86.55,100,0.08,call,0.0851,0.0849,0.084,0.0857,0.2666,39,273,0.05
2023-02-26,86.55,100,0.08,put,13.2412,13.3132,13.1808,13.4456,0.3103,40,640,0.05
2023-02-26,86.55,105,0.08,call,0.0191,0.019,0.0188,0.0192,0.2766,31,465,0.05
2023-02-26,86.55,105,0.08,put,18.0524,18.1628,17.9823,18.3433,0.2787,29,203,0.05
2023-02-26,86.55,110,0.08,call,0.0014,0.0014,0.0014,0.0014,0.2611,37,296,0.05
2023-02-26,86.55,110,0.08,put,23.0121,23.0506,22.8204,23.2807,0.1642,43,387,0.05
2023-02-26,86.55,90,0.25,call,3.4761,3.5032,3.4685,3.538,0.2601,47,705,0.05
2023-02-26,86.55,90,0.25,put,4.862,4.8097,4.7611,4.8583,0.2044,50,350,0.05
2023-02-26,86.55,95,0.25,call,1.8458,1.8553,1.8369,1.8738,0.2557,44,440,0.05
2023-02-26,86.55,95,0.25,put,7.8801,7.8576,7.7788,7.9364,0.1617,33,528,0.05
2023-02-26,86.55,100,0.25,call,0.5851,0.5878,0.582,0.5937,0.2216,51,867,0.05
2023-02-26,86.55,100,0.25,put,12.642,12.6772,12.5508,12.8036,0.2038,51,510,0.05
2023-02-26,86.55,105,0.25,call,0.6905,0.696,0.6891,0.7029,0.2891,44,220,0.05
2023-02-26,86.55,105,0.25,put,17.5495,17.43,17.2546,17.6055,0.2517,40,400,0.05
2023-02-26,86.55,110,0.25,call,0.1823,0.1804,0.1785,0.1822,0.2545,44,440,0.05
2023-02-26,86.55,110,0.25,put,22.1197,22.0876,21.8664,22.3088,0.1975,38,418,0.05
2023-02-26,86.55,90,0.5,call,4.1207,4.1726,4.1314,4.2138,0.1917,41,533,0.05
2023-02-26,86.55,90,0.5,put,9.2582,9.4536,9.3611,9.5462,0.3519,41,656,0.05
2023-02-26,86.55,95,0.5,call,2.7296,2.7355,2.7082,2.7628,0.207,55,275,0.05
2023-02-26,86.55,95,0.5,put,9.2156,9.3344,9.2422,9.4266,0.2237,48,624,0.05
2023-02-26,86.55,100,0.5,call,1.3413,1.3546,1.3412,1.368,0.1945,41,410,0.05
2023-02-26,86.55,100,0.5,put,14.4245,14.3365,14.1922,14.4807,0.2984,38,570,0.05
2023-02-26,86.55,105,0.5,call,1.8293,1.8227,1.8044,1.841,0.2681,33,396,0.05
2023-02-26,86.55,105,0.5,put,17.9241,17.8464,17.6672,18.0257,0.2811,32,256,0.05
2023-02-26,86.55,110,0.5,call,1.1117,1.1087,1.0976,1.1199,0.2639,40,360,0.05
2023-02-26,86.55,110,0.5,put,21.2201,21.2968,21.0846,21.509,0.2113,41,410,0.05
2023-02-27,85.42,90,0.08,call,0.7725,0.7768,0.7691,0.7845,0.232,43,258,0.05
2023-02-27,85.42,90,0.08,put,5.0981,5.1302,5.0793,5.1812,0.2456,42,210,0.05
2023-02-27,85.42,95,0.08,call,0.2214,0.2196,0.2174,0.2219,0.2532,48,912,0.05
2023-02-27,85.42,95,0.08,put,9.3327,9.4175,9.3242,9.5108,0.2251,41,697,0.05
2023-02-27,85.42,100,0.08,call,0.0139,0.014,0.0138,0.0141,0.2225,43,688,0.05
2023-02-27,85.42,100,0.08,put,14.3872,14.2607,14.1168,14.4046,0.3392,38,228,0.05
2023-02-27,85.42,105,0.08,call,0.0,0.0,0.0,0.0,0.1807,40,520,0.05
2023-02-27,85.42,105,0.08,put,19.1636,19.353,19.1614,19.5446,0.2298,30,240,0.05
2023-02-27,85.42,110,0.08,call,0.0114,0.0112,0.0111,0.0113,0.3323,38,722,0.05
2023-02-27,85.42,110,0.08,put,24.1421,23.8,23.5586,24.0414,0.1849,38,266,0.05
2023-02-27,85.42,90,0.25,call,1.3875,1.3985,1.3847,1.4124,0.1602,52,728,0.05
2023-02-27,85.42,90,0.25,put,7.416,7.4202,7.3461,7.4944,0.3175,57,912,0.05
2023-02-27,85.42,95,0.25,call,0.4308,0.421,0.4167,0.4253,0.1607,44,616,0.05
2023-02-27,85.42,95,0.25,put,10.3083,10.3045,10.2014,10.4076,0.2819,44,484,0.05
2023-02-27,85.42,100,0.25,call,1.3499,1.3292,1.3157,1.3427,0.3113,49,686,0.05
2023-02-27,85.42,100,0.25,put,13.5998,13.3674,13.2314,13.5034,0.1936,43,645,0.05
2023-02-27,85.42,105,0.25,call,0.0949,0.0932,0.0923,0.0942,0.2003,48,576,0.05
2023-02-27,85.42,105,0.25,put,18.3543,18.4899,18.3063,18.6734,0.1939,46,828,0.05
2023-02-27,85.42,110,0.25,call,0.0318,0.0311,0.0308,0.0314,0.2052,34,442,0.05
2023-02-27,85.42,110,0.25,put,23.3353,23.6804,23.447,23.9137,0.2485,33,429,0.05
2023-02-27,85.42,90,0.5,call,5.1153,5.1483,5.0971,5.1994,0.2551,49,686,0.05
2023-02-27,85.42,90,0.5,put,8.027,8.0188,7.9385,8.099,0.2781,47,705,0.05
2023-02-27,85.42,95,0.5,call,4.6073,4.6256,4.5795,4.6717,0.3069,52,468,0.05
2023-02-27,85.42,95,0.5,put,10.7302,10.705,10.5977,10.8123,0.2585,59,413,0.05
2023-02-27,85.42,100,0.5,call,0.6249,0.6229,0.6167,0.6292,0.1609,49,833,0.05
2023-02-27,85.42,100,0.5,put,15.5959,15.4559,15.2999,15.6118,0.3169,58,406,0.05
2023-02-27,85.42,105,0.5,call,0.8482,0.853,0.8446,0.8615,0.2181,35,210,0.05
2023-02-27,85.42,105,0.5,put,18.7878,18.7275,18.5397,18.9154,0.28,45,225,0.05
2023-02-27,85.42,110,0.5,call,0.3226,0.3261,0.3229,0.3293,0.2023,54,1026,0.05
2023-02-27,85.42,110,0.5,put,25.1586,25.8434,25.5918,26.095,0.4047,52,728,0.05
2023-02-28,85.01,90,0.08,call,1.136,1.1343,1.123,1.1457,0.2922,47,329,0.05
2023-02-28,85.01,90,0.08,put,5.5434,5.5829,5.5275,5.6383,0.2637,56,952,0.05
2023-02-28,85.01,95,0.08,call,0.0597,0.0603,0.0597,0.0609,0.2015,46,276,0.05
2023-02-28,85.01,95,0.08,put,10.0666,9.8584,9.7578,9.9591,0.317,47,611,0.05
2023-02-28,85.01,100,0.08,call,0.0323,0.0323,0.0319,0.0326,0.2545,43,215,0.05
2023-02-28,85.01,100,0.08,put,14.6488,14.348,14.2016,14.4945,0.2773,53,371,0.05
2023-02-28,85.01,105,0.08,call,0.0001,0.0001,0.0001,0.0001,0.191,32,608,0.05
2023-02-28,85.01,105,0.08,put,19.5883,19.4565,19.2606,19.6523,0.2969,46,782,0.05
2023-02-28,85.01,110,0.08,call,0.0016,0.0016,0.0016,0.0016,0.2831,51,612,0.05
2023-02-28,85.01,110,0.08,put,24.551,24.2243,23.9788,24.4698,0.2501,46,552,0.05
2023-02-28,85.01,90,0.25,call,2.8596,2.8576,2.829,2.8862,0.2617,37,592,0.05
2023-02-28,85.01,90,0.25,put,5.6053,5.5932,5.5371,5.6492,0.1913,54,972,0.05
2023-02-28,85.01,95,0.25,call,2.4478,2.4363,2.4118,2.4608,0.3271,48,768,0.05
2023-02-28,85.01,95,0.25,put,9.5909,9.4272,9.3313,9.5231,0.2016,55,495,0.05
2023-02-28,85.01,100,0.25,call,0.5103,0.5135,0.5084,0.5186,0.2344,48,912,0.05
2023-02-28,85.01,100,0.25,put,15.1532,15.3629,15.2114,15.5145,0.3228,43,817,0.05
2023-02-28,85.01,105,0.25,call,0.1562,0.1544,0.1528,0.156,0.223,45,855,0.05
2023-02-28,85.01,105,0.25,put,19.2497,19.3634,19.1709,19.5558,0.2944,49,294,0.05
2023-02-28,85.01,110,0.25,call,0.1421,0.1443,0.1429,0.1458,0.2598,33,462,0.05
2023-02-28,85.01,110,0.25,put,23.7297,23.8584,23.6211,24.0957,0.2476,41,615,0.05
2023-02-28,85.01,90,0.5,call,5.0071,5.036,4.9859,5.086,0.2587,42,630,0.05
2023-02-28,85.01,90,0.5,put,6.1074,6.0579,5.9968,6.119,0.1885,53,318,0.05
2023-02-28,85.01,95,0.5,call,2.5179,2.5221,2.4969,2.5473,0.2206,45,225,0.05
2023-02-28,85.01,95,0.5,put,10.8181,10.7508,10.6427,10.859,0.2506,36,324,0.05
2023-02-28,85.01,100,0.5,call,1.9199,1.9201,1.9009,1.9393,0.2453,45,765,0.05
2023-02-28,85.01,100,0.5,put,13.2903,13.5358,13.4029,13.6687,0.1759,41,205,0.05
2023-02-28,85.01,105,0.5,call,1.1601,1.1528,1.1412,1.1644,0.2448,33,264,0.05
2023-02-28,85.01,105,0.5,put,19.1136,18.7767,18.5856,18.9678,0.28,37,222,0.05
2023-02-28,85.01,110,0.5,call,0.4214,0.4172,0.413,0.4214,0.218,45,675,0.05
2023-02-28,85.01,110,0.5,put,23.0639,23.2204,22.9897,23.451,0.2543,44,616,0.05
2023-03-01,85.46,90,0.08,call,0.7785,0.7675,0.7598,0.7753,0.2315,52,936,0.05
2023-03-01,85.46,90,0.08,put,4.6296,4.6388,4.5925,4.6851,0.1851,51,255,0.05
2023-03-01,85.46,95,0.08,call,0.2116,0.2095,0.2074,0.2116,0.2495,58,812,0.05
2023-03-01,85.46,95,0.08,put,9.7848,9.8257,9.7278,9.9235,0.3369,45,315,0.05
2023-03-01,85.46,100,0.08,call,0.0158,0.0157,0.0155,0.0159,0.2251,52,832,0.05
2023-03-01,85.46,100,0.08,put,14.29,14.4481,14.3052,14.591,0.3178,42,252,0.05
2023-03-01,85.46,105,0.08,call,0.0021,0.0022,0.0021,0.0022,0.2352,50,950,0.05
2023-03-01,85.46,105,0.08,put,19.126,18.9491,18.7579,19.1404,0.26,50,650,0.05
2023-03-01,85.46,110,0.08,call,0.0001,0.0001,0.0001,0.0001,0.2275,36,612,0.05
2023-03-01,85.46,110,0.08,put,24.1069,23.9745,23.7334,24.2156,0.3165,39,390,0.05
2023-03-01,85.46,90,0.25,call,2.1625,2.1453,2.1237,2.167,0.2082,35,175,0.05
2023-03-01,85.46,90,0.25,put,6.4255,6.4583,6.394,6.5226,0.2596,57,570,0.05
2023-03-01,85.46,95,0.25,call,2.6338,2.6528,2.6265,2.6791,0.3303,54,594,0.05
2023-03-01,85.46,95,0.25,put,10.0532,9.9896,9.8891,10.0901,0.266,53,901,0.05
2023-03-01,85.46,100,0.25,call,0.445,0.4493,0.4448,0.4537,0.2199,52,416,0.05
2023-03-01,85.46,100,0.25,put,14.6196,14.5066,14.3605,14.6528,0.3083,43,430,0.05
2023-03-01,85.46,105,0.25,call,0.0016,0.0016,0.0016,0.0016,0.1247,39,390,0.05
2023-03-01,85.46,105,0.25,put,19.2789,19.2438,19.051,19.4366,0.3428,34,544,0.05
2023-03-01,85.46,110,0.25,call,0.5247,0.5159,0.5107,0.5212,0.3314,47,799,0.05
2023-03-01,85.46,110,0.25,put,23.2364,22.9401,22.7077,23.1725,0.225,40,200,0.05
2023-03-01,85.46,90,0.5,call,5.8032,5.7654,5.7074,5.8235,0.2829,49,539,0.05
2023-03-01,85.46,90,0.5,put,6.9359,6.9726,6.9032,7.0419,0.2337,42,504,0.05
2023-03-01,85.46,95,0.5,call,4.424,4.3681,4.3238,4.4123,0.2983,42,420,0.05
2023-03-01,85.46,95,0.5,put,11.6193,11.6121,11.4959,11.7283,0.2984,49,343,0.05
2023-03-01,85.46,100,0.5,call,2.9935,2.9511,2.9212,2.981,0.2931,37,518,0.05
2023-03-01,85.46,100,0.5,put,13.5929,13.71,13.574,13.8459,0.2179,51,714,0.05
2023-03-01,85.46,105,0.5,call,1.8411,1.8321,1.8137,1.8505,0.2819,43,473,0.05
2023-03-01,85.46,105,0.5,put,21.0918,20.9755,20.7645,21.1864,0.3993,39,585,0.05
2023-03-01,85.46,110,0.5,call,0.3441,0.3395,0.3361,0.343,0.2047,39,741,0.05
2023-03-01,85.46,110,0.5,put,22.4791,22.2686,22.0439,22.4934,0.2381,40,400,0.05
2023-03-02,86.79,90,0.08,call,1.4485,1.421,1.4065,1.4355,0.2645,45,810,0.05
2023-03-02,86.79,90,0.08,put,4.4536,4.4604,4.4158,4.5049,0.2815,65,650,0.05
2023-03-02,86.79,95,0.08,call,0.1802,0.1778,0.176,0.1796,0.2115,45,405,0.05
2023-03-02,86.79,95,0.08,put,8.0651,8.0798,7.9992,8.1605,0.2257,61,610,0.05
2023-03-02,86.79,100,0.08,call,0.0908,0.092,0.0911,0.0929,0.2651,42,630,0.05
2023-03-02,86.79,100,0.08,put,12.9429,13.1339,13.0044,13.2633,0.2843,44,616,0.05
2023-03-02,86.79,105,0.08,call,0.0,0.0,0.0,0.0,0.1481,46,598,0.05
2023-03-02,86.79,105,0.08,put,17.8095,17.8892,17.7111,18.0673,0.2734,45,630,0.05
2023-03-02,86.79,110,0.08,call,0.0009,0.0009,0.0009,0.0009,0.2502,36,432,0.05
2023-03-02,86.79,110,0.08,put,22.7705,22.8222,22.5945,23.0499,0.235,42,756,0.05
2023-03-02,86.79,90,0.25,call,3.4184,3.4124,3.3782,3.4466,0.2504,61,732,0.05
2023-03-02,86.79,90,0.25,put,6.6737,6.6479,6.5812,6.7146,0.318,42,294,0.05
2023-03-02,86.79,95,0.25,call,1.2034,1.1899,1.1778,1.2019,0.2059,42,714,0.05
2023-03-02,86.79,95,0.25,put,8.2524,8.2936,8.2111,8.3761,0.2073,41,328,0.05
2023-03-02,86.79,100,0.25,call,0.7267,0.7247,0.7175,0.732,0.233,48,912,0.05
2023-03-02,86.79,100,0.25,put,12.2528,12.3681,12.2456,12.4906,0.1805,44,220,0.05
2023-03-02,86.79,105,0.25,call,0.7158,0.7264,0.7193,0.7336,0.2886,37,296,0.05
2023-03-02,86.79,105,0.25,put,17.1682,17.1359,16.9642,17.3075,0.2259,41,205,0.05
2023-03-02,86.79,110,0.25,call,0.0014,0.0014,0.0014,0.0014,0.1415,44,352,0.05
2023-03-02,86.79,110,0.25,put,21.9352,22.3666,22.1473,22.586,0.2245,42,714,0.05
2023-03-02,86.79,90,0.5,call,6.2379,6.1809,6.1185,6.2433,0.2733,42,420,0.05
2023-03-02,86.79,90,0.5,put,6.632,6.7036,6.6373,6.77,0.2491,41,492,0.05
2023-03-02,86.79,95,0.5,call,5.4557,5.5451,5.4905,5.5997,0.3188,51,408,0.05
2023-03-02,86.79,95,0.5,put,10.7561,11.0072,10.8997,11.1148,0.2954,56,1064,0.05
2023-03-02,86.79,100,0.5,call,2.2202,2.2095,2.1873,2.2317,0.2374,45,720,0.05
2023-03-02,86.79,100,0.5,put,13.2779,13.1937,13.0609,13.3265,0.2528,45,405,0.05
2023-03-02,86.79,105,0.5,call,1.4012,1.3996,1.3856,1.4136,0.2404,49,784,0.05
2023-03-02,86.79,105,0.5,put,17.1318,16.9653,16.794,17.1367,0.2472,34,578,0.05
2023-03-02,86.79,110,0.5,call,0.092,0.0915,0.0906,0.0924,0.1513,38,722,0.05
2023-03-02,86.79,110,0.5,put,23.4008,23.1852,22.9512,23.4192,0.367,39,507,0.05
2023-03-03,86.14,90,0.08,call,1.8546,1.8334,1.8149,1.852,0.3343,50,950,0.05
2023-03-03,86.14,90,0.08,put,4.6344,4.6405,4.5941,4.6868,0.253,54,540,0.05
2023-03-03,86.14,95,0.08,call,0.5541,0.5591,0.5536,0.5647,0.3062,47,517,0.05
2023-03-03,86.14,95,0.08,put,9.0403,9.0117,8.9213,9.1021,0.308,39,741,0.05
2023-03-03,86.14,100,0.08,call,0.1106,0.1092,0.1081,0.1103,0.287,49,441,0.05
2023-03-03,86.14,100,0.08,put,13.4868,13.5107,13.3758,13.6455,0.2341,51,357,0.05
2023-03-03,86.14,105,0.08,call,0.0118,0.0119,0.0118,0.012,0.2675,41,492,0.05
2023-03-03,86.14,105,0.08,put,18.4953,18.3958,18.2109,18.5808,0.3286,33,561,0.05
2023-03-03,86.14,110,0.08,call,0.0019,0.0019,0.0019,0.0019,0.2733,43,602,0.05
2023-03-03,86.14,110,0.08,put,23.4169,23.8408,23.6066,24.0749,0.2504,45,720,0.05
2023-03-03,86.14,90,0.25,call,3.466,3.4155,3.3809,3.4502,0.27,51,357,0.05
2023-03-03,86.14,90,0.25,put,4.6185,4.635,4.5889,4.6812,0.1752,56,280,0.05
2023-03-03,86.14,95,0.25,call,2.6442,2.6454,2.619,2.6719,0.3167,44,572,0.05
2023-03-03,86.14,95,0.25,put,8.212,8.2662,8.1841,8.3484,0.161,48,720,0.05
2023-03-03,86.14,100,0.25,call,0.7278,0.7211,0.7138,0.7283,0.2426,46,690,0.05
2023-03-03,86.14,100,0.25,put,12.9477,12.6375,12.508,12.767,0.1959,41,656,0.05
2023-03-03,86.14,105,0.25,call,0.1791,0.1815,0.1797,0.1833,0.2161,47,752,0.05
2023-03-03,86.14,105,0.25,put,18.0945,18.5149,18.334,18.6959,0.2765,50,800,0.05
2023-03-03,86.14,110,0.25,call,0.0938,0.0953,0.0944,0.0963,0.2314,44,352,0.05
2023-03-03,86.14,110,0.25,put,22.5938,22.3647,22.1387,22.5906,0.2356,40,680,0.05
2023-03-03,86.14,90,0.5,call,5.7545,5.6474,5.5898,5.7049,0.2669,57,285,0.05
2023-03-03,86.14,90,0.5,put,8.1699,8.1352,8.0535,8.2169,0.2991,57,570,0.05
2023-03-03,86.14,95,0.5,call,3.4156,3.4229,3.3887,3.457,0.2434,46,230,0.05
2023-03-03,86.14,95,0.5,put,9.598,9.625,9.529,9.7209,0.2291,47,893,0.05
2023-03-03,86.14,100,0.5,call,4.2694,4.2537,4.211,4.2964,0.3416,52,260,0.05
2023-03-03,86.14,100,0.5,put,15.1514,15.2219,15.0704,15.3734,0.319,41,697,0.05
2023-03-03,86.14,105,0.5,call,0.2805,0.2812,0.2784,0.284,0.1587,35,210,0.05
2023-03-03,86.14,105,0.5,put,17.2702,17.1451,16.9724,17.3178,0.2221,42,210,0.05
2023-03-03,86.14,110,0.5,call,0.1589,0.1581,0.1565,0.1597,0.1709,51,306,0.05
2023-03-03,86.14,110,0.5,put,21.1449,20.8447,20.6332,21.0561,0.1102,35,455,0.05
2023-03-04,85.9,90,0.08,call,1.1031,1.0948,1.0838,1.1058,0.2575,56,560,0.05
2023-03-04,85.9,90,0.08,put,4.7359,4.7587,4.7113,4.806,0.2443,51,357,0.05
2023-03-04,85.9,95,0.08,call,0.1326,0.1342,0.1329,0.1355,0.2158,45,720,0.05
2023-03-04,85.9,95,0.08,put,8.8923,8.776,8.6871,8.8649,0.2282,39,273,0.05
2023-03-04,85.9,100,0.08,call,0.0577,0.0577,0.0571,0.0583,0.2613,52,260,0.05
2023-03-04,85.9,100,0.08,put,13.7044,13.7603,13.6233,13.8974,0.1837,44,836,0.05
2023-03-04,85.9,105,0.08,call,0.0249,0.0248,0.0246,0.0251,0.2958,43,516,0.05
2023-03-04,85.9,105,0.08,put,18.6844,18.4978,18.311,18.6847,0.237,41,492,0.05
2023-03-04,85.9,110,0.08,call,0.0,0.0,0.0,0.0,0.1667,32,192,0.05
2023-03-04,85.9,110,0.08,put,23.6614,23.9463,23.7097,24.1829,0.2099,41,492,0.05
2023-03-04,85.9,90,0.25,call,2.6939,2.7048,2.6779,2.7317,0.2302,56,448,0.05
2023-03-04,85.9,90,0.25,put,5.6115,5.56,5.5039,5.6161,0.2263,51,561,0.05
2023-03-04,85.9,95,0.25,call,1.1734,1.1908,1.1791,1.2026,0.2193,41,328,0.05
2023-03-04,85.9,95,0.25,put,8.2959,8.2303,8.1474,8.3133,0.1476,43,645,0.05
2023-03-04,85.9,100,0.25,call,1.1131,1.1103,1.0991,1.1214,0.2829,34,510,0.05
2023-03-04,85.9,100,0.25,put,13.7485,13.6524,13.5149,13.7899,0.2624,44,748,0.05
2023-03-04,85.9,105,0.25,call,0.9175,0.9272,0.918,0.9363,0.3233,38,570,0.05
2023-03-04,85.9,105,0.25,put,18.4153,18.5193,18.3352,18.7035,0.2894,27,432,0.05
2023-03-04,85.9,110,0.25,call,0.1659,0.1632,0.1615,0.1648,0.2572,37,481,0.05
2023-03-04,85.9,110,0.25,put,22.8348,22.5551,22.3268,22.7835,0.2365,40,480,0.05
2023-03-04,85.9,90,0.5,call,2.3735,2.3288,2.3051,2.3526,0.1317,56,336,0.05
2023-03-04,85.9,90,0.5,put,5.8611,5.9237,5.8651,5.9823,0.1987,53,530,0.05
2023-03-04,85.9,95,0.5,call,3.9211,3.8524,3.8132,3.8916,0.2693,32,256,0.05
2023-03-04,85.9,95,0.5,put,9.6085,9.6947,9.5987,9.7908,0.2225,42,378,0.05
2023-03-04,85.9,100,0.5,call,3.1122,3.0662,3.0351,3.0973,0.2925,40,320,0.05
2023-03-04,85.9,100,0.5,put,14.966,15.2019,15.0522,15.3516,0.3029,41,246,0.05
2023-03-04,85.9,105,0.5,call,2.0344,2.0008,1.9805,2.0212,0.2874,24,168,0.05
2023-03-04,85.9,105,0.5,put,18.5312,18.5413,18.3559,18.7266,0.2868,45,855,0.05
2023-03-04,85.9,110,0.5,call,0.4453,0.4459,0.4415,0.4504,0.2129,36,396,0.05
2023-03-04,85.9,110,0.5,put,21.7117,21.4473,21.2302,21.6644,0.1988,40,680,0.05
2023-03-05,84.42,90,0.08,call,0.32,0.321,0.3178,0.3242,0.1918,53,795,0.05
2023-03-05,84.42,90,0.08,put,6.5929,6.6006,6.5347,6.6665,0.3422,58,870,0.05
2023-03-05,84.42,95,0.08,call,0.1249,0.1259,0.1246,0.1271,0.2434,63,630,0.05
2023-03-05,84.42,95,0.08,put,10.4727,10.28,10.1753,10.3848,0.2899,36,324,0.05
2023-03-05,84.42,100,0.08,call,0.0046,0.0046,0.0045,0.0046,0.2108,32,416,0.05
2023-03-05,84.42,100,0.08,put,15.2177,15.1891,15.037,15.3413,0.2713,40,760,0.05
2023-03-05,84.42,105,0.08,call,0.0116,0.0114,0.0113,0.0115,0.292,33,264,0.05
2023-03-05,84.42,105,0.08,put,20.2326,20.0365,19.8342,20.2389,0.3702,49,294,0.05
2023-03-05,84.42,110,0.08,call,0.0002,0.0002,0.0002,0.0002,0.2512,46,460,0.05
2023-03-05,84.42,110,0.08,put,25.1388,25.5817,25.3303,25.8331,0.2378,45,540,0.05
2023-03-05,84.42,90,0.25,call,3.4341,3.4087,3.3743,3.443,0.3112,48,768,0.05
2023-03-05,84.42,90,0.25,put,6.2158,6.225,6.1629,6.2872,0.2055,48,816,0.05
2023-03-05,84.42,95,0.25,call,1.1295,1.1154,1.1042,1.1267,0.2414,43,817,0.05
2023-03-05,84.42,95,0.25,put,10.5806,10.6204,10.5146,10.7262,0.2458,49,637,0.05
2023-03-05,84.42,100,0.25,call,0.3845,0.383,0.3792,0.3869,0.2255,41,328,0.05
2023-03-05,84.42,100,0.25,put,14.9051,14.8967,14.7476,15.0457,0.2498,38,684,0.05
2023-03-05,84.42,105,0.25,call,0.0812,0.0802,0.0794,0.081,0.2055,53,1007,0.05
2023-03-05,84.42,105,0.25,put,19.3239,19.3961,19.2029,19.5893,0.1913,50,950,0.05
2023-03-05,84.42,110,0.25,call,0.1828,0.1832,0.1813,0.185,0.2779,40,520,0.05
2023-03-05,84.42,110,0.25,put,24.2961,24.2513,24.0084,24.4943,0.2449,35,420,0.05
2023-03-05,84.42,90,0.5,call,4.29,4.2736,4.2307,4.3165,0.2397,47,470,0.05
2023-03-05,84.42,90,0.5,put,7.9574,7.8414,7.7619,7.921,0.2529,49,931,0.05
2023-03-05,84.42,95,0.5,call,3.098,3.0797,3.0487,3.1107,0.2563,44,572,0.05
2023-03-05,84.42,95,0.5,put,9.8972,9.9134,9.8145,10.0124,0.1873,53,318,0.05
2023-03-05,84.42,100,0.5,call,2.1721,2.1708,2.149,2.1925,0.2663,58,348,0.05
2023-03-05,84.42,100,0.5,put,15.9109,15.8619,15.7028,16.021,0.2984,42,588,0.05
2023-03-05,84.42,105,0.5,call,2.7967,2.8032,2.7752,2.8312,0.3472,39,312,0.05
2023-03-05,84.42,105,0.5,put,20.0658,19.7169,19.5162,19.9176,0.3082,46,644,0.05
2023-03-05,84.42,110,0.5,call,0.8558,0.8739,0.8654,0.8825,0.2658,30,360,0.05
2023-03-05,84.42,110,0.5,put,23.0194,22.9867,22.7565,23.2169,0.1838,37,444,0.05
2023-03-06,82.85,90,0.08,call,0.2394,0.2381,0.2357,0.2405,0.2146,58,638,0.05
2023-03-06,82.85,90,0.08,put,7.0704,7.0789,7.0082,7.1496,0.2245,38,456,0.05
2023-03-06,82.85,95,0.08,call,0.1301,0.1312,0.1299,0.1325,0.2778,46,598,0.05
2023-03-06,82.85,95,0.08,put,11.7863,11.7653,11.6474,11.8831,0.2036,54,378,0.05
2023-03-06,82.85,100,0.08,call,0.0025,0.0025,0.0025,0.0025,0.2204,44,440,0.05
2023-03-06,82.85,100,0.08,put,16.7644,16.6443,16.4766,16.8119,0.2666,58,1102,0.05
2023-03-06,82.85,105,0.08,call,0.0,0.0,0.0,0.0,0.1872,35,490,0.05
2023-03-06,82.85,105,0.08,put,21.7281,21.8784,21.6611,22.0956,0.1939,33,165,0.05
2023-03-06,82.85,110,0.08,call,0.0,0.0,0.0,0.0,0.2271,34,544,0.05
2023-03-06,82.85,110,0.08,put,26.7081,26.8027,26.5356,27.0697,0.1948,44,528,0.05
2023-03-06,82.85,90,0.25,call,1.6194,1.5944,1.5782,1.6106,0.229,41,328,0.05
2023-03-06,82.85,90,0.25,put,7.8957,7.9137,7.8348,7.9927,0.2462,41,410,0.05
2023-03-06,82.85,95,0.25,call,0.6194,0.6136,0.6074,0.6198,0.2193,51,255,0.05
2023-03-06,82.85,95,0.25,put,12.5807,12.444,12.3182,12.5699,0.3084,51,255,0.05
2023-03-06,82.85,100,0.25,call,0.5941,0.589,0.5831,0.595,0.2751,46,460,0.05
2023-03-06,82.85,100,0.25,put,16.0737,16.4765,16.3157,16.6372,0.2061,43,387,0.05
2023-03-06,82.85,105,0.25,call,0.0959,0.0968,0.0958,0.0978,0.2274,46,736,0.05
2023-03-06,82.85,105,0.25,put,20.869,21.0469,20.8382,21.2556,0.1894,44,616,0.05
2023-03-06,82.85,110,0.25,call,0.0639,0.0631,0.0625,0.0637,0.2502,37,333,0.05
2023-03-06,82.85,110,0.25,put,25.9199,26.1801,25.9209,26.4393,0.2818,31,310,0.05
2023-03-06,82.85,90,0.5,call,5.2532,5.3175,5.265,5.3701,0.3106,38,380,0.05
2023-03-06,82.85,90,0.5,put,7.9971,8.0501,7.9701,8.13,0.2149,50,950,0.05
2023-03-06,82.85,95,0.5,call,2.5103,2.4881,2.463,2.5132,0.2519,52,468,0.05
2023-03-06,82.85,95,0.5,put,10.9294,10.8086,10.6993,10.9178,0.1779,41,451,0.05
2023-03-06,82.85,100,0.5,call,0.5541,0.5593,0.5538,0.5649,0.1812,47,376,0.05
2023-03-06,82.85,100,0.5,put,16.3616,16.2221,16.0585,16.3857,0.2593,41,533,0.05
2023-03-06,82.85,105,0.5,call,1.1719,1.1726,1.1609,1.1844,0.2694,48,864,0.05
2023-03-06,82.85,105,0.5,put,21.957,21.9696,21.75,22.1891,0.3463,46,506,0.05
2023-03-06,82.85,110,0.5,call,0.805,0.8075,0.7994,0.8155,0.2771,36,180,0.05
2023-03-06,82.85,110,0.5,put,25.3786,25.4061,25.1523,25.6599,0.2894,38,418,0.05
2023-03-07,83.93,90,0.08,call,1.0788,1.0915,1.0807,1.1023,0.3213,49,735,0.05
2023-03-07,83.93,90,0.08,put,6.7049,6.6601,6.5931,6.7272,0.3094,50,400,0.05
2023-03-07,83.93,95,0.08,call,0.2495,0.2505,0.248,0.253,0.2946,62,806,0.05
2023-03-07,83.93,95,0.08,put,11.0048,10.9251,10.815,11.0351,0.3107,54,324,0.05
2023-03-07,83.93,100,0.08,call,0.1375,0.1377,0.1363,0.1391,0.3427,41,779,0.05
2023-03-07,83.93,100,0.08,put,15.7896,15.534,15.3761,15.6918,0.3317,55,385,0.05
2023-03-07,83.93,105,0.08,call,0.0064,0.0064,0.0063,0.0065,0.2815,58,348,0.05
2023-03-07,83.93,105,0.08,put,20.67,20.6296,20.4229,20.8363,0.3082,43,688,0.05
2023-03-07,83.93,110,0.08,call,0.0,0.0,0.0,0.0,0.2137,33,462,0.05
2023-03-07,83.93,110,0.08,put,25.638,25.5262,25.2698,25.7825,0.3134,40,200,0.05
2023-03-07,83.93,90,0.25,call,3.0986,3.0643,3.0334,3.0953,0.3024,52,416,0.05
2023-03-07,83.93,90,0.25,put,7.2165,7.2975,7.2253,7.3697,0.2492,47,564,0.05
2023-03-07,83.93,95,0.25,call,2.1855,2.1797,2.1578,2.2016,0.3307,53,954,0.05
2023-03-07,83.93,95,0.25,put,10.3594,10.3582,10.2546,10.4617,0.1861,49,294,0.05
2023-03-07,83.93,100,0.25,call,0.2035,0.2001,0.198,0.2021,0.2011,38,532,0.05
2023-03-07,83.93,100,0.25,put,15.7525,15.6579,15.5004,15.8155,0.2957,39,273,0.05
2023-03-07,83.93,105,0.25,call,0.3963,0.3988,0.3949,0.4028,0.2839,40,360,0.05
2023-03-07,83.93,105,0.25,put,19.8644,20.0759,19.8772,20.2745,0.2158,40,360,0.05
2023-03-07,83.93,110,0.25,call,0.1193,0.1178,0.1166,0.119,0.2636,34,238,0.05
2023-03-07,83.93,110,0.25,put,24.9754,24.8557,24.6059,25.1054,0.3043,35,455,0.05
2023-03-07,83.93,90,0.5,call,5.5485,5.531,5.4755,5.5865,0.3026,57,969,0.05
2023-03-07,83.93,90,0.5,put,6.831,6.7089,6.6406,6.7772,0.1923,46,644,0.05
2023-03-07,83.93,95,0.5,call,6.0366,5.9943,5.934,6.0547,0.3946,44,220,0.05
2023-03-07,83.93,95,0.5,put,11.9909,12.1344,12.0145,12.2543,0.2716,46,368,0.05
2023-03-07,83.93,100,0.5,call,2.5373,2.5666,2.5412,2.5919,0.2919,39,351,0.05
2023-03-07,83.93,100,0.5,put,14.5242,14.477,14.3318,14.6223,0.1983,40,320,0.05
2023-03-07,83.93,105,0.5,call,1.7178,1.7213,1.7041,1.7385,0.293,36,252,0.05
2023-03-07,83.93,105,0.5,put,18.9308,19.1304,18.9411,19.3197,0.1976,40,480,0.05
2023-03-07,83.93,110,0.5,call,0.8156,0.8173,0.8091,0.8254,0.2673,33,231,0.05
2023-03-07,83.93,110,0.5,put,24.2316,24.254,24.0117,24.4963,0.2723,38,570,0.05
2023-03-08,85.74,90,0.08,call,1.3438,1.3458,1.3324,1.3592,0.2915,59,767,0.05
2023-03-08,85.74,90,0.08,put,5.0885,5.0785,5.0276,5.1293,0.2735,59,649,0.05
2023-03-08,85.74,95,0.08,call,0.1809,0.1818,0.18,0.1837,0.2345,46,276,0.05
2023-03-08,85.74,95,0.08,put,9.1538,9.1669,9.0754,9.2585,0.2601,35,315,0.05
2023-03-08,85.74,100,0.08,call,0.0223,0.022,0.0218,0.0223,0.2306,44,308,0.05
2023-03-08,85.74,100,0.08,put,13.9098,13.7171,13.578,13.8562,0.2608,34,612,0.05
2023-03-08,85.74,105,0.08,call,0.0045,0.0044,0.0044,0.0045,0.2476,54,810,0.05
2023-03-08,85.74,105,0.08,put,18.8522,18.7917,18.6032,18.9802,0.2819,41,369,0.05
2023-03-08,85.74,110,0.08,call,0.0017,0.0017,0.0017,0.0017,0.2758,32,544,0.05
2023-03-08,85.74,110,0.08,put,23.8166,24.0789,23.8407,24.3171,0.1647,31,558,0.05
2023-03-08,85.74,90,0.25,call,3.0596,3.0793,3.0487,3.1099,0.2559,42,798,0.05
2023-03-08,85.74,90,0.25,put,6.2208,6.168,6.1058,6.2302,0.2573,54,1026,0.05
2023-03-08,85.74,95,0.25,call,0.9452,0.9463,0.9368,0.9557,0.2038,48,384,0.05
2023-03-08,85.74,95,0.25,put,8.4105,8.5284,8.4443,8.6125,0.145,53,1007,0.05
2023-03-08,85.74,100,0.25,call,0.6173,0.6264,0.6202,0.6326,0.2366,50,600,0.05
2023-03-08,85.74,100,0.25,put,13.1985,13.1522,13.0202,13.2842,0.1759,51,561,0.05
2023-03-08,85.74,105,0.25,call,0.4036,0.4021,0.3981,0.4061,0.262,39,468,0.05
2023-03-08,85.74,105,0.25,put,17.9625,17.9386,17.759,18.1182,0.1478,40,640,0.05
2023-03-08,85.74,110,0.25,call,0.0792,0.08,0.0792,0.0808,0.2294,42,336,0.05
2023-03-08,85.74,110,0.25,put,22.9044,22.8822,22.6532,23.1113,0.1852,32,416,0.05
2023-03-08,85.74,90,0.5,call,5.8402,5.9353,5.8769,5.9937,0.2787,48,912,0.05
2023-03-08,85.74,90,0.5,put,7.4044,7.5107,7.4366,7.5847,0.2592,52,832,0.05
2023-03-08,85.74,95,0.5,call,1.9965,2.0196,1.9997,2.0396,0.1854,54,378,0.05
2023-03-08,85.74,95,0.5,put,10.1356,10.0387,9.9373,10.1401,0.2414,42,588,0.05
2023-03-08,85.74,100,0.5,call,0.4549,0.4533,0.4487,0.4578,0.1439,36,648,0.05
2023-03-08,85.74,100,0.5,put,14.2578,13.9563,13.8137,14.0989,0.2638,42,798,0.05
2023-03-08,85.74,105,0.5,call,1.0429,1.0486,1.0382,1.0591,0.2288,30,540,0.05
2023-03-08,85.74,105,0.5,put,17.5215,17.6086,17.4333,17.7838,0.2155,39,741,0.05
2023-03-08,85.74,110,0.5,call,1.2439,1.2289,1.2165,1.2413,0.2818,41,656,0.05
2023-03-08,85.74,110,0.5,put,23.7357,23.8212,23.5839,24.0586,0.3413,40,400,0.05
2023-03-09,85.65,90,0.08,call,1.0368,1.0286,1.0182,1.0389,0.2579,46,368,0.05
2023-03-09,85.65,90,0.08,put,4.7444,4.7625,4.7151,4.81,0.2225,38,380,0.05
2023-03-09,85.65,95,0.08,call,0.5429,0.5489,0.5435,0.5544,0.3171,55,440,0.05
2023-03-09,85.65,95,0.08,put,9.3807,9.2924,9.1986,9.3862,0.2923,43,645,0.05
2023-03-09,85.65,100,0.08,call,0.0573,0.0569,0.0564,0.0575,0.2654,45,405,0.05
2023-03-09,85.65,100,0.08,put,14.065,14.2647,14.1241,14.4054,0.2997,55,825,0.05
2023-03-09,85.65,105,0.08,call,0.0139,0.0138,0.0137,0.014,0.2796,35,385,0.05
2023-03-09,85.65,105,0.08,put,18.9295,18.8498,18.6605,19.0391,0.2328,45,855,0.05
2023-03-09,85.65,110,0.08,call,0.0,0.0,0.0,0.0,0.172,30,480,0.05
2023-03-09,85.65,110,0.08,put,23.9074,23.5241,23.2851,23.7632,0.1657,35,490,0.05
2023-03-09,85.65,90,0.25,call,1.451,1.4656,1.4511,1.4801,0.1593,57,399,0.05
2023-03-09,85.65,90,0.25,put,5.0958,5.2563,5.2053,5.3072,0.1855,59,413,0.05
2023-03-09,85.65,95,0.25,call,2.3171,2.3171,2.2939,2.3403,0.3053,49,784,0.05
2023-03-09,85.65,95,0.25,put,9.4242,9.4776,9.3834,9.5719,0.2302,47,846,0.05
2023-03-09,85.65,100,0.25,call,0.4468,0.4516,0.4471,0.456,0.2176,47,893,0.05
2023-03-09,85.65,100,0.25,put,13.2322,13.3417,13.2093,13.474,0.1644,40,200,0.05
2023-03-09,85.65,105,0.25,call,0.252,0.247,0.2444,0.2495,0.2371,37,592,0.05
2023-03-09,85.65,105,0.25,put,18.5519,18.3557,18.1702,18.5412,0.2785,54,1026,0.05
2023-03-09,85.65,110,0.25,call,0.2533,0.2553,0.2527,0.2578,0.2812,42,630,0.05
2023-03-09,85.65,110,0.25,put,23.269,23.0206,22.7879,23.2533,0.2886,41,738,0.05
2023-03-09,85.65,90,0.5,call,3.9259,3.9515,3.9122,3.9907,0.2011,52,728,0.05
2023-03-09,85.65,90,0.5,put,7.6176,7.606,7.5298,7.6821,0.2661,48,480,0.05
2023-03-09,85.65,95,0.5,call,3.8823,3.8801,3.8413,3.919,0.2717,42,714,0.05
2023-03-09,85.65,95,0.5,put,11.4397,11.437,11.3226,11.5514,0.2957,39,195,0.05
2023-03-09,85.65,100,0.5,call,1.9063,1.8908,1.8717,1.9098,0.2363,48,624,0.05
2023-03-09,85.65,100,0.5,put,13.7377,13.6874,13.55,13.8248,0.2338,35,420,0.05
2023-03-09,85.65,105,0.5,call,1.4904,1.4978,1.4829,1.5127,0.2588,41,205,0.05
2023-03-09,85.65,105,0.5,put,19.294,19.3921,19.1992,19.585,0.3176,45,225,0.05
2023-03-09,85.65,110,0.5,call,1.0567,1.0546,1.044,1.0652,0.2692,48,240,0.05
2023-03-09,85.65,110,0.5,put,22.5579,21.8321,21.6065,22.0577,0.2592,32,480,0.05
2023-03-10,87.02,90,0.08,call,1.5141,1.4893,1.4742,1.5045,0.2626,42,672,0.05
2023-03-10,87.02,90,0.08,put,3.3327,3.3317,3.2983,3.365,0.1723,40,520,0.05
2023-03-10,87.02,95,0.08,call,0.7962,0.7982,0.7902,0.8062,0.3213,46,874,0.05
2023-03-10,87.02,95,0.08,put,7.9124,8.0148,7.9356,8.0939,0.2386,39,741,0.05
2023-03-10,87.02,100,0.08,call,0.1125,0.1123,0.1112,0.1135,0.2711,35,175,0.05
2023-03-10,87.02,100,0.08,put,12.6213,12.7003,12.5741,12.8265,0.2323,59,826,0.05
2023-03-10,87.02,105,0.08,call,0.0064,0.0063,0.0063,0.0064,0.2388,38,266,0.05
2023-03-10,87.02,105,0.08,put,17.5633,17.293,17.1174,17.4686,0.2403,37,185,0.05
2023-03-10,87.02,110,0.08,call,0.0006,0.0006,0.0006,0.0006,0.2407,45,765,0.05
2023-03-10,87.02,110,0.08,put,22.5375,22.5331,22.3077,22.7585,0.2479,43,430,0.05
2023-03-10,87.02,90,0.25,call,3.6044,3.5718,3.5357,3.6078,0.2551,55,935,0.05
2023-03-10,87.02,90,0.25,put,5.6554,5.59,5.5334,5.6465,0.2663,49,490,0.05
2023-03-10,87.02,95,0.25,call,2.0111,2.007,1.9869,2.0272,0.2575,58,812,0.05
2023-03-10,87.02,95,0.25,put,10.5306,10.5081,10.4028,10.6134,0.3656,36,180,0.05
2023-03-10,87.02,100,0.25,call,0.4639,0.4651,0.4604,0.4697,0.2012,47,752,0.05
2023-03-10,87.02,100,0.25,put,12.3724,12.6027,12.479,12.7264,0.2206,46,506,0.05
2023-03-10,87.02,105,0.25,call,0.5355,0.5441,0.5387,0.5494,0.2638,47,846,0.05
2023-03-10,87.02,105,0.25,put,17.8738,17.9612,17.7825,18.1399,0.3343,50,950,0.05
2023-03-10,87.02,110,0.25,call,0.0318,0.0312,0.0309,0.0316,0.191,50,500,0.05
2023-03-10,87.02,110,0.25,put,21.6723,21.3463,21.1295,21.563,0.2097,39,468,0.05
2023-03-10,87.02,90,0.5,call,6.0871,6.0461,5.9852,6.107,0.2623,55,330,0.05
2023-03-10,87.02,90,0.5,put,8.5923,8.6286,8.5427,8.7145,0.3338,48,288,0.05
2023-03-10,87.02,95,0.5,call,2.5911,2.5621,2.5362,2.5881,0.1936,49,637,0.05
2023-03-10,87.02,95,0.5,put,9.7615,9.7923,9.6947,9.8899,0.2595,52,728,0.05
2023-03-10,87.02,100,0.5,call,2.3785,2.3894,2.3656,2.4132,0.2419,32,544,0.05
2023-03-10,87.02,100,0.5,put,12.6738,12.6944,12.5676,12.8211,0.2316,40,200,0.05
2023-03-10,87.02,105,0.5,call,2.842,2.8156,2.7872,2.844,0.3151,50,800,0.05
2023-03-10,87.02,105,0.5,put,18.0551,18.0104,17.8298,18.1909,0.3066,44,264,0.05
2023-03-10,87.02,110,0.5,call,0.8973,0.8877,0.8788,0.8967,0.2432,45,405,0.05
2023-03-10,87.02,110,0.5,put,20.4274,20.3496,20.1453,20.5539,0.1658,40,400,0.05
2023-03-11,87.53,90,0.08,call,1.731,1.7369,1.7196,1.7543,0.2657,46,644,0.05
2023-03-11,87.53,90,0.08,put,4.049,3.9979,3.9574,4.0384,0.2872,58,464,0.05
2023-03-11,87.53,95,0.08,call,0.1552,0.1546,0.153,0.1561,0.1885,55,495,0.05
2023-03-11,87.53,95,0.08,put,7.2665,7.2983,7.2256,7.371,0.1936,35,490,0.05
2023-03-11,87.53,100,0.08,call,0.1939,0.1916,0.1896,0.1935,0.2918,40,400,0.05
2023-03-11,87.53,100,0.08,put,12.1021,12.2307,12.1097,12.3517,0.2102,57,456,0.05
2023-03-11,87.53,105,0.08,call,0.0069,0.0068,0.0068,0.0069,0.2338,43,602,0.05
2023-03-11,87.53,105,0.08,put,17.1202,16.6402,16.469,16.8114,0.3112,42,294,0.05
2023-03-11,87.53,110,0.08,call,0.0,0.0,0.0,0.0,0.1968,48,528,0.05
2023-03-11,87.53,110,0.08,put,22.0376,21.7016,21.4812,21.922,0.2769,37,703,0.05
2023-03-11,87.53,90,0.25,call,3.8696,3.8218,3.7831,3.8605,0.2568,40,400,0.05
2023-03-11,87.53,90,0.25,put,4.0199,3.9953,3.9551,4.0355,0.1876,39,546,0.05
2023-03-11,87.53,95,0.25,call,2.6797,2.7274,2.7006,2.7542,0.2898,46,828,0.05
2023-03-11,87.53,95,0.25,put,8.4695,8.5043,8.4197,8.589,0.2581,60,1080,0.05
2023-03-11,87.53,100,0.25,call,0.5255,0.5333,0.528,0.5385,0.2013,51,969,0.05
2023-03-11,87.53,100,0.25,put,11.242,11.1811,11.0687,11.2935,0.1,52,884,0.05
2023-03-11,87.53,105,0.25,call,0.4422,0.4419,0.4375,0.4463,0.2449,43,344,0.05
2023-03-11,87.53,105,0.25,put,16.7208,16.6051,16.4379,16.7723,0.2593,48,432,0.05
2023-03-11,87.53,110,0.25,call,0.1204,0.1217,0.1205,0.1229,0.2268,38,342,0.05
2023-03-11,87.53,110,0.25,put,21.2403,21.2895,21.0771,21.5019,0.2311,47,470,0.05
2023-03-11,87.53,90,0.5,call,6.3555,6.3132,6.2497,6.3768,0.2624,41,779,0.05
2023-03-11,87.53,90,0.5,put,7.6098,7.7141,7.638,7.7902,0.3033,49,245,0.05
2023-03-11,87.53,95,0.5,call,6.4338,6.3734,6.3091,6.4377,0.3456,61,671,0.05
2023-03-11,87.53,95,0.5,put,7.1212,7.1528,7.0816,7.224,0.1596,53,742,0.05
2023-03-11,87.53,100,0.5,call,1.8724,1.8755,1.8568,1.8943,0.2104,53,795,0.05
2023-03-11,87.53,100,0.5,put,12.6609,12.7274,12.6008,12.854,0.2483,50,650,0.05
2023-03-11,87.53,105,0.5,call,0.1784,0.1803,0.1785,0.1821,0.1335,32,256,0.05
2023-03-11,87.53,105,0.5,put,15.2611,15.1645,15.0119,15.3171,0.1579,36,468,0.05
2023-03-11,87.53,110,0.5,call,0.9888,0.9965,0.9866,1.0063,0.245,38,304,0.05
2023-03-11,87.53,110,0.5,put,20.5285,20.2304,20.0251,20.4357,0.2283,34,238,0.05
2023-03-12,86.65,90,0.08,call,0.5287,0.5208,0.5155,0.5261,0.1607,42,546,0.05
2023-03-12,86.65,90,0.08,put,4.3428,4.306,4.2625,4.3494,0.259,57,912,0.05
2023-03-12,86.65,95,0.08,call,0.5863,0.581,0.5752,0.5869,0.2984,51,459,0.05
2023-03-12,86.65,95,0.08,put,8.6268,8.5545,8.4682,8.6408,0.3099,47,705,0.05
2023-03-12,86.65,100,0.08,call,0.0073,0.0073,0.0072,0.0073,0.1894,47,846,0.05
2023-03-12,86.65,100,0.08,put,13.0534,13.1159,12.9854,13.2465,0.2734,48,240,0.05
2023-03-12,86.65,105,0.08,call,0.0106,0.0109,0.0108,0.011,0.2573,41,533,0.05
2023-03-12,86.65,105,0.08,put,17.9931,18.0325,17.8526,18.2125,0.3222,38,532,0.05
2023-03-12,86.65,110,0.08,call,0.0002,0.0002,0.0002,0.0002,0.2262,27,243,0.05
2023-03-12,86.65,110,0.08,put,22.9161,22.6224,22.3932,22.8515,0.2893,45,450,0.05
2023-03-12,86.65,90,0.25,call,3.029,3.0287,2.9984,3.059,0.2313,48,288,0.05
2023-03-12,86.65,90,0.25,put,4.6464,4.7295,4.683,4.7759,0.1951,52,624,0.05
2023-03-12,86.65,95,0.25,call,1.4779,1.4769,1.4621,1.4916,0.2283,54,540,0.05
2023-03-12,86.65,95,0.25,put,9.5375,9.5458,9.4504,9.6412,0.2883,57,285,0.05
2023-03-12,86.65,100,0.25,call,0.4107,0.4135,0.4093,0.4176,0.1996,54,1026,0.05
2023-03-12,86.65,100,0.25,put,13.0582,13.0609,12.9303,13.1914,0.2565,50,850,0.05
2023-03-12,86.65,105,0.25,call,0.7515,0.7541,0.7466,0.7616,0.2946,42,252,0.05
2023-03-12,86.65,105,0.25,put,17.8071,17.7568,17.5788,17.9349,0.2957,39,351,0.05
2023-03-12,86.65,110,0.25,call,0.1004,0.1008,0.0998,0.1018,0.2289,36,288,0.05
2023-03-12,86.65,110,0.25,put,22.3564,22.5906,22.367,22.8142,0.2923,30,240,0.05
2023-03-12,86.65,90,0.5,call,6.8275,6.7144,6.6462,6.7827,0.3005,53,265,0.05
2023-03-12,86.65,90,0.5,put,8.9993,9.1071,9.0171,9.1971,0.3432,51,969,0.05
2023-03-12,86.65,95,0.5,call,4.7952,4.8048,4.7568,4.8527,0.2938,44,792,0.05
2023-03-12,86.65,95,0.5,put,9.1863,9.2175,9.1256,9.3094,0.2252,33,264,0.05
2023-03-12,86.65,100,0.5,call,1.8586,1.8512,1.8326,1.8698,0.221,47,799,0.05
2023-03-12,86.65,100,0.5,put,15.0009,14.7841,14.6341,14.9341,0.3272,51,408,0.05
2023-03-12,86.65,105,0.5,call,1.8504,1.8359,1.8174,1.8544,0.2681,39,429,0.05
2023-03-12,86.65,105,0.5,put,19.1423,19.2379,19.0465,19.4293,0.3465,36,648,0.05
2023-03-12,86.65,110,0.5,call,0.7272,0.7275,0.7202,0.7348,0.233,40,440,0.05
2023-03-12,86.65,110,0.5,put,21.5859,21.8077,21.5918,22.0236,0.2511,35,490,0.05
2023-03-13,87.15,90,0.08,call,1.6288,1.6439,1.6277,1.6602,0.27,57,1083,0.05
2023-03-13,87.15,90,0.08,put,4.0372,4.0299,3.9895,4.0703,0.2612,50,400,0.05
2023-03-13,87.15,95,0.08,call,0.5509,0.5453,0.5398,0.5508,0.2791,49,490,0.05
2023-03-13,87.15,95,0.08,put,7.9032,7.9654,7.8864,8.0444,0.2584,56,952,0.05
2023-03-13,87.15,100,0.08,call,0.0062,0.0062,0.0062,0.0063,0.1793,48,816,0.05
2023-03-13,87.15,100,0.08,put,12.5279,12.7063,12.581,12.8316,0.2515,43,559,0.05
2023-03-13,87.15,105,0.08,call,0.0715,0.0711,0.0704,0.0718,0.3207,53,318,0.05
2023-03-13,87.15,105,0.08,put,17.4343,17.4289,17.2546,17.6033,0.227,37,407,0.05
2023-03-13,87.15,110,0.08,call,0.0115,0.0117,0.0116,0.0118,0.3082,42,294,0.05
2023-03-13,87.15,110,0.08,put,22.4103,22.4098,22.1857,22.6339,0.2098,37,259,0.05
2023-03-13,87.15,90,0.25,call,2.6539,2.7264,2.6999,2.753,0.1966,57,855,0.05
2023-03-13,87.15,90,0.25,put,4.5526,4.6293,4.5838,4.6749,0.2064,55,550,0.05
2023-03-13,87.15,95,0.25,call,1.4281,1.4236,1.4094,1.4379,0.2155,47,705,0.05
2023-03-13,87.15,95,0.25,put,8.4448,8.4986,8.4142,8.5831,0.2393,56,728,0.05
2023-03-13,87.15,100,0.25,call,0.7119,0.7094,0.7023,0.7165,0.2262,42,462,0.05
2023-03-13,87.15,100,0.25,put,13.6298,13.7358,13.5995,13.8721,0.3333,47,517,0.05
2023-03-13,87.15,105,0.25,call,0.144,0.141,0.1396,0.1425,0.1965,49,833,0.05
2023-03-13,87.15,105,0.25,put,16.6992,16.6933,16.5264,16.8603,0.199,33,165,0.05
2023-03-13,87.15,110,0.25,call,0.0554,0.0559,0.0554,0.0565,0.2046,38,570,0.05
2023-03-13,87.15,110,0.25,put,21.5457,21.6252,21.4098,21.8407,0.2083,32,224,0.05
2023-03-13,87.15,90,0.5,call,3.7515,3.76,3.7225,3.7975,0.1645,46,782,0.05
2023-03-13,87.15,90,0.5,put,6.7562,6.8149,6.7473,6.8824,0.2613,46,414,0.05
2023-03-13,87.15,95,0.5,call,3.9827,4.0239,3.9841,4.0638,0.2512,38,532,0.05
2023-03-13,87.15,95,0.5,put,9.3059,9.3799,9.2869,9.473,0.2436,58,406,0.05
2023-03-13,87.15,100,0.5,call,1.4582,1.4599,1.4453,1.4744,0.1937,45,765,0.05
2023-03-13,87.15,100,0.5,put,12.8496,12.9222,12.7937,13.0507,0.2446,38,570,0.05
2023-03-13,87.15,105,0.5,call,2.6344,2.6281,2.6017,2.6544,0.3031,45,405,0.05
2023-03-13,87.15,105,0.5,put,16.1913,16.1437,15.9817,16.3056,0.2064,51,510,0.05
2023-03-13,87.15,110,0.5,call,0.9686,0.9649,0.9552,0.9746,0.2473,53,530,0.05
2023-03-13,87.15,110,0.5,put,21.6895,21.7588,21.5419,21.9757,0.287,45,540,0.05
2023-03-14,89.29,90,0.08,call,2.7048,2.7015,2.6744,2.7285,0.2848,59,413,0.05
2023-03-14,89.29,90,0.08,put,3.0748,3.0584,3.0277,3.0892,0.2872,59,767,0.05
2023-03-14,89.29,95,0.08,call,0.9935,1.0077,0.9978,1.0177,0.2811,48,768,0.05
2023-03-14,89.29,95,0.08,put,5.5107,5.5067,5.4516,5.5618,0.157,53,265,0.05
2023-03-14,89.29,100,0.08,call,0.1339,0.1355,0.1341,0.1368,0.2359,48,720,0.05
2023-03-14,89.29,100,0.08,put,10.3841,10.4447,10.3408,10.5485,0.2124,48,288,0.05
2023-03-14,89.29,105,0.08,call,0.0147,0.0146,0.0144,0.0147,0.2282,51,918,0.05
2023-03-14,89.29,105,0.08,put,15.5286,15.4958,15.3405,15.651,0.3557,37,222,0.05
2023-03-14,89.29,110,0.08,call,0.0004,0.0004,0.0004,0.0004,0.2089,46,828,0.05
2023-03-14,89.29,110,0.08,put,20.2712,20.217,20.0142,20.4197,0.2527,33,462,0.05
2023-03-14,89.29,90,0.25,call,5.8204,5.7834,5.7252,5.8416,0.3161,40,200,0.05
2023-03-14,89.29,90,0.25,put,3.681,3.6131,3.5763,3.6499,0.2186,46,874,0.05
2023-03-14,89.29,95,0.25,call,2.0005,1.9704,1.9504,1.9904,0.2108,49,392,0.05
2023-03-14,89.29,95,0.25,put,6.7707,6.7847,6.717,6.8524,0.2257,51,561,0.05
2023-03-14,89.29,100,0.25,call,0.5847,0.5781,0.5722,0.5839,0.1827,54,270,0.05
2023-03-14,89.29,100,0.25,put,10.4847,10.6941,10.5893,10.799,0.2211,48,480,0.05
2023-03-14,89.29,105,0.25,call,1.3134,1.3041,1.2909,1.3172,0.309,42,210,0.05
2023-03-14,89.29,105,0.25,put,15.6726,15.7994,15.6427,15.9561,0.3054,43,215,0.05
2023-03-14,89.29,110,0.25,call,0.7614,0.7601,0.7525,0.7677,0.3116,45,810,0.05
2023-03-14,89.29,110,0.25,put,19.4374,19.3162,19.1218,19.5105,0.2017,35,665,0.05
2023-03-14,89.29,90,0.5,call,4.8915,4.9002,4.8512,4.9491,0.1638,60,840,0.05
2023-03-14,89.29,90,0.5,put,5.9645,6.0485,5.9888,6.1081,0.2685,56,560,0.05
2023-03-14,89.29,95,0.5,call,4.7091,4.751,4.7039,4.7981,0.2437,41,246,0.05
2023-03-14,89.29,95,0.5,put,7.5401,7.5262,7.4508,7.6017,0.2225,48,384,0.05
2023-03-14,89.29,100,0.5,call,3.6541,3.6143,3.5777,3.6508,0.2669,41,697,0.05
2023-03-14,89.29,100,0.5,put,10.6577,10.7078,10.6012,10.8144,0.2129,51,255,0.05
2023-03-14,89.29,105,0.5,call,2.2213,2.1946,2.1724,2.2169,0.2552,50,600,0.05
2023-03-14,89.29,105,0.5,put,15.0705,14.8995,14.7488,15.0502,0.2418,48,624,0.05
2023-03-14,89.29,110,0.5,call,1.3046,1.3076,1.2945,1.3206,0.248,43,473,0.05
2023-03-14,89.29,110,0.5,put,18.1583,17.88,17.6984,18.0616,0.1487,39,390,0.05
2023-03-15,89.25,90,0.08,call,2.4678,2.4761,2.4514,2.5008,0.2635,47,564,0.05
2023-03-15,89.25,90,0.08,put,3.5223,3.5639,3.5287,3.5991,0.3294,58,928,0.05
2023-03-15,89.25,95,0.08,call,0.2481,0.2484,0.2459,0.2509,0.1716,49,392,0.05
2023-03-15,89.25,95,0.08,put,5.9549,5.9588,5.8992,6.0183,0.2274,51,357,0.05
2023-03-15,89.25,100,0.08,call,0.4182,0.4224,0.4182,0.4266,0.3103,49,539,0.05
2023-03-15,89.25,100,0.08,put,10.7326,10.8193,10.712,10.9266,0.3027,40,360,0.05
2023-03-15,89.25,105,0.08,call,0.0279,0.028,0.0277,0.0283,0.2481,42,798,0.05
2023-03-15,89.25,105,0.08,put,15.4189,15.5317,15.3775,15.6859,0.2946,45,630,0.05
2023-03-15,89.25,110,0.08,call,0.0,0.0,0.0,0.0,0.1791,45,585,0.05
2023-03-15,89.25,110,0.08,put,20.3106,20.1136,19.9105,20.3167,0.1049,41,492,0.05
2023-03-15,89.25,90,0.25,call,4.1863,4.1831,4.1412,4.2249,0.2252,46,230,0.05
2023-03-15,89.25,90,0.25,put,5.5826,5.5602,5.5044,5.616,0.3248,44,396,0.05
2023-03-15,89.25,95,0.25,call,3.465,3.4603,3.4256,3.4949,0.2987,60,720,0.05
2023-03-15,89.25,95,0.25,put,6.0054,6.0222,5.9622,6.0823,0.1763,40,480,0.05
2023-03-15,89.25,100,0.25,call,0.9663,0.9771,0.9675,0.9868,0.2174,53,265,0.05
2023-03-15,89.25,100,0.25,put,11.3663,11.1776,11.0639,11.2912,0.2838,48,768,0.05
2023-03-15,89.25,105,0.25,call,1.1184,1.1142,1.103,1.1254,0.2929,50,250,0.05
2023-03-15,89.25,105,0.25,put,14.5841,14.5675,14.4217,14.7134,0.1727,47,470,0.05
2023-03-15,89.25,110,0.25,call,0.2063,0.207,0.2049,0.2091,0.2309,58,580,0.05
2023-03-15,89.25,110,0.25,put,19.6031,19.888,19.692,20.0841,0.2338,44,484,0.05
2023-03-15,89.25,90,0.5,call,6.1816,6.108,6.0462,6.1699,0.217,55,880,0.05
2023-03-15,89.25,90,0.5,put,6.2848,6.3468,6.284,6.4097,0.2807,56,560,0.05
2023-03-15,89.25,95,0.5,call,3.881,3.9148,3.876,3.9536,0.2112,47,658,0.05
2023-03-15,89.25,95,0.5,put,7.9135,7.9107,7.8315,7.9898,0.2365,48,432,0.05
2023-03-15,89.25,100,0.5,call,5.5205,5.5273,5.4721,5.5825,0.3452,44,836,0.05
2023-03-15,89.25,100,0.5,put,12.247,12.1481,12.0256,12.2706,0.2807,51,510,0.05
2023-03-15,89.25,105,0.5,call,0.5857,0.5792,0.5733,0.585,0.1599,41,779,0.05
2023-03-15,89.25,105,0.5,put,16.6868,16.6824,16.5155,16.8492,0.3173,44,264,0.05
2023-03-15,89.25,110,0.5,call,1.228,1.2336,1.2213,1.2459,0.2436,34,408,0.05
2023-03-15,89.25,110,0.5,put,19.3099,19.4333,19.2402,19.6264,0.2467,33,297,0.05
2023-03-16,91.48,90,0.08,call,3.9023,3.9236,3.8846,3.9627,0.2827,58,348,0.05
2023-03-16,91.48,90,0.08,put,1.2842,1.2783,1.2654,1.2911,0.2033,53,371,0.05
2023-03-16,91.48,95,0.08,call,1.5315,1.5345,1.5192,1.5498,0.2694,40,640,0.05
2023-03-16,91.48,95,0.08,put,4.2282,4.2518,4.2095,4.294,0.2221,58,812,0.05
2023-03-16,91.48,100,0.08,call,0.1417,0.1417,0.1403,0.1431,0.1954,46,644,0.05
2023-03-16,91.48,100,0.08,put,8.6677,8.6575,8.5708,8.7442,0.2807,54,864,0.05
2023-03-16,91.48,105,0.08,call,0.012,0.0119,0.0118,0.012,0.1922,46,230,0.05
2023-03-16,91.48,105,0.08,put,13.1558,12.9794,12.8478,13.1109,0.2385,54,918,0.05
2023-03-16,91.48,110,0.08,call,0.0016,0.0016,0.0015,0.0016,0.2056,47,893,0.05
2023-03-16,91.48,110,0.08,put,18.1082,18.2355,18.0544,18.4166,0.2798,43,516,0.05
2023-03-16,91.48,90,0.25,call,4.3853,4.371,4.3271,4.4148,0.1613,54,378,0.05
2023-03-16,91.48,90,0.25,put,3.284,3.2896,3.2568,3.3225,0.2484,59,1003,0.05
2023-03-16,91.48,95,0.25,call,3.9645,4.0262,3.9865,4.0658,0.2733,50,550,0.05
2023-03-16,91.48,95,0.25,put,6.3873,6.2873,6.2234,6.3512,0.2781,33,495,0.05
2023-03-16,91.48,100,0.25,call,1.5032,1.4784,1.4634,1.4934,0.22,46,230,0.05
2023-03-16,91.48,100,0.25,put,9.6113,9.7485,9.6524,9.8446,0.2735,47,799,0.05
2023-03-16,91.48,105,0.25,call,1.234,1.24,1.2277,1.2524,0.2686,45,495,0.05
2023-03-16,91.48,105,0.25,put,12.4638,12.5663,12.4417,12.691,0.1692,56,1064,0.05
2023-03-16,91.48,110,0.25,call,0.1116,0.1104,0.1093,0.1116,0.1844,39,624,0.05
2023-03-16,91.48,110,0.25,put,17.2393,17.3695,17.1971,17.5419,0.1776,38,532,0.05
2023-03-16,91.48,90,0.5,call,8.5937,8.6995,8.6135,8.7854,0.2605,49,490,0.05
2023-03-16,91.48,90,0.5,put,4.9864,4.9462,4.8963,4.996,0.2645,44,264,0.05
2023-03-16,91.48,95,0.5,call,5.3234,5.3877,5.3344,5.4409,0.227,48,240,0.05
2023-03-16,91.48,95,0.5,put,7.8806,7.8929,7.8141,7.9717,0.2808,52,780,0.05
2023-03-16,91.48,100,0.5,call,2.7177,2.7287,2.7015,2.7558,0.1949,52,260,0.05
2023-03-16,91.48,100,0.5,put,9.6957,9.6427,9.5457,9.7396,0.2332,43,258,0.05
2023-03-16,91.48,105,0.5,call,1.4061,1.3845,1.3705,1.3986,0.1874,46,782,0.05
2023-03-16,91.48,105,0.5,put,12.1237,12.1954,12.0742,12.3167,0.1763,40,400,0.05
2023-03-16,91.48,110,0.5,call,2.3009,2.3175,2.2945,2.3405,0.2785,39,702,0.05
2023-03-16,91.48,110,0.5,put,17.7493,17.8567,17.6792,18.0342,0.2605,50,450,0.05
2023-03-17,87.79,90,0.08,call,1.913,1.89,1.8709,1.9092,0.2736,67,469,0.05
2023-03-17,87.79,90,0.08,put,4.2591,4.1868,4.1442,4.2294,0.325,45,855,0.05
2023-03-17,87.79,95,0.08,call,0.1621,0.1616,0.16,0.1632,0.1847,47,470,0.05
2023-03-17,87.79,95,0.08,put,7.7687,7.7326,7.6549,7.8103,0.3195,59,1003,0.05
2023-03-17,87.79,100,0.08,call,0.0013,0.0013,0.0012,0.0013,0.1465,39,507,0.05
2023-03-17,87.79,100,0.08,put,11.9099,11.9977,11.8786,12.1168,0.2517,44,748,0.05
2023-03-17,87.79,105,0.08,call,0.0,0.0,0.0,0.0,0.1557,39,429,0.05
2023-03-17,87.79,105,0.08,put,16.8413,17.0259,16.8575,17.1943,0.2958,46,644,0.05
2023-03-17,87.79,110,0.08,call,0.0255,0.0255,0.0253,0.0258,0.3277,44,352,0.05
2023-03-17,87.79,110,0.08,put,21.7684,21.6471,21.4294,21.8648,0.2077,41,328,0.05
2023-03-17,87.79,90,0.25,call,5.2633,5.2968,5.2441,5.3494,0.3291,54,810,0.05
2023-03-17,87.79,90,0.25,put,7.0018,7.0724,7.0024,7.1424,0.3661,47,235,0.05
2023-03-17,87.79,95,0.25,call,1.5138,1.5103,1.4951,1.5254,0.2094,55,495,0.05
2023-03-17,87.79,95,0.25,put,8.8126,8.8655,8.7774,8.9536,0.2907,48,912,0.05
2023-03-17,87.79,100,0.25,call,2.4404,2.4304,2.406,2.4548,0.3505,36,504,0.05
2023-03-17,87.79,100,0.25,put,11.4859,11.5047,11.3899,11.6196,0.1971,54,486,0.05
2023-03-17,87.79,105,0.25,call,0.6151,0.6191,0.613,0.6253,0.2633,58,696,0.05
2023-03-17,87.79,105,0.25,put,16.1652,15.7687,15.6071,15.9304,0.2139,33,198,0.05
2023-03-17,87.79,110,0.25,call,0.1713,0.1743,0.1726,0.176,0.2384,42,294,0.05
2023-03-17,87.79,110,0.25,put,20.8449,20.3565,20.148,20.5649,0.147,47,235,0.05
2023-03-17,87.79,90,0.5,call,5.4326,5.4681,5.4138,5.5224,0.2193,56,392,0.05
2023-03-17,87.79,90,0.5,put,6.3584,6.3884,6.3248,6.4519,0.2574,53,424,0.05
2023-03-17,87.79,95,0.5,call,3.9083,3.9481,3.909,3.9872,0.2373,53,689,0.05
2023-03-17,87.79,95,0.5,put,9.3297,9.2299,9.1366,9.3232,0.2604,46,598,0.05
2023-03-17,87.79,100,0.5,call,1.9483,1.9441,1.9246,1.9636,0.2108,43,344,0.05
2023-03-17,87.79,100,0.5,put,12.0548,12.2688,12.1483,12.3894,0.2286,40,680,0.05
2023-03-17,87.79,105,0.5,call,2.0571,2.0775,2.057,2.0981,0.2654,39,702,0.05
2023-03-17,87.79,105,0.5,put,15.555,15.3974,15.2419,15.553,0.2001,36,432,0.05
2023-03-17,87.79,110,0.5,call,0.1794,0.1782,0.1764,0.18,0.162,26,208,0.05
2023-03-17,87.79,110,0.5,put,20.6885,20.4855,20.2786,20.6924,0.2569,45,630,0.05
2023-03-18,88.94,90,0.08,call,1.7995,1.7893,1.7713,1.8073,0.2115,49,490,0.05
2023-03-18,88.94,90,0.08,put,2.1552,2.1768,2.1553,2.1984,0.1771,56,280,0.05
2023-03-18,88.94,95,0.08,call,0.5262,0.5288,0.5235,0.534,0.2271,50,400,0.05
2023-03-18,88.94,95,0.08,put,5.9457,6.0169,5.9574,6.0764,0.1828,45,405,0.05
2023-03-18,88.94,100,0.08,call,0.0635,0.0631,0.0625,0.0638,0.2114,38,722,0.05
2023-03-18,88.94,100,0.08,put,10.7394,10.751,10.6436,10.8584,0.2209,59,590,0.05
2023-03-18,88.94,105,0.08,call,0.0008,0.0007,0.0007,0.0008,0.1765,49,686,0.05
2023-03-18,88.94,105,0.08,put,15.7014,15.9151,15.7581,16.0722,0.2844,49,882,0.05
2023-03-18,88.94,110,0.08,call,0.0037,0.0037,0.0036,0.0037,0.2532,37,555,0.05
2023-03-18,88.94,110,0.08,put,20.6181,20.7409,20.5347,20.9471,0.1991,46,690,0.05
2023-03-18,88.94,90,0.25,call,3.9234,3.8458,3.8066,3.885,0.2196,42,588,0.05
2023-03-18,88.94,90,0.25,put,3.9622,3.9279,3.8882,3.9675,0.2252,62,1054,0.05
2023-03-18,88.94,95,0.25,call,2.4123,2.4333,2.4091,2.4574,0.2433,35,455,0.05
2023-03-18,88.94,95,0.25,put,8.2415,8.2422,8.1598,8.3246,0.2999,54,270,0.05
2023-03-18,88.94,100,0.25,call,0.9939,0.9763,0.9664,0.9862,0.2245,41,451,0.05
2023-03-18,88.94,100,0.25,put,11.5664,11.504,11.3883,11.6197,0.2818,46,552,0.05
2023-03-18,88.94,105,0.25,call,0.345,0.3502,0.3468,0.3537,0.2134,42,756,0.05
2023-03-18,88.94,105,0.25,put,15.5621,15.5956,15.44,15.7513,0.2684,37,703,0.05
2023-03-18,88.94,110,0.25,call,0.198,0.1989,0.197,0.2009,0.2324,48,384,0.05
2023-03-18,88.94,110,0.25,put,20.1052,20.0241,19.823,20.2251,0.2715,50,600,0.05
2023-03-18,88.94,90,0.5,call,8.1508,8.2616,8.1801,8.3431,0.3036,46,736,0.05
2023-03-18,88.94,90,0.5,put,4.6591,4.6188,4.5722,4.6654,0.2097,42,210,0.05
2023-03-18,88.94,95,0.5,call,3.3599,3.3205,3.2869,3.3541,0.1953,46,276,0.05
2023-03-18,88.94,95,0.5,put,8.9258,8.9826,8.8934,9.0719,0.2703,51,612,0.05
2023-03-18,88.94,100,0.5,call,2.2236,2.2385,2.2163,2.2608,0.2087,38,342,0.05
2023-03-18,88.94,100,0.5,put,12.082,12.2711,12.1503,12.3919,0.2653,51,306,0.05
2023-03-18,88.94,105,0.5,call,1.2094,1.1927,1.1806,1.2048,0.2048,37,333,0.05
2023-03-18,88.94,105,0.5,put,14.6486,14.4431,14.2967,14.5896,0.2033,50,750,0.05
2023-03-18,88.94,110,0.5,call,1.2457,1.237,1.2246,1.2495,0.248,43,731,0.05
2023-03-18,88.94,110,0.5,put,21.3185,21.4979,21.2847,21.7111,0.3432,34,578,0.05
2023-03-19,89.07,90,0.08,call,2.635,2.6294,2.603,2.6557,0.2888,52,312,0.05
2023-03-19,89.07,90,0.08,put,1.8014,1.7975,1.7795,1.8155,0.1488,47,658,0.05
2023-03-19,89.07,95,0.08,call,0.4243,0.425,0.4208,0.4292,0.2076,40,520,0.05
2023-03-19,89.07,95,0.08,put,5.8854,5.9079,5.8491,5.9668,0.1925,51,816,0.05
2023-03-19,89.07,100,0.08,call,0.1004,0.1,0.099,0.101,0.2271,45,315,0.05
2023-03-19,89.07,100,0.08,put,10.5695,10.6407,10.535,10.7464,0.1944,64,1152,0.05
2023-03-19,89.07,105,0.08,call,0.0034,0.0034,0.0034,0.0034,0.1987,44,528,0.05
2023-03-19,89.07,105,0.08,put,15.6128,15.6395,15.4834,15.7956,0.3059,54,972,0.05
2023-03-19,89.07,110,0.08,call,0.0028,0.0028,0.0028,0.0028,0.2457,50,950,0.05
2023-03-19,89.07,110,0.08,put,20.4893,20.6484,20.4435,20.8533,0.1796,38,190,0.05
2023-03-19,89.07,90,0.25,call,2.8428,2.8241,2.7957,2.8526,0.1548,68,476,0.05
2023-03-19,89.07,90,0.25,put,3.3462,3.3972,3.3637,3.4306,0.1939,51,765,0.05
2023-03-19,89.07,95,0.25,call,2.024,2.037,2.0167,2.0572,0.2169,46,736,0.05
2023-03-19,89.07,95,0.25,put,7.6177,7.8159,7.7397,7.8921,0.2678,60,360,0.05
2023-03-19,89.07,100,0.25,call,2.278,2.2928,2.27,2.3156,0.3155,54,864,0.05
2023-03-19,89.07,100,0.25,put,10.559,10.5212,10.4156,10.6268,0.2123,52,260,0.05
2023-03-19,89.07,105,0.25,call,0.5634,0.5647,0.5591,0.5704,0.2401,42,252,0.05
2023-03-19,89.07,105,0.25,put,16.4851,16.4397,16.2749,16.6046,0.3558,41,779,0.05
2023-03-19,89.07,110,0.25,call,0.6284,0.6375,0.6312,0.6438,0.2989,48,480,0.05
2023-03-19,89.07,110,0.25,put,20.6015,20.7607,20.5546,20.9667,0.344,38,494,0.05
2023-03-19,89.07,90,0.5,call,4.6528,4.6528,4.6063,4.6993,0.1593,48,480,0.05
2023-03-19,89.07,90,0.5,put,7.0833,7.0948,7.024,7.1656,0.3098,53,477,0.05
2023-03-19,89.07,95,0.5,call,5.2594,5.2536,5.201,5.3062,0.2698,46,368,0.05
2023-03-19,89.07,95,0.5,put,9.1882,9.1543,9.0625,9.2462,0.2836,50,550,0.05
2023-03-19,89.07,100,0.5,call,2.301,2.2536,2.2306,2.2766,0.2105,50,750,0.05
2023-03-19,89.07,100,0.5,put,12.1442,12.0697,11.9483,12.1912,0.2715,48,624,0.05
2023-03-19,89.07,105,0.5,call,2.2339,2.2156,2.1933,2.238,0.2586,41,656,0.05
2023-03-19,89.07,105,0.5,put,16.3163,16.1042,15.941,16.2673,0.2945,47,423,0.05
2023-03-19,89.07,110,0.5,call,1.5547,1.546,1.5305,1.5616,0.2657,33,165,0.05
2023-03-19,89.07,110,0.5,put,18.4252,18.3694,18.1851,18.5537,0.1574,35,385,0.05
2023-03-20,88.66,90,0.08,call,2.4304,2.4663,2.442,2.4906,0.2878,65,1105,0.05
2023-03-20,88.66,90,0.08,put,4.0059,3.9835,3.9434,4.0236,0.3474,36,252,0.05
2023-03-20,88.66,95,0.08,call,0.9873,0.9918,0.9819,1.0017,0.2997,41,615,0.05
2023-03-20,88.66,95,0.08,put,6.5137,6.4988,6.4337,6.564,0.2389,49,343,0.05
2023-03-20,88.66,100,0.08,call,0.2366,0.2365,0.2342,0.2389,0.2808,48,336,0.05
2023-03-20,88.66,100,0.08,put,11.121,11.1045,10.9933,11.2157,0.2641,39,741,0.05
2023-03-20,88.66,105,0.08,call,0.0457,0.0459,0.0455,0.0464,0.2753,43,559,0.05
2023-03-20,88.66,105,0.08,put,15.9318,16.0914,15.9321,16.2507,0.229,45,405,0.05
2023-03-20,88.66,110,0.08,call,0.0063,0.0064,0.0063,0.0064,0.27,56,336,0.05
2023-03-20,88.66,110,0.08,put,20.9057,20.8218,20.6127,21.0308,0.2617,32,288,0.05
2023-03-20,88.66,90,0.25,call,2.9573,2.9262,2.8967,2.9558,0.1733,39,195,0.05
2023-03-20,88.66,90,0.25,put,2.8991,2.8788,2.8498,2.9078,0.1574,55,440,0.05
2023-03-20,88.66,95,0.25,call,3.5278,3.5951,3.5598,3.6304,0.316,47,893,0.05
2023-03-20,88.66,95,0.25,put,6.8025,6.7848,6.7167,6.8528,0.2011,52,884,0.05
2023-03-20,88.66,100,0.25,call,1.4184,1.4108,1.3967,1.425,0.2625,49,539,0.05
2023-03-20,88.66,100,0.25,put,11.413,11.466,11.3519,11.5801,0.2546,45,765,0.05
2023-03-20,88.66,105,0.25,call,0.1184,0.1198,0.1186,0.121,0.1739,46,736,0.05
2023-03-20,88.66,105,0.25,put,15.1286,14.8631,14.7118,15.0144,0.1666,45,630,0.05
2023-03-20,88.66,110,0.25,call,0.2815,0.2833,0.2805,0.2861,0.2525,44,616,0.05
2023-03-20,88.66,110,0.25,put,20.2582,20.0397,19.8371,20.2423,0.2531,39,546,0.05
2023-03-20,88.66,90,0.5,call,7.7072,7.8532,7.7762,7.9303,0.2922,44,308,0.05
2023-03-20,88.66,90,0.5,put,5.5964,5.6096,5.5536,5.6655,0.2425,52,936,0.05
2023-03-20,88.66,95,0.5,call,4.1337,4.0903,4.0489,4.1316,0.2317,39,468,0.05
2023-03-20,88.66,95,0.5,put,8.0159,7.9542,7.874,8.0343,0.2271,75,1275,0.05
2023-03-20,88.66,100,0.5,call,3.8408,3.8157,3.7773,3.8542,0.2844,40,680,0.05
2023-03-20,88.66,100,0.5,put,10.8638,10.7214,10.6127,10.83,0.2016,39,663,0.05
2023-03-20,88.66,105,0.5,call,3.5952,3.5712,3.5353,3.6072,0.3284,44,352,0.05
2023-03-20,88.66,105,0.5,put,15.4766,15.5539,15.3992,15.7087,0.2374,61,1159,0.05
2023-03-20,88.66,110,0.5,call,0.1508,0.1515,0.15,0.153,0.1504,52,936,0.05
2023-03-20,88.66,110,0.5,put,19.2933,19.6325,19.4396,19.8254,0.209,35,490,0.05
2023-03-21,88.79,90,0.08,call,2.3955,2.3856,2.3617,2.4096,0.278,45,360,0.05
2023-03-21,88.79,90,0.08,put,2.9942,2.971,2.941,3.0009,0.2532,40,560,0.05
2023-03-21,88.79,95,0.08,call,0.5764,0.5852,0.5794,0.5909,0.2388,55,440,0.05
2023-03-21,88.79,95,0.08,put,6.7613,6.7218,6.6542,6.7894,0.2888,37,555,0.05
2023-03-21,88.79,100,0.08,call,0.0083,0.0083,0.0082,0.0084,0.1616,58,580,0.05
2023-03-21,88.79,100,0.08,put,10.9321,11.0485,10.9392,11.1579,0.2427,36,612,0.05
2023-03-21,88.79,105,0.08,call,0.2361,0.2382,0.2358,0.2405,0.364,31,186,0.05
2023-03-21,88.79,105,0.08,put,15.8133,15.4194,15.2613,15.5775,0.254,42,756,0.05
2023-03-21,88.79,110,0.08,call,0.0243,0.0241,0.0238,0.0243,0.3108,44,396,0.05
2023-03-21,88.79,110,0.08,put,20.7663,20.5794,20.3717,20.787,0.1742,26,364,0.05
2023-03-21,88.79,90,0.25,call,4.3261,4.3171,4.2738,4.3604,0.2467,36,576,0.05
2023-03-21,88.79,90,0.25,put,4.9507,4.9298,4.8803,4.9793,0.2771,37,370,0.05
2023-03-21,88.79,95,0.25,call,3.3472,3.3392,3.3057,3.3727,0.3023,69,483,0.05
2023-03-21,88.79,95,0.25,put,7.0511,7.2567,7.1862,7.3272,0.2227,56,616,0.05
2023-03-21,88.79,100,0.25,call,1.6048,1.5809,1.5648,1.5969,0.2739,50,400,0.05
2023-03-21,88.79,100,0.25,put,11.394,11.2853,11.1713,11.3992,0.2611,43,258,0.05
2023-03-21,88.79,105,0.25,call,0.8581,0.8648,0.8562,0.8734,0.2753,39,234,0.05
2023-03-21,88.79,105,0.25,put,16.046,16.0232,15.8627,16.1836,0.3021,39,273,0.05
2023-03-21,88.79,110,0.25,call,0.5789,0.5741,0.5683,0.5799,0.2962,49,686,0.05
2023-03-21,88.79,110,0.25,put,19.9074,20.0043,19.8053,20.2034,0.1954,36,216,0.05
2023-03-21,88.79,90,0.5,call,6.9839,6.9941,6.9242,7.0639,0.2599,50,900,0.05
2023-03-21,88.79,90,0.5,put,5.8197,5.8811,5.8229,5.9393,0.2539,54,270,0.05
2023-03-21,88.79,95,0.5,call,5.8169,5.8203,5.7622,5.8785,0.2972,47,470,0.05
2023-03-21,88.79,95,0.5,put,6.3396,6.3114,6.248,6.3748,0.1613,46,368,0.05
2023-03-21,88.79,100,0.5,call,2.8036,2.8012,2.7732,2.8293,0.2371,40,320,0.05
2023-03-21,88.79,100,0.5,put,11.3151,11.3744,11.2613,11.4876,0.227,39,507,0.05
2023-03-21,88.79,105,0.5,call,2.0876,2.0826,2.0617,2.1035,0.2546,46,828,0.05
2023-03-21,88.79,105,0.5,put,14.6653,14.7255,14.5789,14.8722,0.1968,31,279,0.05
2023-03-21,88.79,110,0.5,call,1.6906,1.7008,1.6839,1.7177,0.2768,46,874,0.05
2023-03-21,88.79,110,0.5,put,20.2208,20.0214,19.8192,20.2236,0.2791,42,462,0.05
2023-03-22,86.06,90,0.08,call,0.7741,0.7675,0.7597,0.7752,0.2113,38,456,0.05
2023-03-22,86.06,90,0.08,put,5.2295,5.2686,5.2163,5.3209,0.315,44,352,0.05
2023-03-22,86.06,95,0.08,call,0.3427,0.3454,0.342,0.3488,0.2674,61,1037,0.05
2023-03-22,86.06,95,0.08,put,8.8381,8.9388,8.8504,9.0271,0.2537,38,532,0.05
2023-03-22,86.06,100,0.08,call,0.1161,0.1161,0.1149,0.1172,0.2911,45,585,0.05
2023-03-22,86.06,100,0.08,put,13.578,13.7063,13.5705,13.8421,0.2461,58,812,0.05
2023-03-22,86.06,105,0.08,call,0.0002,0.0002,0.0002,0.0002,0.1903,38,380,0.05
2023-03-22,86.06,105,0.08,put,18.5174,18.8785,18.6933,19.0637,0.2174,45,225,0.05
2023-03-22,86.06,110,0.08,call,0.0001,0.0001,0.0001,0.0001,0.2279,47,658,0.05
2023-03-22,86.06,110,0.08,put,23.4963,23.2458,23.0108,23.4808,0.2237,37,481,0.05
2023-03-22,86.06,90,0.25,call,2.4086,2.4248,2.4007,2.4489,0.209,48,240,0.05
2023-03-22,86.06,90,0.25,put,7.4768,7.4819,7.4072,7.5567,0.3422,60,900,0.05
2023-03-22,86.06,95,0.25,call,0.1208,0.1213,0.1201,0.1225,0.1095,42,630,0.05
2023-03-22,86.06,95,0.25,put,8.8385,8.7467,8.6583,8.8351,0.2094,45,270,0.05
2023-03-22,86.06,100,0.25,call,0.4046,0.4098,0.4057,0.4138,0.2066,47,282,0.05
2023-03-22,86.06,100,0.25,put,13.9272,13.9324,13.7932,14.0717,0.2908,44,220,0.05
2023-03-22,86.06,105,0.25,call,0.3074,0.3088,0.3057,0.3119,0.2424,56,336,0.05
2023-03-22,86.06,105,0.25,put,17.8531,17.9423,17.7637,18.1208,0.2263,41,615,0.05
2023-03-22,86.06,110,0.25,call,0.0534,0.0539,0.0534,0.0545,0.2137,44,484,0.05
2023-03-22,86.06,110,0.25,put,23.0365,23.126,22.8956,23.3564,0.315,26,364,0.05
2023-03-22,86.06,90,0.5,call,4.9774,4.9467,4.8969,4.9965,0.2366,54,1026,0.05
2023-03-22,86.06,90,0.5,put,8.5841,8.4802,8.3944,8.5661,0.3146,49,637,0.05
2023-03-22,86.06,95,0.5,call,5.21,5.2643,5.2122,5.3164,0.3214,58,928,0.05
2023-03-22,86.06,95,0.5,put,11.0048,10.9741,10.864,11.0841,0.2877,29,290,0.05
2023-03-22,86.06,100,0.5,call,1.9152,1.9184,1.8992,1.9375,0.2315,46,598,0.05
2023-03-22,86.06,100,0.5,put,13.438,13.5135,13.3791,13.6479,0.2344,49,441,0.05
2023-03-22,86.06,105,0.5,call,1.0615,1.0559,1.0453,1.0665,0.2266,36,504,0.05
2023-03-22,86.06,105,0.5,put,18.1025,18.1357,17.9546,18.3167,0.27,40,600,0.05
2023-03-22,86.06,110,0.5,call,0.0953,0.0935,0.0926,0.0945,0.1573,45,270,0.05
2023-03-22,86.06,110,0.5,put,22.0352,22.1086,21.8882,22.3289,0.2462,44,528,0.05
2023-03-23,85.77,90,0.08,call,1.0878,1.1003,1.0894,1.1111,0.26,48,768,0.05
2023-03-23,85.77,90,0.08,put,5.0607,5.0838,5.0332,5.1344,0.2727,60,1140,0.05
2023-03-23,85.77,95,0.08,call,0.5632,0.5641,0.5585,0.5698,0.3176,49,245,0.05
2023-03-23,85.77,95,0.08,put,9.0215,8.9777,8.8874,9.0679,0.2319,53,265,0.05
2023-03-23,85.77,100,0.08,call,0.0051,0.0051,0.005,0.0051,0.1945,30,540,0.05
2023-03-23,85.77,100,0.08,put,13.8291,13.6179,13.4796,13.7562,0.179,45,720,0.05
2023-03-23,85.77,105,0.08,call,0.0,0.0,0.0,0.0,0.1748,51,357,0.05
2023-03-23,85.77,105,0.08,put,18.872,18.7234,18.5347,18.9121,0.3397,43,430,0.05
2023-03-23,85.77,110,0.08,call,0.0009,0.0009,0.0009,0.0009,0.2613,38,494,0.05
2023-03-23,85.77,110,0.08,put,23.7875,24.206,23.9681,24.4439,0.2498,37,222,0.05
2023-03-23,85.77,90,0.25,call,2.5969,2.5703,2.5443,2.5963,0.2274,49,294,0.05
2023-03-23,85.77,90,0.25,put,6.7653,6.897,6.8293,6.9646,0.2908,62,682,0.05
2023-03-23,85.77,95,0.25,call,2.004,2.0012,1.9812,2.0213,0.2817,62,558,0.05
2023-03-23,85.77,95,0.25,put,11.5529,11.558,11.4425,11.6735,0.3796,51,357,0.05
2023-03-23,85.77,100,0.25,call,0.1927,0.1917,0.1898,0.1936,0.177,46,782,0.05
2023-03-23,85.77,100,0.25,put,14.157,14.0097,13.8682,14.1513,0.2902,43,473,0.05
2023-03-23,85.77,105,0.25,call,0.2694,0.2686,0.2659,0.2713,0.239,51,255,0.05
2023-03-23,85.77,105,0.25,put,17.939,18.0781,17.8987,18.2575,0.155,47,235,0.05
2023-03-23,85.77,110,0.25,call,0.195,0.196,0.194,0.1979,0.2662,46,598,0.05
2023-03-23,85.77,110,0.25,put,22.8609,23.2432,23.0146,23.4718,0.1458,41,369,0.05
2023-03-23,85.77,90,0.5,call,6.83,6.6855,6.6172,6.7538,0.319,48,576,0.05
2023-03-23,85.77,90,0.5,put,8.6728,8.8062,8.7194,8.8929,0.3123,52,572,0.05
2023-03-23,85.77,95,0.5,call,2.6086,2.6355,2.6094,2.6615,0.2133,46,782,0.05
2023-03-23,85.77,95,0.5,put,12.331,12.2933,12.17,12.4166,0.3367,53,265,0.05
2023-03-23,85.77,100,0.5,call,1.836,1.8513,1.833,1.8697,0.231,37,370,0.05
2023-03-23,85.77,100,0.5,put,13.77,13.7101,13.5724,13.8478,0.2403,44,660,0.05
2023-03-23,85.77,105,0.5,call,0.4058,0.3992,0.3951,0.4032,0.1761,29,145,0.05
2023-03-23,85.77,105,0.5,put,19.0855,19.0609,18.8701,19.2518,0.3115,42,798,0.05
2023-03-23,85.77,110,0.5,call,0.1903,0.1907,0.1888,0.1926,0.1795,34,510,0.05
2023-03-23,85.77,110,0.5,put,22.9998,23.2233,22.9933,23.4533,0.298,36,576,0.05
2023-03-24,86.26,90,0.08,call,1.2106,1.2262,1.2141,1.2383,0.2572,44,220,0.05
2023-03-24,86.26,90,0.08,put,4.5826,4.62,4.5742,4.6658,0.2566,52,624,0.05
2023-03-24,86.26,95,0.08,call,0.1914,0.1933,0.1914,0.1952,0.2261,46,460,0.05
2023-03-24,86.26,95,0.08,put,9.0706,9.1076,9.0169,9.1984,0.3299,51,969,0.05
2023-03-24,86.26,100,0.08,call,0.0114,0.0113,0.0112,0.0114,0.2048,39,663,0.05
2023-03-24,86.26,100,0.08,put,13.4707,13.7646,13.6299,13.8993,0.2951,47,752,0.05
2023-03-24,86.26,105,0.08,call,0.003,0.0029,0.0029,0.0029,0.2317,43,516,0.05
2023-03-24,86.26,105,0.08,put,18.3171,18.0291,17.8459,18.2123,0.1893,40,440,0.05
2023-03-24,86.26,110,0.08,call,0.0002,0.0003,0.0002,0.0003,0.2346,43,645,0.05
2023-03-24,86.26,110,0.08,put,23.2969,22.9121,22.6791,23.1451,0.1787,28,252,0.05
2023-03-24,86.26,90,0.25,call,3.399,3.3902,3.3562,3.4241,0.263,47,611,0.05
2023-03-24,86.26,90,0.25,put,5.3775,5.375,5.3212,5.4287,0.2251,54,594,0.05
2023-03-24,86.26,95,0.25,call,2.4386,2.4746,2.4502,2.499,0.3009,41,697,0.05
2023-03-24,86.26,95,0.25,put,9.2841,9.1715,9.0786,9.2643,0.2531,57,285,0.05
2023-03-24,86.26,100,0.25,call,0.0048,0.0048,0.0047,0.0048,0.1,48,480,0.05
2023-03-24,86.26,100,0.25,put,13.5873,13.5124,13.3765,13.6482,0.2754,43,645,0.05
2023-03-24,86.26,105,0.25,call,0.7832,0.791,0.7832,0.7988,0.3036,43,817,0.05
2023-03-24,86.26,105,0.25,put,18.1293,18.2247,18.0434,18.406,0.2938,55,1045,0.05
2023-03-24,86.26,110,0.25,call,0.1045,0.1041,0.103,0.1051,0.2342,33,396,0.05
2023-03-24,86.26,110,0.25,put,22.5778,22.6073,22.3815,22.8331,0.264,49,245,0.05
2023-03-24,86.26,90,0.5,call,5.2894,5.2466,5.1937,5.2995,0.2454,57,1026,0.05
2023-03-24,86.26,90,0.5,put,7.7926,7.6687,7.5908,7.7466,0.286,43,430,0.05
2023-03-24,86.26,95,0.5,call,4.0453,4.0298,3.9894,4.0703,0.2686,51,561,0.05
2023-03-24,86.26,95,0.5,put,9.7634,9.8769,9.7793,9.9745,0.2396,41,246,0.05
2023-03-24,86.26,100,0.5,call,3.2799,3.2532,3.2204,3.286,0.2951,39,702,0.05
2023-03-24,86.26,100,0.5,put,12.854,13.0261,12.8976,13.1546,0.2115,37,518,0.05
2023-03-24,86.26,105,0.5,call,1.443,1.4304,1.416,1.4449,0.2489,44,484,0.05
2023-03-24,86.26,105,0.5,put,17.5869,17.7016,17.5257,17.8775,0.249,52,260,0.05
2023-03-24,86.26,110,0.5,call,0.0322,0.0326,0.0323,0.0329,0.1335,45,315,0.05
2023-03-24,86.26,110,0.5,put,21.1031,20.9554,20.7444,21.1665,0.1525,36,396,0.05
2023-03-25,88.3,90,0.08,call,1.499,1.5099,1.4949,1.5249,0.2093,38,570,0.05
2023-03-25,88.3,90,0.08,put,2.7653,2.7732,2.7455,2.8008,0.2018,43,430,0.05
2023-03-25,88.3,95,0.08,call,0.2904,0.2903,0.2874,0.2932,0.2027,55,990,0.05
2023-03-25,88.3,95,0.08,put,7.0562,7.0135,6.9429,7.0841,0.2762,49,343,0.05
2023-03-25,88.3,100,0.08,call,0.0057,0.0055,0.0055,0.0056,0.1617,55,770,0.05
2023-03-25,88.3,100,0.08,put,11.3239,11.3146,11.2013,11.4278,0.1934,50,900,0.05
2023-03-25,88.3,105,0.08,call,0.0002,0.0002,0.0002,0.0002,0.1647,58,1102,0.05
2023-03-25,88.3,105,0.08,put,16.2799,16.2701,16.1073,16.4329,0.1861,32,352,0.05
2023-03-25,88.3,110,0.08,call,0.0,0.0,0.0,0.0,0.1689,44,484,0.05
2023-03-25,88.3,110,0.08,put,21.2697,21.6296,21.4169,21.8423,0.2898,33,165,0.05
2023-03-25,88.3,90,0.25,call,3.9023,3.8914,3.8524,3.9305,0.237,55,660,0.05
2023-03-25,88.3,90,0.25,put,4.6485,4.729,4.6825,4.7755,0.2464,41,451,0.05
2023-03-25,88.3,95,0.25,call,0.5396,0.5375,0.5321,0.5429,0.1283,51,408,0.05
2023-03-25,88.3,95,0.25,put,6.8016,6.6321,6.5641,6.7001,0.1842,45,540,0.05
2023-03-25,88.3,100,0.25,call,1.6116,1.6033,1.5872,1.6194,0.283,43,602,0.05
2023-03-25,88.3,100,0.25,put,12.094,12.177,12.056,12.2979,0.2849,46,874,0.05
2023-03-25,88.3,105,0.25,call,0.1251,0.1278,0.1265,0.1291,0.1794,45,360,0.05
2023-03-25,88.3,105,0.25,put,16.0621,15.7161,15.5555,15.8768,0.2624,44,704,0.05
2023-03-25,88.3,110,0.25,call,0.3064,0.3098,0.3068,0.3129,0.2612,45,225,0.05
2023-03-25,88.3,110,0.25,put,20.7658,20.9928,20.7852,21.2005,0.2822,48,384,0.05
2023-03-25,88.3,90,0.5,call,7.4004,7.5359,7.4619,7.6099,0.2878,52,312,0.05
2023-03-25,88.3,90,0.5,put,6.5518,6.5286,6.4631,6.5941,0.2747,57,969,0.05
2023-03-25,88.3,95,0.5,call,3.7649,3.7482,3.7105,3.7858,0.2227,49,343,0.05
2023-03-25,88.3,95,0.5,put,11.0316,10.9868,10.8765,11.0971,0.3411,57,627,0.05
2023-03-25,88.3,100,0.5,call,3.5413,3.5984,3.563,3.6338,0.2769,43,387,0.05
2023-03-25,88.3,100,0.5,put,12.3358,12.1795,12.0561,12.3028,0.2577,31,186,0.05
2023-03-25,88.3,105,0.5,call,1.6924,1.6719,1.655,1.6888,0.2397,31,558,0.05
2023-03-25,88.3,105,0.5,put,17.8637,18.0051,17.8264,18.1837,0.3408,46,690,0.05
2023-03-25,88.3,110,0.5,call,0.9694,0.9551,0.9454,0.9648,0.2358,52,468,0.05
2023-03-25,88.3,110,0.5,put,20.8258,20.724,20.5158,20.9323,0.2912,35,630,0.05
2023-03-26,87.59,90,0.08,call,1.4812,1.4652,1.4504,1.48,0.2367,58,870,0.05
2023-03-26,87.59,90,0.08,put,3.402,3.396,3.362,3.4301,0.2229,53,583,0.05
2023-03-26,87.59,95,0.08,call,0.2579,0.2611,0.2585,0.2637,0.2126,47,893,0.05
2023-03-26,87.59,95,0.08,put,7.3229,7.2173,7.1441,7.2905,0.2201,49,392,0.05
2023-03-26,87.59,100,0.08,call,0.1006,0.1013,0.1003,0.1023,0.255,44,748,0.05
2023-03-26,87.59,100,0.08,put,12.276,12.1682,12.0455,12.291,0.3118,64,448,0.05
2023-03-26,87.59,105,0.08,call,0.0013,0.0014,0.0013,0.0014,0.2008,39,273,0.05
2023-03-26,87.59,105,0.08,put,17.1125,17.2506,17.0795,17.4218,0.3423,43,688,0.05
2023-03-26,87.59,110,0.08,call,0.001,0.001,0.001,0.001,0.2427,36,432,0.05
2023-03-26,87.59,110,0.08,put,21.9793,22.2968,22.077,22.5166,0.2944,36,504,0.05
2023-03-26,87.59,90,0.25,call,2.327,2.331,2.3077,2.3542,0.1664,51,714,0.05
2023-03-26,87.59,90,0.25,put,4.2765,4.2897,4.247,4.3325,0.2043,45,315,0.05
2023-03-26,87.59,95,0.25,call,1.8104,1.8018,1.7837,1.8199,0.2331,49,882,0.05
2023-03-26,87.59,95,0.25,put,10.8737,11.0119,10.9032,11.1207,0.4067,58,290,0.05
2023-03-26,87.59,100,0.25,call,0.8584,0.8519,0.8433,0.8605,0.2336,44,396,0.05
2023-03-26,87.59,100,0.25,put,12.8217,12.5482,12.4199,12.6764,0.2985,47,611,0.05
2023-03-26,87.59,105,0.25,call,0.072,0.0716,0.0709,0.0723,0.1702,32,352,0.05
2023-03-26,87.59,105,0.25,put,16.2714,16.4675,16.3048,16.6302,0.1971,39,195,0.05
2023-03-26,87.59,110,0.25,call,0.5502,0.5424,0.5369,0.5479,0.3077,48,864,0.05
2023-03-26,87.59,110,0.25,put,21.3661,21.1679,20.9542,21.3816,0.2725,48,768,0.05
2023-03-26,87.59,90,0.5,call,6.5893,6.3952,6.3293,6.461,0.2706,55,660,0.05
2023-03-26,87.59,90,0.5,put,8.244,8.2256,8.1432,8.3081,0.3302,44,396,0.05
2023-03-26,87.59,95,0.5,call,2.5895,2.5764,2.5505,2.6023,0.1848,61,1159,0.05
2023-03-26,87.59,95,0.5,put,7.9396,7.8428,7.7634,7.9222,0.1971,46,828,0.05
2023-03-26,87.59,100,0.5,call,1.5357,1.5437,1.5284,1.5591,0.1924,68,952,0.05
2023-03-26,87.59,100,0.5,put,12.081,12.1829,12.0621,12.3037,0.2228,48,864,0.05
2023-03-26,87.59,105,0.5,call,0.9523,0.9579,0.9484,0.9674,0.203,41,492,0.05
2023-03-26,87.59,105,0.5,put,16.5918,16.7731,16.6072,16.939,0.2526,47,846,0.05
2023-03-26,87.59,110,0.5,call,1.8297,1.8498,1.8315,1.8681,0.2985,33,264,0.05
2023-03-26,87.59,110,0.5,put,20.4704,20.5821,20.3774,20.7868,0.2281,36,648,0.05
2023-03-27,86.49,90,0.08,call,0.4988,0.4982,0.4932,0.5032,0.1617,48,480,0.05
2023-03-27,86.49,90,0.08,put,3.595,3.5605,3.5245,3.5964,0.1539,46,782,0.05
2023-03-27,86.49,95,0.08,call,0.0974,0.0971,0.0961,0.0981,0.1909,39,741,0.05
2023-03-27,86.49,95,0.08,put,8.3886,8.5039,8.42,8.5878,0.2379,53,265,0.05
2023-03-27,86.49,100,0.08,call,0.0078,0.0078,0.0077,0.0079,0.1931,51,918,0.05
2023-03-27,86.49,100,0.08,put,13.1149,12.9544,12.8232,13.0855,0.1748,50,900,0.05
2023-03-27,86.49,105,0.08,call,0.0,0.0,0.0,0.0,0.1261,44,264,0.05
2023-03-27,86.49,105,0.08,put,18.0952,17.828,17.647,18.0089,0.2303,43,301,0.05
2023-03-27,86.49,110,0.08,call,0.0017,0.0017,0.0017,0.0017,0.2663,30,420,0.05
2023-03-27,86.49,110,0.08,put,23.0727,23.3086,23.0779,23.5394,0.2468,30,150,0.05
2023-03-27,86.49,90,0.25,call,3.5353,3.5247,3.4894,3.5601,0.2651,64,576,0.05
2023-03-27,86.49,90,0.25,put,6.2758,6.2466,6.1838,6.3093,0.2854,56,616,0.05
2023-03-27,86.49,95,0.25,call,1.0297,1.0249,1.0146,1.0352,0.1979,48,528,0.05
2023-03-27,86.49,95,0.25,put,8.8131,8.7772,8.689,8.8653,0.2316,44,792,0.05
2023-03-27,86.49,100,0.25,call,0.7303,0.7421,0.7348,0.7494,0.2378,52,416,0.05
2023-03-27,86.49,100,0.25,put,12.9869,13.1047,12.9748,13.2346,0.2366,44,616,0.05
2023-03-27,86.49,105,0.25,call,0.063,0.0642,0.0636,0.0648,0.1774,32,256,0.05
2023-03-27,86.49,105,0.25,put,17.4894,17.6263,17.4515,17.8012,0.2329,44,220,0.05
2023-03-27,86.49,110,0.25,call,0.3837,0.3851,0.3813,0.3889,0.2962,34,204,0.05
2023-03-27,86.49,110,0.25,put,22.3179,22.5644,22.3412,22.7875,0.2528,51,561,0.05
2023-03-27,86.49,90,0.5,call,5.3587,5.2985,5.2449,5.352,0.2436,51,765,0.05
2023-03-27,86.49,90,0.5,put,6.8955,7.0267,6.9577,7.0956,0.2538,50,650,0.05
2023-03-27,86.49,95,0.5,call,3.571,3.6294,3.5937,3.6651,0.2446,52,624,0.05
2023-03-27,86.49,95,0.5,put,10.8645,10.8975,10.7888,11.0061,0.2925,62,744,0.05
2023-03-27,86.49,100,0.5,call,1.8099,1.8082,1.7901,1.8263,0.2205,55,660,0.05
2023-03-27,86.49,100,0.5,put,14.5238,14.4581,14.3129,14.6034,0.301,54,648,0.05
2023-03-27,86.49,105,0.5,call,2.9327,2.931,2.9017,2.9603,0.3267,38,532,0.05
2023-03-27,86.49,105,0.5,put,17.534,17.751,17.5757,17.9263,0.2566,42,294,0.05
2023-03-27,86.49,110,0.5,call,0.7571,0.7571,0.7495,0.7647,0.2371,38,418,0.05
2023-03-27,86.49,110,0.5,put,20.8861,21.1096,20.9007,21.3184,0.1531,40,600,0.05
2023-03-28,85.81,90,0.08,call,1.4856,1.4903,1.4755,1.5052,0.3053,60,300,0.05
2023-03-28,85.81,90,0.08,put,5.4254,5.4369,5.3826,5.4912,0.3183,55,1045,0.05
2023-03-28,85.81,95,0.08,call,0.0773,0.0776,0.0768,0.0784,0.1955,42,420,0.05
2023-03-28,85.81,95,0.08,put,9.1536,9.0959,9.0044,9.1875,0.2744,40,560,0.05
2023-03-28,85.81,100,0.08,call,0.0029,0.003,0.003,0.003,0.1839,51,357,0.05
2023-03-28,85.81,100,0.08,put,13.849,13.7575,13.619,13.896,0.2663,38,646,0.05
2023-03-28,85.81,105,0.08,call,0.0082,0.0082,0.0081,0.0083,0.2619,45,855,0.05
2023-03-28,85.81,105,0.08,put,18.7728,18.6745,18.4868,18.8623,0.2557,45,540,0.05
2023-03-28,85.81,110,0.08,call,0.0,0.0,0.0,0.0,0.1817,37,666,0.05
2023-03-28,85.81,110,0.08,put,23.7475,23.6963,23.4589,23.9338,0.266,37,703,0.05
2023-03-28,85.81,90,0.25,call,3.7762,3.853,3.8153,3.8908,0.2968,55,275,0.05
2023-03-28,85.81,90,0.25,put,6.4647,6.4788,6.4142,6.5435,0.2743,47,846,0.05
2023-03-28,85.81,95,0.25,call,1.5889,1.5986,1.5828,1.6145,0.2518,51,306,0.05
2023-03-28,85.81,95,0.25,put,10.2152,10.084,9.9818,10.1861,0.2948,45,495,0.05
2023-03-28,85.81,100,0.25,call,0.6057,0.6089,0.6028,0.615,0.2343,44,308,0.05
2023-03-28,85.81,100,0.25,put,13.1138,13.2327,13.1016,13.3639,0.1721,33,627,0.05
2023-03-28,85.81,105,0.25,call,0.4662,0.4681,0.4635,0.4728,0.2703,46,506,0.05
2023-03-28,85.81,105,0.25,put,18.3139,18.2179,18.0348,18.4011,0.2655,32,480,0.05
2023-03-28,85.81,110,0.25,call,0.364,0.3645,0.3609,0.3681,0.3009,35,420,0.05
2023-03-28,85.81,110,0.25,put,23.0934,23.2604,23.0294,23.4913,0.2838,50,350,0.05
2023-03-28,85.81,90,0.5,call,5.3808,5.3847,5.3309,5.4385,0.2582,50,850,0.05
2023-03-28,85.81,90,0.5,put,9.9457,9.8107,9.7112,9.9101,0.3657,60,960,0.05
2023-03-28,85.81,95,0.5,call,4.6126,4.5904,4.5443,4.6366,0.3004,55,1045,0.05
2023-03-28,85.81,95,0.5,put,10.3198,10.3675,10.2643,10.4707,0.2515,42,294,0.05
2023-03-28,85.81,100,0.5,call,3.5214,3.4921,3.4569,3.5273,0.3128,52,572,0.05
2023-03-28,85.81,100,0.5,put,14.0187,14.0262,13.886,14.1664,0.2545,49,441,0.05
2023-03-28,85.81,105,0.5,call,1.9079,1.9034,1.8843,1.9224,0.2814,35,210,0.05
2023-03-28,85.81,105,0.5,put,16.7457,16.9684,16.8009,17.1358,0.1428,41,533,0.05
2023-03-28,85.81,110,0.5,call,0.376,0.3768,0.373,0.3805,0.2056,34,476,0.05
2023-03-28,85.81,110,0.5,put,22.4032,22.1546,21.9306,22.3787,0.2581,48,528,0.05
2023-03-29,87.07,90,0.08,call,0.676,0.6744,0.6676,0.6811,0.1659,50,750,0.05
2023-03-29,87.07,90,0.08,put,3.8854,3.8823,3.8434,3.9211,0.2388,47,611,0.05
2023-03-29,87.07,95,0.08,call,0.4567,0.4548,0.4503,0.4594,0.2649,57,513,0.05
2023-03-29,87.07,95,0.08,put,7.9635,7.8535,7.7739,7.9331,0.2562,37,518,0.05
2023-03-29,87.07,100,0.08,call,0.1132,0.1126,0.1115,0.1137,0.2706,53,848,0.05
2023-03-29,87.07,100,0.08,put,12.6272,12.5922,12.4659,12.7184,0.2613,44,660,0.05
2023-03-29,87.07,105,0.08,call,0.0108,0.0108,0.0107,0.0109,0.2518,33,297,0.05
2023-03-29,87.07,105,0.08,put,17.5359,17.6025,17.4272,17.7779,0.2736,37,481,0.05
2023-03-29,87.07,110,0.08,call,0.0039,0.004,0.0039,0.004,0.2786,54,594,0.05
2023-03-29,87.07,110,0.08,put,22.4939,22.475,22.25,22.6999,0.1911,56,280,0.05
2023-03-29,87.07,90,0.25,call,3.3881,3.4084,3.3746,3.4423,0.2414,55,330,0.05
2023-03-29,87.07,90,0.25,put,5.507,5.5619,5.5068,5.617,0.259,43,516,0.05
2023-03-29,87.07,95,0.25,call,1.66,1.6586,1.642,1.6752,0.2331,58,522,0.05
2023-03-29,87.07,95,0.25,put,9.0958,9.146,9.0551,9.237,0.2782,50,750,0.05
2023-03-29,87.07,100,0.25,call,0.0266,0.0269,0.0267,0.0272,0.1149,46,782,0.05
2023-03-29,87.07,100,0.25,put,11.7191,11.5518,11.4346,11.669,0.116,49,833,0.05
2023-03-29,87.07,105,0.25,call,0.6164,0.6223,0.6162,0.6285,0.2732,36,360,0.05
2023-03-29,87.07,105,0.25,put,16.6795,16.733,16.5662,16.8998,0.1663,47,564,0.05
2023-03-29,87.07,110,0.25,call,0.0025,0.0025,0.0024,0.0025,0.1464,32,608,0.05
2023-03-29,87.07,110,0.25,put,22.035,22.0446,21.8242,22.2649,0.3026,39,429,0.05
2023-03-29,87.07,90,0.5,call,6.1737,6.1536,6.0919,6.2153,0.2649,54,1026,0.05
2023-03-29,87.07,90,0.5,put,6.6583,6.5472,6.4806,6.6138,0.2557,42,294,0.05
2023-03-29,87.07,95,0.5,call,5.2502,5.2639,5.2114,5.3165,0.3054,46,736,0.05
2023-03-29,87.07,95,0.5,put,9.9564,9.9914,9.8918,10.091,0.2688,45,855,0.05
2023-03-29,87.07,100,0.5,call,3.2888,3.2893,3.2564,3.3222,0.2838,37,629,0.05
2023-03-29,87.07,100,0.5,put,13.3821,13.3503,13.2165,13.4841,0.2668,55,990,0.05
2023-03-29,87.07,105,0.5,call,1.462,1.4672,1.4525,1.4818,0.2409,32,544,0.05
2023-03-29,87.07,105,0.5,put,16.0199,16.2041,16.0439,16.3643,0.1884,37,185,0.05
2023-03-29,87.07,110,0.5,call,2.0006,1.9911,1.971,2.0111,0.3145,30,450,0.05
2023-03-29,87.07,110,0.5,put,20.8063,20.8848,20.6767,21.0929,0.2168,42,588,0.05
2023-03-30,87.53,90,0.08,call,0.3836,0.3854,0.3816,0.3892,0.1144,54,918,0.05
2023-03-30,87.53,90,0.08,put,4.1298,4.1627,4.1214,4.204,0.2955,54,378,0.05
2023-03-30,87.53,95,0.08,call,0.083,0.0841,0.0833,0.085,0.1648,45,540,0.05
2023-03-30,87.53,95,0.08,put,7.0988,7.0052,6.9342,7.0762,0.1046,41,492,0.05
2023-03-30,87.53,100,0.08,call,0.2347,0.2367,0.2343,0.239,0.3043,39,234,0.05
2023-03-30,87.53,100,0.08,put,12.4064,12.2705,12.1464,12.3946,0.3302,52,988,0.05
2023-03-30,87.53,105,0.08,call,0.0022,0.0022,0.0022,0.0022,0.21,50,450,0.05
2023-03-30,87.53,105,0.08,put,17.1332,17.5184,17.3471,17.6898,0.3185,42,798,0.05
2023-03-30,87.53,110,0.08,call,0.001,0.001,0.001,0.001,0.244,50,900,0.05
2023-03-30,87.53,110,0.08,put,22.0355,22.2946,22.0743,22.515,0.2097,48,768,0.05
2023-03-30,87.53,90,0.25,call,4.7403,4.7366,4.6892,4.784,0.3067,48,240,0.05
2023-03-30,87.53,90,0.25,put,3.5707,3.6429,3.6072,3.6786,0.1615,47,752,0.05
2023-03-30,87.53,95,0.25,call,2.6186,2.6327,2.6065,2.6589,0.2861,37,629,0.05
2023-03-30,87.53,95,0.25,put,7.4346,7.477,7.4026,7.5513,0.1881,46,644,0.05
2023-03-30,87.53,100,0.25,call,0.6662,0.6668,0.6601,0.6734,0.2162,42,756,0.05
2023-03-30,87.53,100,0.25,put,12.1399,12.0827,11.9613,12.2041,0.2391,44,308,0.05
2023-03-30,87.53,105,0.25,call,0.1733,0.1752,0.1735,0.177,0.1994,50,900,0.05
2023-03-30,87.53,105,0.25,put,16.5291,16.4782,16.313,16.6435,0.2329,37,518,0.05
2023-03-30,87.53,110,0.25,call,0.0563,0.0574,0.0568,0.0579,0.2016,38,190,0.05
2023-03-30,87.53,110,0.25,put,21.8252,22.499,22.2807,22.7172,0.3301,40,280,0.05
2023-03-30,87.53,90,0.5,call,6.5703,6.5765,6.5108,6.6422,0.2712,56,784,0.05
2023-03-30,87.53,90,0.5,put,6.7005,6.6264,6.5593,6.6934,0.2662,63,378,0.05
2023-03-30,87.53,95,0.5,call,4.2284,4.2093,4.167,4.2516,0.2551,46,552,0.05
2023-03-30,87.53,95,0.5,put,10.8186,10.8458,10.7376,10.954,0.3153,49,882,0.05
2023-03-30,87.53,100,0.5,call,3.9309,3.8936,3.8543,3.9329,0.3056,38,342,0.05
2023-03-30,87.53,100,0.5,put,12.8449,12.8001,12.6716,12.9285,0.2567,56,504,0.05
2023-03-30,87.53,105,0.5,call,2.5729,2.5701,2.5444,2.5958,0.2952,51,663,0.05
2023-03-30,87.53,105,0.5,put,16.7604,16.7815,16.6139,16.9491,0.2591,44,440,0.05
2023-03-30,87.53,110,0.5,call,0.2824,0.283,0.2802,0.2858,0.1794,46,782,0.05
2023-03-30,87.53,110,0.5,put,20.6461,20.8478,20.6414,21.0543,0.2374,52,884,0.05
2023-03-31,86.8,90,0.08,call,1.4038,1.4286,1.4145,1.4426,0.259,49,441,0.05
2023-03-31,86.8,90,0.08,put,4.3554,4.3518,4.3082,4.3954,0.2717,50,900,0.05
2023-03-31,86.8,95,0.08,call,0.6507,0.6539,0.6474,0.6604,0.3048,51,612,0.05
2023-03-31,86.8,95,0.08,put,8.4386,8.5644,8.48,8.6488,0.3003,53,954,0.05
2023-03-31,86.8,100,0.08,call,0.0435,0.0427,0.0422,0.0431,0.235,45,360,0.05
2023-03-31,86.8,100,0.08,put,12.894,12.7555,12.6265,12.8844,0.2685,53,583,0.05
2023-03-31,86.8,105,0.08,call,0.0252,0.0254,0.0252,0.0257,0.2823,37,259,0.05
2023-03-31,86.8,105,0.08,put,17.7819,17.7999,17.6221,17.9777,0.2395,39,663,0.05
2023-03-31,86.8,110,0.08,call,0.0001,0.0001,0.0001,0.0001,0.2123,30,330,0.05
2023-03-31,86.8,110,0.08,put,22.7561,22.8707,22.6431,23.0982,0.1922,39,234,0.05
2023-03-31,86.8,90,0.25,call,2.1739,2.1743,2.1525,2.196,0.1771,46,414,0.05
2023-03-31,86.8,90,0.25,put,5.1811,5.1433,5.0914,5.1951,0.2317,40,560,0.05
2023-03-31,86.8,95,0.25,call,0.7983,0.7957,0.7877,0.8037,0.174,61,549,0.05
2023-03-31,86.8,95,0.25,put,9.3288,9.3004,9.2071,9.3937,0.2817,52,780,0.05
2023-03-31,86.8,100,0.25,call,1.6963,1.6984,1.6814,1.7154,0.3154,47,893,0.05
2023-03-31,86.8,100,0.25,put,12.9844,12.8222,12.6924,12.952,0.2614,47,470,0.05
2023-03-31,86.8,105,0.25,call,0.2198,0.2191,0.2169,0.2213,0.2174,37,555,0.05
2023-03-31,86.8,105,0.25,put,17.5709,17.7462,17.5704,17.9219,0.2843,40,280,0.05
2023-03-31,86.8,110,0.25,call,0.4475,0.4475,0.443,0.452,0.3027,43,817,0.05
2023-03-31,86.8,110,0.25,put,22.3037,22.1928,21.9697,22.4158,0.3069,36,504,0.05
2023-03-31,86.8,90,0.5,call,4.077,4.0425,4.0017,4.0832,0.1848,40,480,0.05
2023-03-31,86.8,90,0.5,put,8.7794,8.6345,8.5467,8.7223,0.3372,40,480,0.05
2023-03-31,86.8,95,0.5,call,4.0258,4.0142,3.9739,4.0545,0.2588,61,732,0.05
2023-03-31,86.8,95,0.5,put,9.7449,9.5788,9.4814,9.6763,0.2532,43,817,0.05
2023-03-31,86.8,100,0.5,call,3.622,3.6559,3.6197,3.6921,0.3027,45,315,0.05
2023-03-31,86.8,100,0.5,put,13.0115,12.9261,12.796,13.0562,0.2404,47,752,0.05
2023-03-31,86.8,105,0.5,call,0.8721,0.8727,0.8639,0.8814,0.2056,35,350,0.05
2023-03-31,86.8,105,0.5,put,16.5689,16.4575,16.2918,16.6232,0.2122,40,440,0.05
2023-03-31,86.8,110,0.5,call,0.8518,0.8592,0.8507,0.8678,0.2418,39,702,0.05
2023-03-31,86.8,110,0.5,put,21.8729,21.6553,21.4365,21.874,0.2804,53,318,0.05
2023-04-01,87.52,90,0.08,call,1.6403,1.6145,1.5981,1.631,0.2566,40,320,0.05
2023-04-01,87.52,90,0.08,put,4.4333,4.4375,4.3932,4.4818,0.3264,62,1116,0.05
2023-04-01,87.52,95,0.08,call,1.0034,1.0002,0.9901,1.0102,0.3364,43,688,0.05
2023-04-01,87.52,95,0.08,put,7.5564,7.4781,7.4025,7.5536,0.2524,48,288,0.05
2023-04-01,87.52,100,0.08,call,0.0702,0.0703,0.0696,0.071,0.2407,57,513,0.05
2023-04-01,87.52,100,0.08,put,12.2428,12.4023,12.2798,12.5247,0.2797,46,230,0.05
2023-04-01,87.52,105,0.08,call,0.0031,0.0032,0.0032,0.0032,0.2167,42,756,0.05
2023-04-01,87.52,105,0.08,put,17.0831,17.1525,16.9817,17.3233,0.2604,40,480,0.05
2023-04-01,87.52,110,0.08,call,0.0003,0.0003,0.0003,0.0003,0.225,47,282,0.05
2023-04-01,87.52,110,0.08,put,22.0456,22.3929,22.1725,22.6134,0.2308,49,637,0.05
2023-04-01,87.52,90,0.25,call,3.7623,3.7626,3.725,3.8003,0.2509,59,826,0.05
2023-04-01,87.52,90,0.25,put,4.0391,3.9798,3.9394,4.0201,0.1883,42,252,0.05
2023-04-01,87.52,95,0.25,call,2.02,2.0399,2.0197,2.0601,0.2482,46,828,0.05
2023-04-01,87.52,95,0.25,put,8.6531,8.583,8.4965,8.6696,0.2693,54,810,0.05
2023-04-01,87.52,100,0.25,call,0.4053,0.4082,0.4041,0.4123,0.1874,48,864,0.05
2023-04-01,87.52,100,0.25,put,12.9968,13.0059,12.876,13.1359,0.3073,47,658,0.05
2023-04-01,87.52,105,0.25,call,0.4814,0.476,0.4712,0.4808,0.2503,43,731,0.05
2023-04-01,87.52,105,0.25,put,17.0129,16.9941,16.8239,17.1642,0.2911,48,720,0.05
2023-04-01,87.52,110,0.25,call,0.4223,0.4231,0.4188,0.4273,0.29,34,238,0.05
2023-04-01,87.52,110,0.25,put,22.4207,22.6075,22.3833,22.8317,0.3923,43,774,0.05
2023-04-01,87.52,90,0.5,call,6.697,6.7484,6.6815,6.8154,0.2766,38,380,0.05
2023-04-01,87.52,90,0.5,put,5.6567,5.5486,5.492,5.6051,0.2237,45,630,0.05
2023-04-01,87.52,95,0.5,call,4.6351,4.7008,4.6545,4.7472,0.2721,64,512,0.05
2023-04-01,87.52,95,0.5,put,7.7015,7.7503,7.6733,7.8274,0.1848,42,462,0.05
2023-04-01,87.52,100,0.5,call,3.004,2.9969,2.9669,3.0269,0.2644,47,235,0.05
2023-04-01,87.52,100,0.5,put,13.8478,13.7887,13.6502,13.9271,0.3014,46,690,0.05
2023-04-01,87.52,105,0.5,call,1.8803,1.9009,1.8821,1.9197,0.2593,49,882,0.05
2023-04-01,87.52,105,0.5,put,16.5913,16.471,16.305,16.6369,0.2494,52,728,0.05
2023-04-01,87.52,110,0.5,call,1.4586,1.4558,1.4412,1.4704,0.2769,31,527,0.05
2023-04-01,87.52,110,0.5,put,20.6198,20.5943,20.3881,20.8005,0.2347,38,608,0.05
2023-04-02,87.66,90,0.08,call,2.5623,2.5766,2.5509,2.6022,0.3465,50,600,0.05
2023-04-02,87.66,90,0.08,put,2.9954,3.0009,2.971,3.0309,0.1835,59,1062,0.05
2023-04-02,87.66,95,0.08,call,0.7678,0.7648,0.7572,0.7725,0.2991,55,330,0.05
2023-04-02,87.66,95,0.08,put,7.3543,7.498,7.4245,7.5715,0.2376,46,644,0.05
2023-04-02,87.66,100,0.08,call,0.2817,0.286,0.2832,0.2889,0.3146,46,414,0.05
2023-04-02,87.66,100,0.08,put,11.9491,11.8667,11.7472,11.9862,0.1665,39,663,0.05
2023-04-02,87.66,105,0.08,call,0.0125,0.0125,0.0124,0.0126,0.2473,35,175,0.05
2023-04-02,87.66,105,0.08,put,16.9248,16.9965,16.8273,17.1658,0.1732,51,714,0.05
2023-04-02,87.66,110,0.08,call,0.0003,0.0003,0.0003,0.0003,0.2218,34,510,0.05
2023-04-02,87.66,110,0.08,put,21.9048,22.4393,22.2203,22.6583,0.2149,34,204,0.05
2023-04-02,87.66,90,0.25,call,4.0762,4.117,4.0762,4.1577,0.2651,50,300,0.05
2023-04-02,87.66,90,0.25,put,5.802,5.7472,5.6892,5.8053,0.2937,57,912,0.05
2023-04-02,87.66,95,0.25,call,1.3939,1.3973,1.3833,1.4112,0.2037,42,798,0.05
2023-04-02,87.66,95,0.25,put,7.8469,7.9086,7.8302,7.9871,0.2233,65,1040,0.05
2023-04-02,87.66,100,0.25,call,1.3362,1.2992,1.2858,1.3125,0.273,44,396,0.05
2023-04-02,87.66,100,0.25,put,11.9336,11.8529,11.7336,11.9723,0.2302,47,282,0.05
2023-04-02,87.66,105,0.25,call,0.0372,0.0372,0.0368,0.0376,0.1537,49,343,0.05
2023-04-02,87.66,105,0.25,put,16.2064,16.4308,16.2687,16.5929,0.1965,36,432,0.05
2023-04-02,87.66,110,0.25,call,0.3125,0.3142,0.3111,0.3173,0.2698,52,780,0.05
2023-04-02,87.66,110,0.25,put,21.3314,21.3757,21.1623,21.589,0.2772,30,510,0.05
2023-04-02,87.66,90,0.5,call,3.8446,3.8513,3.8129,3.8898,0.1579,45,495,0.05
2023-04-02,87.66,90,0.5,put,4.013,4.0311,3.991,4.0713,0.1598,55,495,0.05
2023-04-02,87.66,95,0.5,call,3.4656,3.4589,3.4243,3.4936,0.221,43,559,0.05
2023-04-02,87.66,95,0.5,put,8.7052,8.7185,8.6314,8.8055,0.2311,45,540,0.05
2023-04-02,87.66,100,0.5,call,3.7925,3.8061,3.7681,3.844,0.2975,45,675,0.05
2023-04-02,87.66,100,0.5,put,15.1665,15.2216,15.0699,15.3733,0.3618,47,705,0.05
2023-04-02,87.66,105,0.5,call,0.8612,0.8711,0.8624,0.8797,0.196,30,360,0.05
2023-04-02,87.66,105,0.5,put,16.5957,16.4452,16.2792,16.6112,0.2557,39,624,0.05
2023-04-02,87.66,110,0.5,call,0.6806,0.6876,0.6808,0.6944,0.2195,50,550,0.05
2023-04-02,87.66,110,0.5,put,20.3921,20.3772,20.1733,20.5811,0.2264,31,434,0.05
2023-04-03,89.01,90,0.08,call,2.6368,2.6733,2.647,2.6997,0.2919,61,671,0.05
2023-04-03,89.01,90,0.08,put,2.6423,2.6559,2.6295,2.6823,0.2296,45,855,0.05
2023-04-03,89.01,95,0.08,call,0.518,0.5157,0.5105,0.5209,0.2241,51,867,0.05
2023-04-03,89.01,95,0.08,put,6.0107,6.0491,5.9889,6.1092,0.2051,55,715,0.05
2023-04-03,89.01,100,0.08,call,0.192,0.19,0.1881,0.1919,0.2606,47,423,0.05
2023-04-03,89.01,100,0.08,put,10.7779,11.0134,10.9056,11.1212,0.2592,43,430,0.05
2023-04-03,89.01,105,0.08,call,0.0102,0.0102,0.0101,0.0104,0.2228,43,430,0.05
2023-04-03,89.01,105,0.08,put,15.6337,15.8378,15.6815,15.9942,0.283,42,672,0.05
2023-04-03,89.01,110,0.08,call,0.0005,0.0005,0.0005,0.0005,0.2143,35,210,0.05
2023-04-03,89.01,110,0.08,put,20.5508,20.8958,20.6903,21.1014,0.2003,46,828,0.05
2023-04-03,89.01,90,0.25,call,2.4203,2.4314,2.4072,2.4556,0.1328,47,470,0.05
2023-04-03,89.01,90,0.25,put,4.3522,4.399,4.3555,4.4425,0.2491,46,782,0.05
2023-04-03,89.01,95,0.25,call,3.4872,3.5229,3.488,3.5578,0.3055,45,585,0.05
2023-04-03,89.01,95,0.25,put,6.9736,7.0813,7.0115,7.151,0.2267,37,222,0.05
2023-04-03,89.01,100,0.25,call,0.6257,0.6139,0.6076,0.6201,0.1907,44,308,0.05
2023-04-03,89.01,100,0.25,put,10.61,10.6468,10.5407,10.7529,0.2123,53,583,0.05
2023-04-03,89.01,105,0.25,call,0.4986,0.493,0.488,0.498,0.2331,72,720,0.05
2023-04-03,89.01,105,0.25,put,16.1157,16.0031,15.842,16.1643,0.3231,58,754,0.05
2023-04-03,89.01,110,0.25,call,0.2843,0.2787,0.2758,0.2815,0.2491,47,564,0.05
2023-04-03,89.01,110,0.25,put,19.8167,19.6568,19.4586,19.8549,0.2306,46,506,0.05
2023-04-03,89.01,90,0.5,call,6.7896,6.7859,6.718,6.8538,0.2471,53,742,0.05
2023-04-03,89.01,90,0.5,put,5.5629,5.6864,5.6308,5.742,0.2473,62,620,0.05
2023-04-03,89.01,95,0.5,call,4.5218,4.455,4.4098,4.5002,0.2413,52,988,0.05
2023-04-03,89.01,95,0.5,put,8.5889,8.576,8.4901,8.6619,0.2583,42,756,0.05
2023-04-03,89.01,100,0.5,call,4.4693,4.4434,4.3987,4.4881,0.3056,50,450,0.05
2023-04-03,89.01,100,0.5,put,11.668,11.7965,11.6798,11.9132,0.2492,59,767,0.05
2023-04-03,89.01,105,0.5,call,3.1102,3.1154,3.0843,3.1465,0.3014,39,468,0.05
2023-04-03,89.01,105,0.5,put,15.9312,16.1619,16.0026,16.3212,0.2741,45,540,0.05
2023-04-03,89.01,110,0.5,call,0.3974,0.3898,0.3858,0.3938,0.1806,48,480,0.05
2023-04-03,89.01,110,0.5,put,18.8583,18.792,18.6034,18.9805,0.1985,42,462,0.05
2023-04-04,88.04,90,0.08,call,1.6593,1.6585,1.642,1.6751,0.237,55,550,0.05
2023-04-04,88.04,90,0.08,put,3.424,3.4613,3.427,3.4955,0.2537,51,918,0.05
2023-04-04,88.04,95,0.08,call,0.287,0.2859,0.283,0.2888,0.2083,47,282,0.05
2023-04-04,88.04,95,0.08,put,7.0628,7.1008,7.0301,7.1714,0.2438,47,752,0.05
2023-04-04,88.04,100,0.08,call,0.3033,0.3094,0.3063,0.3124,0.3118,34,612,0.05
2023-04-04,88.04,100,0.08,put,11.8539,11.8818,11.7632,12.0003,0.3088,48,624,0.05
2023-04-04,88.04,105,0.08,call,0.0182,0.0179,0.0177,0.0181,0.2528,54,972,0.05
2023-04-04,88.04,105,0.08,put,16.5434,16.5519,16.3865,16.7173,0.1854,46,598,0.05
2023-04-04,88.04,110,0.08,call,0.0,0.0,0.0,0.0,0.1886,55,825,0.05
2023-04-04,88.04,110,0.08,put,21.5243,21.197,20.9817,21.4122,0.2453,35,455,0.05
2023-04-04,88.04,90,0.25,call,4.3366,4.3115,4.2682,4.3549,0.2692,62,744,0.05
2023-04-04,88.04,90,0.25,put,4.2644,4.2444,4.2018,4.2871,0.217,45,630,0.05
2023-04-04,88.04,95,0.25,call,3.1356,3.1438,3.1124,3.1752,0.3066,54,432,0.05
2023-04-04,88.04,95,0.25,put,8.6427,8.5756,8.4892,8.662,0.29,52,260,0.05
2023-04-04,88.04,100,0.25,call,1.2,1.2024,1.1904,1.2144,0.2558,47,611,0.05
2023-04-04,88.04,100,0.25,put,11.6389,11.5358,11.4194,11.6522,0.2322,44,440,0.05
2023-04-04,88.04,105,0.25,call,0.5224,0.5268,0.5215,0.532,0.2488,52,988,0.05
2023-04-04,88.04,105,0.25,put,16.4495,16.4625,16.298,16.627,0.2794,48,384,0.05
2023-04-04,88.04,110,0.25,call,0.473,0.465,0.4602,0.4697,0.2912,47,893,0.05
2023-04-04,88.04,110,0.25,put,20.6221,20.3806,20.1743,20.5868,0.1781,50,500,0.05
2023-04-04,88.04,90,0.5,call,8.6844,8.7329,8.646,8.8197,0.3458,53,318,0.05
2023-04-04,88.04,90,0.5,put,5.8491,5.8683,5.8098,5.9268,0.2414,39,741,0.05
2023-04-04,88.04,95,0.5,call,2.5098,2.503,2.4779,2.5281,0.1744,37,481,0.05
2023-04-04,88.04,95,0.5,put,11.0913,11.0262,10.9153,11.1372,0.3378,53,954,0.05
2023-04-04,88.04,100,0.5,call,3.8426,3.8009,3.7625,3.8393,0.2939,53,371,0.05
2023-04-04,88.04,100,0.5,put,12.4578,12.2804,12.1558,12.405,0.2551,40,360,0.05
2023-04-04,88.04,105,0.5,call,1.632,1.6397,1.6234,1.656,0.2394,46,782,0.05
2023-04-04,88.04,105,0.5,put,18.3519,18.2988,18.1153,18.4824,0.3547,47,611,0.05
2023-04-04,88.04,110,0.5,call,3.4288,3.3852,3.3509,3.4194,0.3769,41,287,0.05
2023-04-04,88.04,110,0.5,put,20.943,20.9196,20.7102,21.129,0.2857,46,230,0.05
2023-04-05,87.59,90,0.08,call,1.9288,1.93,1.9107,1.9493,0.2838,43,774,0.05
2023-04-05,87.59,90,0.08,put,4.0843,4.0905,4.0496,4.1313,0.2948,40,440,0.05
2023-04-05,87.59,95,0.08,call,0.665,0.6639,0.6572,0.6705,0.2854,58,522,0.05
2023-04-05,87.59,95,0.08,put,7.1968,7.3381,7.2661,7.4101,0.1906,66,462,0.05
2023-04-05,87.59,100,0.08,call,0.0359,0.0363,0.036,0.0367,0.2154,44,572,0.05
2023-04-05,87.59,100,0.08,put,12.1728,11.7954,11.6736,11.9171,0.2802,34,544,0.05
2023-04-05,87.59,105,0.08,call,0.0206,0.0208,0.0206,0.021,0.2634,48,288,0.05
2023-04-05,87.59,105,0.08,put,17.0884,16.9131,16.7422,17.084,0.3301,39,585,0.05
2023-04-05,87.59,110,0.08,call,0.0008,0.0008,0.0008,0.0008,0.2397,47,564,0.05
2023-04-05,87.59,110,0.08,put,21.9694,21.8127,21.593,22.0324,0.1948,43,688,0.05
2023-04-05,87.59,90,0.25,call,4.1296,4.1971,4.1558,4.2384,0.2699,45,450,0.05
2023-04-05,87.59,90,0.25,put,5.4575,5.4591,5.4045,5.5137,0.2721,49,686,0.05
2023-04-05,87.59,95,0.25,call,2.3705,2.3253,2.3016,2.349,0.2691,53,424,0.05
2023-04-05,87.59,95,0.25,put,7.0671,7.0011,6.9305,7.0718,0.1643,51,867,0.05
2023-04-05,87.59,100,0.25,call,1.8433,1.8213,1.8028,1.8397,0.3124,44,352,0.05
2023-04-05,87.59,100,0.25,put,11.2381,11.1185,11.0061,11.2309,0.1285,44,704,0.05
2023-04-05,87.59,105,0.25,call,0.6603,0.6663,0.6597,0.6729,0.2712,39,741,0.05
2023-04-05,87.59,105,0.25,put,16.5305,16.8382,16.6729,17.0035,0.2419,46,598,0.05
2023-04-05,87.59,110,0.25,call,0.6446,0.6399,0.6334,0.6463,0.3202,45,405,0.05
2023-04-05,87.59,110,0.25,put,21.4602,21.3979,21.1833,21.6125,0.2884,36,432,0.05
2023-04-05,87.59,90,0.5,call,3.3262,3.376,3.3427,3.4093,0.1383,57,342,0.05
2023-04-05,87.59,90,0.5,put,5.12,5.0847,5.0335,5.1359,0.2034,63,819,0.05
2023-04-05,87.59,95,0.5,call,6.8542,6.8899,6.8214,6.9584,0.3615,60,900,0.05
2023-04-05,87.59,95,0.5,put,8.606,8.5134,8.4274,8.5995,0.2254,57,399,0.05
2023-04-05,87.59,100,0.5,call,1.7246,1.7046,1.6874,1.7219,0.2022,48,576,0.05
2023-04-05,87.59,100,0.5,put,12.9919,13.0302,12.9003,13.1601,0.2655,39,624,0.05
2023-04-05,87.59,105,0.5,call,1.5537,1.5334,1.5179,1.5489,0.2402,45,270,0.05
2023-04-05,87.59,105,0.5,put,17.4626,17.6138,17.4392,17.7884,0.298,43,258,0.05
2023-04-05,87.59,110,0.5,call,2.2776,2.2938,2.271,2.3166,0.3237,31,372,0.05
2023-04-05,87.59,110,0.5,put,20.7134,20.9901,20.7829,21.1972,0.2467,39,507,0.05
2023-04-06,87.06,90,0.08,call,1.0614,1.0625,1.0519,1.0731,0.2112,58,464,0.05
2023-04-06,87.06,90,0.08,put,4.4702,4.4378,4.3931,4.4825,0.3015,43,258,0.05
2023-04-06,87.06,95,0.08,call,0.8327,0.822,0.8137,0.8304,0.3257,48,432,0.05
2023-04-06,87.06,95,0.08,put,7.6422,7.708,7.6316,7.7844,0.1728,45,810,0.05
2023-04-06,87.06,100,0.08,call,0.0211,0.0211,0.0209,0.0213,0.2084,50,950,0.05
2023-04-06,87.06,100,0.08,put,12.5496,12.6271,12.5016,12.7526,0.1843,32,384,0.05
2023-04-06,87.06,105,0.08,call,0.0568,0.0567,0.0561,0.0572,0.3111,45,315,0.05
2023-04-06,87.06,105,0.08,put,17.5236,17.3096,17.1344,17.4849,0.2096,34,340,0.05
2023-04-06,87.06,110,0.08,call,0.0068,0.0068,0.0068,0.0069,0.2932,43,430,0.05
2023-04-06,87.06,110,0.08,put,22.5026,22.6073,22.3823,22.8323,0.234,42,336,0.05
2023-04-06,87.06,90,0.25,call,2.5643,2.5664,2.5407,2.592,0.1937,61,427,0.05
2023-04-06,87.06,90,0.25,put,5.247,5.2591,5.2066,5.3115,0.2437,39,546,0.05
2023-04-06,87.06,95,0.25,call,2.4255,2.409,2.3848,2.4333,0.2836,53,795,0.05
2023-04-06,87.06,95,0.25,put,9.8346,9.7144,9.6161,9.8128,0.3243,47,705,0.05
2023-04-06,87.06,100,0.25,call,0.3494,0.3458,0.3423,0.3493,0.1862,48,864,0.05
2023-04-06,87.06,100,0.25,put,13.0646,12.8303,12.6997,12.961,0.2853,47,282,0.05
2023-04-06,87.06,105,0.25,call,0.4188,0.422,0.4178,0.4262,0.2476,48,384,0.05
2023-04-06,87.06,105,0.25,put,16.6825,16.7307,16.5638,16.8975,0.1638,47,235,0.05
2023-04-06,87.06,110,0.25,call,0.3051,0.3062,0.3031,0.3092,0.2754,29,290,0.05
2023-04-06,87.06,110,0.25,put,22.156,22.4813,22.2597,22.7028,0.3188,33,264,0.05
2023-04-06,87.06,90,0.5,call,6.4046,6.3768,6.3127,6.4408,0.2745,40,760,0.05
2023-04-06,87.06,90,0.5,put,4.2766,4.215,4.1723,4.2578,0.1585,49,343,0.05
2023-04-06,87.06,95,0.5,call,5.4144,5.4524,5.3982,5.5065,0.3124,44,484,0.05
2023-04-06,87.06,95,0.5,put,9.661,9.9046,9.8079,10.0012,0.2562,48,624,0.05
2023-04-06,87.06,100,0.5,call,4.0573,4.0496,4.0091,4.0902,0.3182,42,504,0.05
2023-04-06,87.06,100,0.5,put,13.3309,13.3101,13.1768,13.4434,0.2642,45,225,0.05
2023-04-06,87.06,105,0.5,call,2.1938,2.1767,2.1547,2.1986,0.2817,52,936,0.05
2023-04-06,87.06,105,0.5,put,17.0683,17.0481,16.8774,17.2187,0.2559,36,576,0.05
2023-04-06,87.06,110,0.5,call,1.8047,1.7688,1.7507,1.7868,0.3031,33,165,0.05
2023-04-06,87.06,110,0.5,put,21.2384,20.6721,20.4597,20.8845,0.2515,32,288,0.05
2023-04-07,85.08,90,0.08,call,0.7495,0.7495,0.742,0.757,0.2396,58,986,0.05
2023-04-07,85.08,90,0.08,put,5.1836,5.1582,5.1064,5.2101,0.2221,40,520,0.05
2023-04-07,85.08,95,0.08,call,0.5323,0.5397,0.5344,0.5451,0.3301,47,799,0.05
2023-04-07,85.08,95,0.08,put,9.5671,9.5048,9.4092,9.6005,0.1775,60,480,0.05
2023-04-07,85.08,100,0.08,call,0.0074,0.0075,0.0074,0.0076,0.2121,41,451,0.05
2023-04-07,85.08,100,0.08,put,14.5196,14.7012,14.556,14.8464,0.1609,57,570,0.05
2023-04-07,85.08,105,0.08,call,0.0062,0.0061,0.006,0.0062,0.2647,27,216,0.05
2023-04-07,85.08,105,0.08,put,19.5076,19.4262,19.2311,19.6213,0.2723,39,507,0.05
2023-04-07,85.08,110,0.08,call,0.0002,0.0002,0.0002,0.0002,0.2458,42,294,0.05
2023-04-07,85.08,110,0.08,put,24.482,24.3769,24.1321,24.6218,0.2935,39,390,0.05
2023-04-07,85.08,90,0.25,call,2.181,2.1717,2.1499,2.1935,0.2181,37,296,0.05
2023-04-07,85.08,90,0.25,put,5.9278,5.8864,5.8271,5.9457,0.2147,50,700,0.05
2023-04-07,85.08,95,0.25,call,1.4231,1.415,1.4007,1.4292,0.253,46,230,0.05
2023-04-07,85.08,95,0.25,put,9.7238,9.4924,9.3952,9.5896,0.2182,48,432,0.05
2023-04-07,85.08,100,0.25,call,0.5444,0.5389,0.5334,0.5443,0.2375,32,160,0.05
2023-04-07,85.08,100,0.25,put,13.8981,14.0174,13.8784,14.1563,0.1908,54,918,0.05
2023-04-07,85.08,105,0.25,call,0.3901,0.3831,0.3792,0.387,0.2683,36,612,0.05
2023-04-07,85.08,105,0.25,put,19.087,19.5333,19.3425,19.7242,0.2808,40,720,0.05
2023-04-07,85.08,110,0.25,call,0.2388,0.2412,0.2388,0.2436,0.2845,48,384,0.05
2023-04-07,85.08,110,0.25,put,24.157,24.0402,23.7986,24.2818,0.3479,38,380,0.05
2023-04-07,85.08,90,0.5,call,4.7995,4.8407,4.7927,4.8887,0.2486,51,561,0.05
2023-04-07,85.08,90,0.5,put,7.026,7.0466,6.9763,7.1168,0.2289,53,636,0.05
2023-04-07,85.08,95,0.5,call,3.2144,3.2545,3.2224,3.2867,0.2513,39,468,0.05
2023-04-07,85.08,95,0.5,put,12.2433,12.0658,11.9433,12.1882,0.3154,56,896,0.05
2023-04-07,85.08,100,0.5,call,1.8381,1.8499,1.8315,1.8682,0.2399,41,287,0.05
2023-04-07,85.08,100,0.5,put,14.9987,14.9447,14.7947,15.0947,0.2767,47,705,0.05
2023-04-07,85.08,105,0.5,call,2.0201,2.0376,2.0174,2.0578,0.2967,39,468,0.05
2023-04-07,85.08,105,0.5,put,17.9551,18.0401,17.8605,18.2196,0.2038,40,200,0.05
2023-04-07,85.08,110,0.5,call,1.133,1.1451,1.1338,1.1565,0.2808,56,728,0.05
2023-04-07,85.08,110,0.5,put,22.7448,22.6342,22.4067,22.8616,0.2305,33,330,0.05
2023-04-08,85.49,90,0.08,call,1.0136,1.0026,0.9925,1.0127,0.2608,38,570,0.05
2023-04-08,85.49,90,0.08,put,4.8276,4.8222,4.7739,4.8704,0.2164,44,660,0.05
2023-04-08,85.49,95,0.08,call,0.2397,0.2391,0.2367,0.2415,0.2566,38,342,0.05
2023-04-08,85.49,95,0.08,put,9.5078,9.5321,9.437,9.6271,0.2879,57,912,0.05
2023-04-08,85.49,100,0.08,call,0.1323,0.1332,0.1319,0.1346,0.3097,49,784,0.05
2023-04-08,85.49,100,0.08,put,14.1162,14.0403,13.8992,14.1815,0.1711,41,287,0.05
2023-04-08,85.49,105,0.08,call,0.0581,0.0584,0.0578,0.0589,0.339,27,135,0.05
2023-04-08,85.49,105,0.08,put,19.1175,19.2105,19.0193,19.4017,0.2981,41,574,0.05
2023-04-08,85.49,110,0.08,call,0.0,0.0,0.0,0.0,0.2008,51,561,0.05
2023-04-08,85.49,110,0.08,put,24.0754,24.1035,23.8627,24.3442,0.2238,45,315,0.05
2023-04-08,85.49,90,0.25,call,2.8175,2.8212,2.793,2.8493,0.2477,50,500,0.05
2023-04-08,85.49,90,0.25,put,4.3792,4.3398,4.296,4.3836,0.1318,41,205,0.05
2023-04-08,85.49,95,0.25,call,1.949,1.9468,1.9273,1.9663,0.2835,46,552,0.05
2023-04-08,85.49,95,0.25,put,8.9389,8.9823,8.8929,9.0717,0.1776,46,322,0.05
2023-04-08,85.49,100,0.25,call,0.6683,0.6681,0.6614,0.6748,0.246,35,455,0.05
2023-04-08,85.49,100,0.25,put,14.2475,14.2655,14.1231,14.408,0.2769,64,640,0.05
2023-04-08,85.49,105,0.25,call,0.0675,0.0663,0.0656,0.067,0.1892,44,308,0.05
2023-04-08,85.49,105,0.25,put,18.7044,18.6859,18.4989,18.873,0.2785,48,384,0.05
2023-04-08,85.49,110,0.25,call,0.0507,0.0515,0.051,0.052,0.2175,37,481,0.05
2023-04-08,85.49,110,0.25,put,23.6347,23.3362,23.0999,23.5726,0.3253,37,629,0.05
2023-04-08,85.49,90,0.5,call,5.7913,5.7298,5.6719,5.7878,0.2819,43,688,0.05
2023-04-08,85.49,90,0.5,put,6.2223,6.2581,6.1959,6.3204,0.2045,48,624,0.05
2023-04-08,85.49,95,0.5,call,1.5433,1.5409,1.5254,1.5563,0.1668,57,513,0.05
2023-04-08,85.49,95,0.5,put,9.0599,9.1131,9.0225,9.2037,0.184,51,765,0.05
2023-04-08,85.49,100,0.5,call,1.8709,1.8744,1.8557,1.8931,0.2365,46,828,0.05
2023-04-08,85.49,100,0.5,put,14.4472,14.5547,14.4102,14.6992,0.2639,51,510,0.05
2023-04-08,85.49,105,0.5,call,1.9072,1.8829,1.8638,1.9019,0.2854,44,308,0.05
2023-04-08,85.49,105,0.5,put,18.4257,18.2257,18.0415,18.41,0.2616,61,732,0.05
2023-04-08,85.49,110,0.5,call,1.6798,1.6816,1.6648,1.6984,0.3134,30,390,0.05
2023-04-08,85.49,110,0.5,put,22.3376,22.4202,22.1968,22.6436,0.2265,36,432,0.05
2023-04-09,85.84,90,0.08,call,1.1552,1.1439,1.1324,1.1555,0.2656,54,1026,0.05
2023-04-09,85.84,90,0.08,put,5.2347,5.2835,5.2312,5.3359,0.2988,58,290,0.05
2023-04-09,85.84,95,0.08,call,0.583,0.5842,0.5784,0.59,0.3193,46,230,0.05
2023-04-09,85.84,95,0.08,put,8.8256,8.7867,8.6984,8.8749,0.1798,50,450,0.05
2023-04-09,85.84,100,0.08,call,0.1102,0.11,0.1089,0.1111,0.2926,50,750,0.05
2023-04-09,85.84,100,0.08,put,13.7829,13.6691,13.5313,13.8069,0.2339,48,912,0.05
2023-04-09,85.84,105,0.08,call,0.0312,0.0308,0.0305,0.0311,0.3054,44,616,0.05
2023-04-09,85.84,105,0.08,put,18.7477,18.6558,18.4684,18.8433,0.2696,44,836,0.05
2023-04-09,85.84,110,0.08,call,0.0052,0.0052,0.0051,0.0052,0.3019,33,396,0.05
2023-04-09,85.84,110,0.08,put,23.7185,24.2255,23.9883,24.4627,0.2741,49,539,0.05
2023-04-09,85.84,90,0.25,call,3.802,3.7518,3.7137,3.7898,0.2975,52,676,0.05
2023-04-09,85.84,90,0.25,put,5.9146,5.929,5.8699,5.9882,0.2425,55,880,0.05
2023-04-09,85.84,95,0.25,call,1.3807,1.369,1.3552,1.3828,0.236,42,630,0.05
2023-04-09,85.84,95,0.25,put,8.7966,8.6909,8.603,8.7789,0.1916,52,572,0.05
2023-04-09,85.84,100,0.25,call,1.3703,1.3868,1.373,1.4005,0.3059,47,517,0.05
2023-04-09,85.84,100,0.25,put,13.1183,12.965,12.8338,13.0962,0.1785,27,486,0.05
2023-04-09,85.84,105,0.25,call,0.0224,0.0221,0.0218,0.0223,0.1594,49,392,0.05
2023-04-09,85.84,105,0.25,put,18.6069,18.6521,18.466,18.8382,0.3064,37,296,0.05
2023-04-09,85.84,110,0.25,call,0.1673,0.168,0.1663,0.1696,0.2582,40,360,0.05
2023-04-09,85.84,110,0.25,put,23.0819,23.1354,22.9046,23.3662,0.2871,36,324,0.05
2023-04-09,85.84,90,0.5,call,5.2833,5.2263,5.1734,5.2791,0.2536,47,282,0.05
2023-04-09,85.84,90,0.5,put,6.6188,6.4721,6.4059,6.5383,0.2289,40,400,0.05
2023-04-09,85.84,95,0.5,call,3.8615,3.8999,3.8613,3.9385,0.2676,46,828,0.05
2023-04-09,85.84,95,0.5,put,10.2858,10.2982,10.1953,10.401,0.2508,45,495,0.05
2023-04-09,85.84,100,0.5,call,1.6114,1.6323,1.6162,1.6484,0.218,60,900,0.05
2023-04-09,85.84,100,0.5,put,13.2127,13.1548,13.0227,13.2869,0.2133,31,372,0.05
2023-04-09,85.84,105,0.5,call,0.363,0.365,0.3614,0.3686,0.1709,36,684,0.05
2023-04-09,85.84,105,0.5,put,17.8284,17.817,17.6387,17.9952,0.2425,43,258,0.05
2023-04-09,85.84,110,0.5,call,0.2553,0.255,0.2525,0.2576,0.1894,31,248,0.05
2023-04-09,85.84,110,0.5,put,21.7576,21.5025,21.2849,21.72,0.198,36,180,0.05
2023-04-10,85.86,90,0.08,call,1.5863,1.5834,1.5675,1.5993,0.3152,47,470,0.05
2023-04-10,85.86,90,0.08,put,5.1607,5.0844,5.0328,5.136,0.2913,44,528,0.05
2023-04-10,85.86,95,0.08,call,0.0075,0.0074,0.0074,0.0075,0.1385,42,252,0.05
2023-04-10,85.86,95,0.08,put,9.0704,9.1008,9.0101,9.1915,0.2644,46,690,0.05
2023-04-10,85.86,100,0.08,call,0.1844,0.1835,0.1817,0.1853,0.3229,45,450,0.05
2023-04-10,85.86,100,0.08,put,13.9238,14.2,14.0607,14.3392,0.3214,40,600,0.05
2023-04-10,85.86,105,0.08,call,0.0083,0.0083,0.0082,0.0083,0.2616,48,816,0.05
2023-04-10,85.86,105,0.08,put,18.7551,18.5906,18.403,18.7781,0.3057,45,495,0.05
2023-04-10,85.86,110,0.08,call,0.0,0.0,0.0,0.0,0.1972,39,351,0.05
2023-04-10,85.86,110,0.08,put,23.7037,23.7663,23.5292,24.0033,0.2398,49,490,0.05
2023-04-10,85.86,90,0.25,call,3.2096,3.2568,3.2247,3.2889,0.2621,49,735,0.05
2023-04-10,85.86,90,0.25,put,4.7558,4.717,4.6694,4.7646,0.1725,53,371,0.05
2023-04-10,85.86,95,0.25,call,2.1603,2.122,2.1004,2.1436,0.2906,44,528,0.05
2023-04-10,85.86,95,0.25,put,10.4969,10.3624,10.2574,10.4673,0.3155,53,848,0.05
2023-04-10,85.86,100,0.25,call,0.7235,0.718,0.7108,0.7253,0.2464,51,357,0.05
2023-04-10,85.86,100,0.25,put,13.5717,13.4634,13.3277,13.5991,0.2409,46,322,0.05
2023-04-10,85.86,105,0.25,call,0.0225,0.0222,0.022,0.0225,0.1594,47,705,0.05
2023-04-10,85.86,105,0.25,put,18.5702,18.271,18.0853,18.4567,0.3035,32,224,0.05
2023-04-10,85.86,110,0.25,call,0.0353,0.035,0.0346,0.0353,0.204,39,741,0.05
2023-04-10,85.86,110,0.25,put,23.0194,23.2016,22.9714,23.4318,0.2767,38,304,0.05
2023-04-10,85.86,90,0.5,call,7.0321,7.0878,7.0174,7.1581,0.3256,51,816,0.05
2023-04-10,85.86,90,0.5,put,7.2237,7.2122,7.14,7.2845,0.2542,52,364,0.05
2023-04-10,85.86,95,0.5,call,4.6351,4.5703,4.524,4.6167,0.3006,49,245,0.05
2023-04-10,85.86,95,0.5,put,11.0833,11.1425,11.0317,11.2534,0.2857,49,833,0.05
2023-04-10,85.86,100,0.5,call,2.6875,2.7604,2.7335,2.7872,0.2728,55,715,0.05
2023-04-10,85.86,100,0.5,put,15.0768,14.9416,14.7908,15.0924,0.3067,43,688,0.05
2023-04-10,85.86,105,0.5,call,1.0159,1.0157,1.0055,1.0258,0.2257,40,680,0.05
2023-04-10,85.86,105,0.5,put,18.3166,18.6048,18.4217,18.788,0.2728,43,774,0.05
2023-04-10,85.86,110,0.5,call,0.6635,0.6714,0.6648,0.6781,0.235,40,720,0.05
2023-04-10,85.86,110,0.5,put,22.321,22.2378,22.0146,22.461,0.2546,53,636,0.05
2023-04-11,85.55,90,0.08,call,0.5386,0.5311,0.5257,0.5364,0.1957,58,812,0.05
2023-04-11,85.55,90,0.08,put,5.0581,5.1051,5.0545,5.1556,0.2525,61,732,0.05
2023-04-11,85.55,95,0.08,call,0.2244,0.2242,0.2219,0.2264,0.2511,64,832,0.05
2023-04-11,85.55,95,0.08,put,9.2137,9.278,9.1859,9.3701,0.2257,32,320,0.05
2023-04-11,85.55,100,0.08,call,0.0656,0.0659,0.0652,0.0666,0.273,35,525,0.05
2023-04-11,85.55,100,0.08,put,14.0558,13.868,13.7274,14.0085,0.1824,52,676,0.05
2023-04-11,85.55,105,0.08,call,0.0,0.0,0.0,0.0,0.1746,46,230,0.05
2023-04-11,85.55,105,0.08,put,19.0449,19.3417,19.1512,19.5321,0.2746,36,180,0.05
2023-04-11,85.55,110,0.08,call,0.0,0.0,0.0,0.0,0.216,38,456,0.05
2023-04-11,85.55,110,0.08,put,24.0138,23.6375,23.3974,23.8777,0.2227,25,400,0.05
2023-04-11,85.55,90,0.25,call,3.0061,3.0167,2.9867,3.0468,0.2576,54,702,0.05
2023-04-11,85.55,90,0.25,put,5.0689,5.1333,5.0826,5.184,0.1796,48,576,0.05
2023-04-11,85.55,95,0.25,call,1.7229,1.7047,1.6875,1.7219,0.2664,51,408,0.05
2023-04-11,85.55,95,0.25,put,9.9676,9.8984,9.7987,9.9981,0.2644,50,350,0.05
2023-04-11,85.55,100,0.25,call,0.5159,0.5154,0.5102,0.5205,0.2276,51,408,0.05
2023-04-11,85.55,100,0.25,put,14.2063,14.3559,14.2138,14.498,0.2778,48,432,0.05
2023-04-11,85.55,105,0.25,call,0.19,0.1944,0.1925,0.1963,0.2253,44,352,0.05
2023-04-11,85.55,105,0.25,put,18.347,18.1736,17.9901,18.357,0.2272,39,741,0.05
2023-04-11,85.55,110,0.25,call,0.0793,0.0794,0.0786,0.0802,0.2314,41,451,0.05
2023-04-11,85.55,110,0.25,put,24.0878,24.0604,23.8195,24.3013,0.3904,33,495,0.05
2023-04-11,85.55,90,0.5,call,5.071,5.1026,5.0519,5.1533,0.2508,52,624,0.05
2023-04-11,85.55,90,0.5,put,7.8758,7.9066,7.8279,7.9854,0.2746,60,600,0.05
2023-04-11,85.55,95,0.5,call,2.1934,2.2157,2.1938,2.2377,0.1975,52,832,0.05
2023-04-11,85.55,95,0.5,put,12.2052,12.0508,11.9288,12.1729,0.3257,50,300,0.05
2023-04-11,85.55,100,0.5,call,4.124,4.1396,4.0984,4.1808,0.3443,49,833,0.05
2023-04-11,85.55,100,0.5,put,13.7681,13.6567,13.519,13.7943,0.2311,46,230,0.05
2023-04-11,85.55,105,0.5,call,0.6253,0.6192,0.613,0.6255,0.1989,48,576,0.05
2023-04-11,85.55,105,0.5,put,19.1809,19.1016,18.9098,19.2934,0.3074,38,494,0.05
2023-04-11,85.55,110,0.5,call,0.6006,0.6101,0.6041,0.6161,0.232,39,585,0.05
2023-04-11,85.55,110,0.5,put,22.8617,23.0575,22.8289,23.2861,0.2753,34,170,0.05
2023-04-12,83.67,90,0.08,call,0.5303,0.5348,0.5295,0.5401,0.2493,46,644,0.05
2023-04-12,83.67,90,0.08,put,6.6561,6.7087,6.6421,6.7752,0.2735,56,728,0.05
2023-04-12,83.67,95,0.08,call,0.2269,0.227,0.2247,0.2293,0.294,44,704,0.05
2023-04-12,83.67,95,0.08,put,11.282,11.3662,11.2534,11.4791,0.3216,47,893,0.05
2023-04-12,83.67,100,0.08,call,0.0005,0.0005,0.0005,0.0005,0.1839,33,429,0.05
2023-04-12,83.67,100,0.08,put,16.017,16.2129,16.0527,16.3731,0.3191,34,306,0.05
2023-04-12,83.67,105,0.08,call,0.0018,0.0018,0.0018,0.0018,0.2544,38,418,0.05
2023-04-12,83.67,105,0.08,put,20.9201,21.1412,20.932,21.3504,0.2872,39,663,0.05
2023-04-12,83.67,110,0.08,call,0.0038,0.0038,0.0038,0.0038,0.3218,42,378,0.05
2023-04-12,83.67,110,0.08,put,25.8998,26.2626,26.0036,26.5216,0.3384,32,192,0.05
2023-04-12,83.67,90,0.25,call,2.285,2.3025,2.2797,2.3254,0.2565,46,690,0.05
2023-04-12,83.67,90,0.25,put,8.7978,8.9131,8.8251,9.001,0.3389,50,900,0.05
2023-04-12,83.67,95,0.25,call,1.6115,1.6084,1.5923,1.6245,0.2932,65,455,0.05
2023-04-12,83.67,95,0.25,put,10.7569,10.6751,10.5676,10.7827,0.2053,46,828,0.05
2023-04-12,83.67,100,0.25,call,0.4458,0.4407,0.4363,0.4452,0.2442,45,720,0.05
2023-04-12,83.67,100,0.25,put,15.7138,15.6306,15.4734,15.7877,0.2671,40,560,0.05
2023-04-12,83.67,105,0.25,call,0.2252,0.2243,0.222,0.2265,0.2548,37,185,0.05
2023-04-12,83.67,105,0.25,put,20.1904,20.3674,20.1655,20.5693,0.2396,55,330,0.05
2023-04-12,83.67,110,0.25,call,0.1504,0.1504,0.1489,0.1519,0.2767,44,704,0.05
2023-04-12,83.67,110,0.25,put,25.1406,25.0917,24.8403,25.3431,0.284,34,238,0.05
2023-04-12,83.67,90,0.5,call,4.242,4.22,4.1776,4.2625,0.2517,49,882,0.05
2023-04-12,83.67,90,0.5,put,8.9647,8.9561,8.8665,9.0458,0.278,37,518,0.05
2023-04-12,83.67,95,0.5,call,3.3595,3.3636,3.33,3.3972,0.2801,48,864,0.05
2023-04-12,83.67,95,0.5,put,10.7422,10.7914,10.684,10.8988,0.2022,40,640,0.05
2023-04-12,83.67,100,0.5,call,1.9995,1.9953,1.9753,2.0153,0.2669,49,539,0.05
2023-04-12,83.67,100,0.5,put,15.6299,15.5473,15.391,15.7036,0.2539,53,265,0.05
2023-04-12,83.67,105,0.5,call,1.3086,1.3107,1.2976,1.3238,0.2698,44,660,0.05
2023-04-12,83.67,105,0.5,put,19.8141,19.6666,19.4684,19.8647,0.2534,38,684,0.05
2023-04-12,83.67,110,0.5,call,0.4714,0.4621,0.4574,0.4668,0.2358,40,600,0.05
2023-04-12,83.67,110,0.5,put,23.7977,23.8153,23.5773,24.0532,0.1943,26,416,0.05
2023-04-13,83.12,90,0.08,call,0.2963,0.3032,0.3002,0.3061,0.2207,37,185,0.05
2023-04-13,83.12,90,0.08,put,7.0813,7.0833,7.0125,7.1541,0.2702,56,840,0.05
2023-04-13,83.12,95,0.08,call,0.0036,0.0035,0.0035,0.0036,0.1657,42,588,0.05
2023-04-13,83.12,95,0.08,put,11.6946,11.5977,11.4807,11.7146,0.2961,48,672,0.05
2023-04-13,83.12,100,0.08,call,0.002,0.002,0.0019,0.002,0.2122,46,276,0.05
2023-04-13,83.12,100,0.08,put,16.5376,16.6324,16.4671,16.7978,0.3108,52,624,0.05
2023-04-13,83.12,105,0.08,call,0.0006,0.0006,0.0006,0.0006,0.2409,40,680,0.05
2023-04-13,83.12,105,0.08,put,21.4638,21.4921,21.2775,21.7067,0.2822,53,742,0.05
2023-04-13,83.12,110,0.08,call,0.0002,0.0002,0.0002,0.0002,0.2681,34,340,0.05
2023-04-13,83.12,110,0.08,put,26.4395,26.7684,26.504,27.0328,0.2149,46,230,0.05
2023-04-13,83.12,90,0.25,call,2.3878,2.4059,2.382,2.4298,0.2754,41,328,0.05
2023-04-13,83.12,90,0.25,put,7.6681,7.6314,7.5547,7.7081,0.2433,41,410,0.05
2023-04-13,83.12,95,0.25,call,0.4829,0.4751,0.4703,0.48,0.1998,41,615,0.05
2023-04-13,83.12,95,0.25,put,11.515,11.588,11.4728,11.7031,0.2352,37,407,0.05
2023-04-13,83.12,100,0.25,call,0.4068,0.4059,0.4018,0.4099,0.246,60,540,0.05
2023-04-13,83.12,100,0.25,put,15.8792,15.9119,15.7531,16.0706,0.2186,39,273,0.05
2023-04-13,83.12,105,0.25,call,0.7237,0.7253,0.718,0.7325,0.341,51,969,0.05
2023-04-13,83.12,105,0.25,put,20.7221,20.4464,20.2392,20.6536,0.2416,35,560,0.05
2023-04-13,83.12,110,0.25,call,0.5066,0.4986,0.4935,0.5037,0.3587,42,378,0.05
2023-04-13,83.12,110,0.25,put,25.6019,26.4513,26.1952,26.7073,0.2602,37,555,0.05
2023-04-13,83.12,90,0.5,call,4.8299,4.8847,4.8364,4.933,0.2872,57,912,0.05
2023-04-13,83.12,90,0.5,put,9.3296,9.2377,9.1444,9.331,0.2804,42,714,0.05
2023-04-13,83.12,95,0.5,call,2.0418,2.0408,2.0203,2.0612,0.2245,47,752,0.05
2023-04-13,83.12,95,0.5,put,11.3224,11.3706,11.2574,11.4838,0.2114,63,378,0.05
2023-04-13,83.12,100,0.5,call,2.4553,2.4619,2.4373,2.4864,0.2986,42,336,0.05
2023-04-13,83.12,100,0.5,put,15.7377,15.7842,15.6268,15.9416,0.2345,50,750,0.05
2023-04-13,83.12,105,0.5,call,2.6054,2.5817,2.5556,2.6077,0.3541,37,444,0.05
2023-04-13,83.12,105,0.5,put,20.4096,20.3494,20.1453,20.5535,0.263,43,344,0.05
2023-04-13,83.12,110,0.5,call,1.0924,1.0844,1.0734,1.0953,0.2984,39,351,0.05
2023-04-13,83.12,110,0.5,put,24.5789,24.2676,24.0218,24.5134,0.2342,37,481,0.05
2023-04-14,82.68,90,0.08,call,0.7174,0.7208,0.7136,0.728,0.3084,49,833,0.05
2023-04-14,82.68,90,0.08,put,7.4932,7.515,7.4401,7.5899,0.2777,49,441,0.05
2023-04-14,82.68,95,0.08,call,0.4793,0.4824,0.4776,0.4872,0.3809,39,702,0.05
2023-04-14,82.68,95,0.08,put,11.9553,11.8209,11.7013,11.9405,0.2008,47,846,0.05
2023-04-14,82.68,100,0.08,call,0.0098,0.0098,0.0097,0.0099,0.2541,42,714,0.05
2023-04-14,82.68,100,0.08,put,17.1253,17.1519,16.9806,17.3231,0.3965,31,155,0.05
2023-04-14,82.68,105,0.08,call,0.0017,0.0017,0.0016,0.0017,0.2653,51,816,0.05
2023-04-14,82.68,105,0.08,put,21.9014,22.027,21.808,22.246,0.2474,37,185,0.05
2023-04-14,82.68,110,0.08,call,0.0001,0.0001,0.0001,0.0001,0.2529,41,656,0.05
2023-04-14,82.68,110,0.08,put,26.8809,27.2538,26.985,27.5226,0.2683,47,611,0.05
2023-04-14,82.68,90,0.25,call,1.3564,1.3584,1.3449,1.372,0.2135,53,689,0.05
2023-04-14,82.68,90,0.25,put,8.4772,8.4788,8.3941,8.5636,0.2777,56,504,0.05
2023-04-14,82.68,95,0.25,call,0.7114,0.7124,0.7053,0.7195,0.2317,42,462,0.05
2023-04-14,82.68,95,0.25,put,12.0658,12.3286,12.208,12.4493,0.2528,46,736,0.05
2023-04-14,82.68,100,0.25,call,0.28,0.2808,0.278,0.2836,0.2311,46,368,0.05
2023-04-14,82.68,100,0.25,put,16.5635,16.4233,16.2577,16.5889,0.2633,26,156,0.05
2023-04-14,82.68,105,0.25,call,0.8305,0.8349,0.8266,0.8432,0.3605,42,630,0.05
2023-04-14,82.68,105,0.25,put,21.3323,21.0928,20.8794,21.3061,0.2856,29,551,0.05
2023-04-14,82.68,110,0.25,call,0.3349,0.3322,0.3288,0.3355,0.3334,42,462,0.05
2023-04-14,82.68,110,0.25,put,26.1,25.8703,25.6093,26.1313,0.2862,43,516,0.05
2023-04-14,82.68,90,0.5,call,1.9073,1.9041,1.8851,1.9232,0.1641,52,728,0.05
2023-04-14,82.68,90,0.5,put,8.2397,8.2923,8.2099,8.3747,0.221,50,800,0.05
2023-04-14,82.68,95,0.5,call,3.3176,3.3574,3.3242,3.3906,0.2935,40,400,0.05
2023-04-14,82.68,95,0.5,put,13.2966,13.3088,13.1758,13.4417,0.2937,42,504,0.05
2023-04-14,82.68,100,0.5,call,1.9897,1.9768,1.957,1.9967,0.2791,50,950,0.05
2023-04-14,82.68,100,0.5,put,17.324,17.2335,17.0602,17.4067,0.3056,35,350,0.05
2023-04-14,82.68,105,0.5,call,0.8399,0.8356,0.8272,0.844,0.2459,35,350,0.05
2023-04-14,82.68,105,0.5,put,19.8849,20.2174,20.0186,20.4163,0.1684,46,322,0.05
2023-04-14,82.68,110,0.5,call,0.17,0.1711,0.1694,0.1728,0.1999,36,360,0.05
2023-04-14,82.68,110,0.5,put,25.3703,25.3235,25.0698,25.5772,0.2753,31,217,0.05
2023-04-15,81.65,90,0.08,call,0.3522,0.3503,0.3468,0.3539,0.2706,52,572,0.05
2023-04-15,81.65,90,0.08,put,8.1606,8.1062,8.0246,8.1879,0.2239,46,368,0.05
2023-04-15,81.65,95,0.08,call,0.0248,0.0248,0.0245,0.025,0.2322,47,235,0.05
2023-04-15,81.65,95,0.08,put,13.0068,13.2836,13.1535,13.4136,0.2428,62,558,0.05
2023-04-15,81.65,100,0.08,call,0.0179,0.0182,0.0181,0.0184,0.2885,49,931,0.05
2023-04-15,81.65,100,0.08,put,17.9555,17.809,17.6294,17.9885,0.2388,41,451,0.05
2023-04-15,81.65,105,0.08,call,0.0026,0.0026,0.0026,0.0027,0.2892,50,900,0.05
2023-04-15,81.65,105,0.08,put,22.9328,22.7527,22.5234,22.9821,0.2255,53,318,0.05
2023-04-15,81.65,110,0.08,call,0.0,0.0,0.0,0.0,0.2557,38,722,0.05
2023-04-15,81.65,110,0.08,put,27.9127,28.0327,27.7536,28.3119,0.2083,36,648,0.05
2023-04-15,81.65,90,0.25,call,2.7858,2.7565,2.7286,2.7843,0.3349,48,336,0.05
2023-04-15,81.65,90,0.25,put,8.3413,8.3345,8.2511,8.4179,0.214,58,812,0.05
2023-04-15,81.65,95,0.25,call,1.8052,1.7787,1.7607,1.7968,0.346,42,630,0.05
2023-04-15,81.65,95,0.25,put,13.9582,13.875,13.7354,14.0146,0.3445,48,912,0.05
2023-04-15,81.65,100,0.25,call,0.1602,0.1592,0.1576,0.1608,0.2181,47,517,0.05
2023-04-15,81.65,100,0.25,put,17.9269,18.0213,17.8421,18.2006,0.3194,30,450,0.05
2023-04-15,81.65,105,0.25,call,0.367,0.366,0.3623,0.3697,0.3079,47,658,0.05
2023-04-15,81.65,105,0.25,put,22.0476,21.8951,21.6746,22.1156,0.1135,36,396,0.05
2023-04-15,81.65,110,0.25,call,0.0321,0.032,0.0316,0.0323,0.2395,34,544,0.05
2023-04-15,81.65,110,0.25,put,27.0083,26.7629,26.4929,27.033,0.23,36,288,0.05
2023-04-15,81.65,90,0.5,call,2.4453,2.4641,2.4397,2.4886,0.2059,49,686,0.05
2023-04-15,81.65,90,0.5,put,8.5132,8.4959,8.4107,8.581,0.203,41,369,0.05
2023-04-15,81.65,95,0.5,call,0.7931,0.7944,0.7865,0.8023,0.1704,47,282,0.05
2023-04-15,81.65,95,0.5,put,13.3333,12.9807,12.8474,13.114,0.26,50,850,0.05
2023-04-15,81.65,100,0.5,call,0.6899,0.6943,0.6874,0.7012,0.2053,44,484,0.05
2023-04-15,81.65,100,0.5,put,16.2003,16.4455,16.2835,16.6075,0.1685,43,473,0.05
2023-04-15,81.65,105,0.5,call,0.0645,0.0644,0.0637,0.065,0.1528,37,555,0.05
2023-04-15,81.65,105,0.5,put,22.0759,22.1404,21.9196,22.3612,0.2933,42,630,0.05
2023-04-15,81.65,110,0.5,call,0.2877,0.2904,0.2875,0.2933,0.2293,38,456,0.05
2023-04-15,81.65,110,0.5,put,25.7889,26.023,25.7651,26.2809,0.2043,41,656,0.05
2023-04-16,81.45,90,0.08,call,0.4919,0.4835,0.4786,0.4884,0.3045,46,460,0.05
2023-04-16,81.45,90,0.08,put,8.7224,8.7448,8.6575,8.832,0.3115,52,364,0.05
2023-04-16,81.45,95,0.08,call,0.0224,0.0222,0.022,0.0224,0.2324,41,615,0.05
2023-04-16,81.45,95,0.08,put,13.1752,13.298,13.1663,13.4298,0.1756,38,608,0.05
2023-04-16,81.45,100,0.08,call,0.0672,0.0667,0.066,0.0674,0.3484,49,882,0.05
2023-04-16,81.45,100,0.08,put,18.1538,18.299,18.1174,18.4805,0.1832,39,390,0.05
2023-04-16,81.45,105,0.08,call,0.0,0.0,0.0,0.0,0.2207,34,442,0.05
2023-04-16,81.45,105,0.08,put,23.1339,22.6259,22.3946,22.8573,0.2299,44,264,0.05
2023-04-16,81.45,110,0.08,call,0.0,0.0,0.0,0.0,0.2507,33,198,0.05
2023-04-16,81.45,110,0.08,put,28.1138,28.1931,27.912,28.4742,0.2076,33,396,0.05
2023-04-16,81.45,90,0.25,call,1.7748,1.7831,1.7654,1.8009,0.2688,52,728,0.05
2023-04-16,81.45,90,0.25,put,8.1237,8.0253,7.944,8.1065,0.1814,48,672,0.05
2023-04-16,81.45,95,0.25,call,1.2145,1.2215,1.2094,1.2337,0.3,43,473,0.05
2023-04-16,81.45,95,0.25,put,14.3943,14.052,13.9081,14.196,0.3667,46,368,0.05
2023-04-16,81.45,100,0.25,call,0.5191,0.5211,0.5159,0.5263,0.285,38,228,0.05
2023-04-16,81.45,100,0.25,put,17.8021,17.8694,17.6913,18.0474,0.2811,23,184,0.05
2023-04-16,81.45,105,0.25,call,0.0907,0.0913,0.0904,0.0922,0.2401,39,468,0.05
2023-04-16,81.45,105,0.25,put,22.5018,22.4208,22.1958,22.6458,0.2875,31,310,0.05
2023-04-16,81.45,110,0.25,call,0.0282,0.028,0.0277,0.0283,0.2376,34,408,0.05
2023-04-16,81.45,110,0.25,put,27.2205,27.4015,27.1293,27.6737,0.2431,34,612,0.05
2023-04-16,81.45,90,0.5,call,3.3633,3.3643,3.3307,3.3979,0.252,45,360,0.05
2023-04-16,81.45,90,0.5,put,12.1471,12.0442,11.9227,12.1657,0.362,66,1188,0.05
2023-04-16,81.45,95,0.5,call,3.537,3.5813,3.546,3.6167,0.3232,42,714,0.05
2023-04-16,81.45,95,0.5,put,12.75,12.6072,12.4797,12.7347,0.2201,39,702,0.05
2023-04-16,81.45,100,0.5,call,1.312,1.3012,1.2881,1.3143,0.2534,44,352,0.05
2023-04-16,81.45,100,0.5,put,17.6879,17.3192,17.1424,17.4961,0.272,41,533,0.05
2023-04-16,81.45,105,0.5,call,0.7468,0.726,0.7186,0.7335,0.2506,41,738,0.05
2023-04-16,81.45,105,0.5,put,23.1756,23.2033,22.9716,23.4351,0.3535,46,598,0.05
2023-04-16,81.45,110,0.5,call,0.4622,0.4695,0.4649,0.4741,0.255,36,432,0.05
2023-04-16,81.45,110,0.5,put,26.7138,26.7812,26.514,27.0483,0.2978,31,279,0.05
2023-04-17,81.97,90,0.08,call,0.4861,0.4898,0.4849,0.4946,0.289,48,672,0.05
2023-04-17,81.97,90,0.08,put,7.9805,7.9698,7.89,8.0496,0.2535,52,988,0.05
2023-04-17,81.97,95,0.08,call,0.029,0.0292,0.0289,0.0295,0.2317,55,440,0.05
2023-04-17,81.97,95,0.08,put,12.7159,12.5924,12.4653,12.7196,0.2637,48,384,0.05
2023-04-17,81.97,100,0.08,call,0.0211,0.0212,0.0209,0.0214,0.2889,48,720,0.05
2023-04-17,81.97,100,0.08,put,17.6277,17.6241,17.4479,17.8004,0.1382,45,225,0.05
2023-04-17,81.97,105,0.08,call,0.0,0.0,0.0,0.0,0.2058,38,380,0.05
2023-04-17,81.97,105,0.08,put,22.6137,22.4099,22.1837,22.636,0.3069,40,520,0.05
2023-04-17,81.97,110,0.08,call,0.0,0.0,0.0,0.0,0.1423,44,308,0.05
2023-04-17,81.97,110,0.08,put,27.5878,27.7717,27.4959,28.0476,0.2573,38,266,0.05
2023-04-17,81.97,90,0.25,call,2.1392,2.137,2.1157,2.1584,0.2837,37,185,0.05
2023-04-17,81.97,90,0.25,put,8.0409,8.0416,7.9612,8.122,0.2099,45,405,0.05
2023-04-17,81.97,95,0.25,call,1.7801,1.7928,1.775,1.8106,0.3379,54,594,0.05
2023-04-17,81.97,95,0.25,put,13.4358,13.6215,13.4871,13.7559,0.3225,41,697,0.05
2023-04-17,81.97,100,0.25,call,0.0629,0.0645,0.0639,0.0652,0.1828,50,400,0.05
2023-04-17,81.97,100,0.25,put,17.1026,16.9841,16.8131,17.1552,0.2468,46,276,0.05
2023-04-17,81.97,105,0.25,call,0.3764,0.3738,0.37,0.3775,0.3054,44,836,0.05
2023-04-17,81.97,105,0.25,put,22.0107,21.6833,21.4632,21.9034,0.2886,24,120,0.05
2023-04-17,81.97,110,0.25,call,0.0001,0.0001,0.0001,0.0001,0.1453,38,380,0.05
2023-04-17,81.97,110,0.25,put,26.7097,26.8717,26.6046,27.1388,0.2498,27,378,0.05
2023-04-17,81.97,90,0.5,call,3.6116,3.5884,3.5523,3.6245,0.2543,52,988,0.05
2023-04-17,81.97,90,0.5,put,8.4303,8.6231,8.5388,8.7074,0.2091,44,264,0.05
2023-04-17,81.97,95,0.5,call,1.4557,1.443,1.4284,1.4575,0.2082,39,741,0.05
2023-04-17,81.97,95,0.5,put,12.8065,12.71,12.5819,12.8381,0.2449,34,612,0.05
2023-04-17,81.97,100,0.5,call,1.1344,1.1389,1.1276,1.1503,0.2352,50,700,0.05
2023-04-17,81.97,100,0.5,put,15.95,15.8693,15.7098,16.0288,0.174,43,645,0.05
2023-04-17,81.97,105,0.5,call,0.7388,0.759,0.7517,0.7664,0.2445,43,688,0.05
2023-04-17,81.97,105,0.5,put,21.5959,21.8143,21.5984,22.0303,0.2784,34,238,0.05
2023-04-17,81.97,110,0.5,call,0.5677,0.5765,0.5708,0.5822,0.2623,40,240,0.05
2023-04-17,81.97,110,0.5,put,25.7881,25.8119,25.5541,26.0698,0.252,30,390,0.05
2023-04-18,84.45,90,0.08,call,1.412,1.4161,1.402,1.4302,0.3458,52,624,0.05
2023-04-18,84.45,90,0.08,put,6.3637,6.3436,6.28,6.4073,0.3161,47,893,0.05
2023-04-18,84.45,95,0.08,call,0.178,0.1763,0.1745,0.1781,0.2616,49,833,0.05
2023-04-18,84.45,95,0.08,put,10.261,10.3261,10.2235,10.4287,0.2285,48,384,0.05
2023-04-18,84.45,100,0.08,call,0.0386,0.039,0.0386,0.0394,0.2704,53,318,0.05
2023-04-18,84.45,100,0.08,put,15.1551,15.11,14.9584,15.2615,0.2131,37,629,0.05
2023-04-18,84.45,105,0.08,call,0.0082,0.0081,0.008,0.0082,0.2809,40,560,0.05
2023-04-18,84.45,105,0.08,put,20.1309,20.5579,20.3566,20.7592,0.233,40,480,0.05
2023-04-18,84.45,110,0.08,call,0.0001,0.0001,0.0001,0.0001,0.2363,40,240,0.05
2023-04-18,84.45,110,0.08,put,25.1105,25.3423,25.0912,25.5934,0.2654,35,385,0.05
2023-04-18,84.45,90,0.25,call,2.8194,2.8459,2.8178,2.8741,0.2725,44,704,0.05
2023-04-18,84.45,90,0.25,put,7.657,7.7044,7.6278,7.7809,0.2977,47,235,0.05
2023-04-18,84.45,95,0.25,call,0.3492,0.3432,0.3397,0.3467,0.1646,50,400,0.05
2023-04-18,84.45,95,0.25,put,9.9075,10.0182,9.9191,10.1173,0.1865,44,704,0.05
2023-04-18,84.45,100,0.25,call,0.7982,0.7979,0.7899,0.8059,0.2751,59,1062,0.05
2023-04-18,84.45,100,0.25,put,15.6423,15.7331,15.5767,15.8895,0.3261,52,988,0.05
2023-04-18,84.45,105,0.25,call,0.5075,0.5091,0.504,0.5142,0.294,48,336,0.05
2023-04-18,84.45,105,0.25,put,19.27,19.5194,19.3267,19.7121,0.1742,30,420,0.05
2023-04-18,84.45,110,0.25,call,0.0288,0.0288,0.0285,0.0291,0.2112,45,540,0.05
2023-04-18,84.45,110,0.25,put,24.2942,23.974,23.7311,24.2169,0.2553,34,374,0.05
2023-04-18,84.45,90,0.5,call,5.3422,5.3346,5.2812,5.388,0.2836,41,615,0.05
2023-04-18,84.45,90,0.5,put,7.6808,7.7641,7.6873,7.8409,0.2419,44,616,0.05
2023-04-18,84.45,95,0.5,call,2.2065,2.2271,2.205,2.2492,0.2139,38,532,0.05
2023-04-18,84.45,95,0.5,put,13.2274,13.3044,13.1721,13.4367,0.3415,39,351,0.05
2023-04-18,84.45,100,0.5,call,1.5563,1.5296,1.514,1.5452,0.2321,47,611,0.05
2023-04-18,84.45,100,0.5,put,14.1619,14.0828,13.9411,14.2244,0.2033,48,336,0.05
2023-04-18,84.45,105,0.5,call,1.6637,1.655,1.6383,1.6716,0.2834,39,429,0.05
2023-04-18,84.45,105,0.5,put,19.4645,18.9693,18.7746,19.1639,0.2738,36,360,0.05
2023-04-18,84.45,110,0.5,call,0.2469,0.2453,0.2428,0.2478,0.1994,39,702,0.05
2023-04-18,84.45,110,0.5,put,23.2184,23.2002,22.968,23.4323,0.2186,38,456,0.05
2023-04-19,84.69,90,0.08,call,0.819,0.8215,0.8133,0.8297,0.2615,43,473,0.05
2023-04-19,84.69,90,0.08,put,6.0217,5.9688,5.9086,6.029,0.2948,53,424,0.05
2023-04-19,84.69,95,0.08,call,0.1471,0.1473,0.1458,0.1488,0.2461,40,240,0.05
2023-04-19,84.69,95,0.08,put,10.1779,10.1539,10.0521,10.2556,0.2765,47,799,0.05
2023-04-19,84.69,100,0.08,call,0.0103,0.0102,0.0101,0.0103,0.2255,34,510,0.05
2023-04-19,84.69,100,0.08,put,14.9111,14.6896,14.5405,14.8387,0.1288,39,351,0.05
2023-04-19,84.69,105,0.08,call,0.0067,0.0068,0.0067,0.0068,0.2722,32,512,0.05
2023-04-19,84.69,105,0.08,put,19.9026,19.9597,19.7607,20.1587,0.2875,47,752,0.05
2023-04-19,84.69,110,0.08,call,0.0,0.0,0.0,0.0,0.151,39,741,0.05
2023-04-19,84.69,110,0.08,put,24.8726,24.7023,24.4536,24.951,0.2839,47,658,0.05
2023-04-19,84.69,90,0.25,call,2.7981,2.8476,2.8196,2.8756,0.2656,38,646,0.05
2023-04-19,84.69,90,0.25,put,7.8417,7.7383,7.6599,7.8167,0.3177,51,459,0.05
2023-04-19,84.69,95,0.25,call,0.289,0.2885,0.2856,0.2914,0.1534,42,336,0.05
2023-04-19,84.69,95,0.25,put,10.6584,10.5994,10.4928,10.706,0.2681,54,810,0.05
2023-04-19,84.69,100,0.25,call,0.1856,0.1864,0.1845,0.1883,0.1884,40,200,0.05
2023-04-19,84.69,100,0.25,put,14.9147,15.0725,14.9234,15.2217,0.2765,50,700,0.05
2023-04-19,84.69,105,0.25,call,0.1874,0.1865,0.1846,0.1884,0.2344,47,846,0.05
2023-04-19,84.69,105,0.25,put,19.2726,19.3354,19.1427,19.5281,0.2514,39,390,0.05
2023-04-19,84.69,110,0.25,call,0.2556,0.2567,0.2541,0.2592,0.2927,42,714,0.05
2023-04-19,84.69,110,0.25,put,24.0902,23.7032,23.4623,23.9441,0.2645,43,258,0.05
2023-04-19,84.69,90,0.5,call,4.075,4.1112,4.0704,4.1519,0.2256,53,424,0.05
2023-04-19,84.69,90,0.5,put,10.0113,10.0087,9.9086,10.1088,0.3452,46,460,0.05
2023-04-19,84.69,95,0.5,call,2.8421,2.8372,2.8087,2.8656,0.2404,63,882,0.05
2023-04-19,84.69,95,0.5,put,10.6831,10.6979,10.591,10.8047,0.2347,34,306,0.05
2023-04-19,84.69,100,0.5,call,1.5341,1.5157,1.5003,1.531,0.2279,48,576,0.05
2023-04-19,84.69,100,0.5,put,14.6189,14.5927,14.4465,14.7389,0.2416,36,468,0.05
2023-04-19,84.69,105,0.5,call,2.3604,2.3319,2.3083,2.3555,0.3204,34,306,0.05
2023-04-19,84.69,105,0.5,put,18.8869,19.0221,18.8332,19.2109,0.2489,46,598,0.05
2023-04-19,84.69,110,0.5,call,0.506,0.5025,0.4974,0.5075,0.2303,40,480,0.05
2023-04-19,84.69,110,0.5,put,23.014,22.8533,22.6231,23.0834,0.2207,42,504,0.05
2023-04-20,85.04,90,0.08,call,0.1048,0.1047,0.1037,0.1058,0.1287,40,480,0.05
2023-04-20,85.04,90,0.08,put,5.5247,5.5551,5.4999,5.6104,0.2642,43,602,0.05
2023-04-20,85.04,95,0.08,call,0.3178,0.3168,0.3137,0.32,0.2863,37,518,0.05
2023-04-20,85.04,95,0.08,put,9.8783,9.8856,9.7869,9.9844,0.2815,57,798,0.05
2023-04-20,85.04,100,0.08,call,0.037,0.0377,0.0373,0.038,0.2589,47,564,0.05
2023-04-20,85.04,100,0.08,put,14.6383,14.4855,14.3391,14.6319,0.29,44,748,0.05
2023-04-20,85.04,105,0.08,call,0.0156,0.0154,0.0152,0.0155,0.2924,48,336,0.05
2023-04-20,85.04,105,0.08,put,19.5462,19.7204,19.5249,19.9159,0.2622,33,330,0.05
2023-04-20,85.04,110,0.08,call,0.001,0.001,0.001,0.001,0.2722,38,456,0.05
2023-04-20,85.04,110,0.08,put,24.523,24.6161,24.3709,24.8614,0.2918,48,816,0.05
2023-04-20,85.04,90,0.25,call,2.0088,1.9925,1.9725,2.0126,0.2082,44,264,0.05
2023-04-20,85.04,90,0.25,put,6.8592,6.8068,6.7382,6.8754,0.2706,53,265,0.05
2023-04-20,85.04,95,0.25,call,1.8108,1.8404,1.8223,1.8585,0.2823,58,464,0.05
2023-04-20,85.04,95,0.25,put,9.7602,9.6056,9.508,9.7032,0.2185,33,198,0.05
2023-04-20,85.04,100,0.25,call,1.393,1.3928,1.3789,1.4067,0.3212,57,1083,0.05
2023-04-20,85.04,100,0.25,put,13.8012,13.5017,13.3636,13.6397,0.1587,39,351,0.05
2023-04-20,85.04,105,0.25,call,0.0892,0.0893,0.0884,0.0902,0.2022,33,627,0.05
2023-04-20,85.04,105,0.25,put,19.0628,19.0549,18.8643,19.2455,0.2715,41,287,0.05
2023-04-20,85.04,110,0.25,call,0.1615,0.1597,0.1581,0.1614,0.2652,41,492,0.05
2023-04-20,85.04,110,0.25,put,23.7432,23.5657,23.3282,23.8031,0.2618,31,558,0.05
2023-04-20,85.04,90,0.5,call,5.5446,5.5241,5.4686,5.5795,0.2805,48,480,0.05
2023-04-20,85.04,90,0.5,put,7.2764,7.4093,7.3365,7.4821,0.2385,47,517,0.05
2023-04-20,85.04,95,0.5,call,4.3889,4.3883,4.3445,4.4322,0.3039,52,988,0.05
2023-04-20,85.04,95,0.5,put,10.983,10.8844,10.7746,10.9942,0.2589,46,598,0.05
2023-04-20,85.04,100,0.5,call,2.7968,2.8059,2.778,2.8339,0.2895,41,328,0.05
2023-04-20,85.04,100,0.5,put,14.2962,14.2942,14.1512,14.4371,0.2387,47,564,0.05
2023-04-20,85.04,105,0.5,call,2.3138,2.3392,2.3161,2.3624,0.3135,45,765,0.05
2023-04-20,85.04,105,0.5,put,17.7185,17.67,17.4928,17.8472,0.1767,32,224,0.05
2023-04-20,85.04,110,0.5,call,1.0985,1.1101,1.0991,1.1211,0.2787,42,756,0.05
2023-04-20,85.04,110,0.5,put,22.6436,22.6634,22.437,22.8899,0.2152,56,392,0.05
2023-04-21,84.95,90,0.08,call,0.7112,0.7185,0.7114,0.7256,0.2386,62,744,0.05
2023-04-21,84.95,90,0.08,put,5.1138,5.0197,4.9686,5.0709,0.195,54,270,0.05
2023-04-21,84.95,95,0.08,call,0.5592,0.5558,0.5502,0.5614,0.3387,34,544,0.05
2023-04-21,84.95,95,0.08,put,9.7999,9.6974,9.5994,9.7954,0.2331,46,230,0.05
2023-04-21,84.95,100,0.08,call,0.021,0.0211,0.0209,0.0213,0.2414,46,782,0.05
2023-04-21,84.95,100,0.08,put,14.6547,14.9544,14.8078,15.1009,0.1746,42,714,0.05
2023-04-21,84.95,105,0.08,call,0.0008,0.0008,0.0008,0.0008,0.2237,43,559,0.05
2023-04-21,84.95,105,0.08,put,19.643,20.049,19.8526,20.2455,0.277,48,336,0.05
2023-04-21,84.95,110,0.08,call,0.0005,0.0005,0.0005,0.0006,0.2619,25,250,0.05
2023-04-21,84.95,110,0.08,put,24.614,24.6752,24.4291,24.9214,0.1715,36,324,0.05
2023-04-21,84.95,90,0.25,call,1.7671,1.7662,1.7485,1.7839,0.1948,54,594,0.05
2023-04-21,84.95,90,0.25,put,5.5525,5.486,5.4305,5.5415,0.1852,44,352,0.05
2023-04-21,84.95,95,0.25,call,0.9481,0.9457,0.9363,0.9552,0.2173,43,559,0.05
2023-04-21,84.95,95,0.25,put,10.0731,10.1298,10.0291,10.2305,0.2381,52,832,0.05
2023-04-21,84.95,100,0.25,call,0.3822,0.3812,0.3774,0.385,0.2183,37,185,0.05
2023-04-21,84.95,100,0.25,put,14.3014,14.2242,14.0812,14.3672,0.2328,48,672,0.05
2023-04-21,84.95,105,0.25,call,0.5243,0.5298,0.5246,0.5351,0.2898,38,190,0.05
2023-04-21,84.95,105,0.25,put,18.8637,18.629,18.4404,18.8177,0.2119,41,492,0.05
2023-04-21,84.95,110,0.25,call,0.0756,0.075,0.0742,0.0757,0.2356,41,697,0.05
2023-04-21,84.95,110,0.25,put,23.802,24.1717,23.9337,24.4097,0.2515,33,231,0.05
2023-04-21,84.95,90,0.5,call,4.8556,4.8355,4.787,4.8841,0.2535,65,585,0.05
2023-04-21,84.95,90,0.5,put,6.4793,6.4671,6.4023,6.5319,0.2028,57,855,0.05
2023-04-21,84.95,95,0.5,call,2.2674,2.2193,2.1966,2.242,0.2097,46,828,0.05
2023-04-21,84.95,95,0.5,put,9.9636,9.9876,9.888,10.0872,0.2092,48,384,0.05
2023-04-21,84.95,100,0.5,call,1.454,1.456,1.4415,1.4706,0.2202,43,602,0.05
2023-04-21,84.95,100,0.5,put,14.4601,14.4656,14.321,14.6102,0.2437,50,300,0.05
2023-04-21,84.95,105,0.5,call,2.0524,2.0503,2.0298,2.0708,0.3002,48,624,0.05
2023-04-21,84.95,105,0.5,put,19.6348,19.4831,19.2868,19.6795,0.307,48,864,0.05
2023-04-21,84.95,110,0.5,call,1.4771,1.4666,1.4519,1.4814,0.3063,34,340,0.05
2023-04-21,84.95,110,0.5,put,23.5469,23.5055,23.2701,23.741,0.2878,35,560,0.05
2023-04-22,82.42,90,0.08,call,0.3232,0.3285,0.3253,0.3317,0.2443,42,714,0.05
2023-04-22,82.42,90,0.08,put,7.6488,7.5989,7.5224,7.6753,0.2665,55,825,0.05
2023-04-22,82.42,95,0.08,call,0.387,0.3907,0.3868,0.3946,0.3659,49,588,0.05
2023-04-22,82.42,95,0.08,put,12.22,12.2519,12.1297,12.3741,0.2178,58,580,0.05
2023-04-22,82.42,100,0.08,call,0.0142,0.0142,0.0141,0.0144,0.2686,33,165,0.05
2023-04-22,82.42,100,0.08,put,17.186,17.0502,16.8783,17.222,0.2576,39,702,0.05
2023-04-22,82.42,105,0.08,call,0.0003,0.0003,0.0003,0.0003,0.2359,32,160,0.05
2023-04-22,82.42,105,0.08,put,22.1619,22.3622,22.1406,22.5838,0.2986,53,1007,0.05
2023-04-22,82.42,110,0.08,call,0.0019,0.0019,0.0019,0.002,0.3198,27,378,0.05
2023-04-22,82.42,110,0.08,put,27.14,27.5046,27.2332,27.776,0.3369,37,333,0.05
2023-04-22,82.42,90,0.25,call,1.361,1.3341,1.3205,1.3477,0.2188,60,960,0.05
2023-04-22,82.42,90,0.25,put,8.2449,8.3363,8.2538,8.4187,0.2496,50,800,0.05
2023-04-22,82.42,95,0.25,call,0.3575,0.3584,0.3548,0.362,0.1936,48,384,0.05
2023-04-22,82.42,95,0.25,put,12.2689,12.1044,11.9817,12.2271,0.2519,43,817,0.05
2023-04-22,82.42,100,0.25,call,0.766,0.77,0.7623,0.7776,0.3019,37,370,0.05
2023-04-22,82.42,100,0.25,put,16.7022,16.8137,16.6467,16.9807,0.2494,47,564,0.05
2023-04-22,82.42,105,0.25,call,0.0553,0.0555,0.055,0.0561,0.2135,50,400,0.05
2023-04-22,82.42,105,0.25,put,21.3851,21.1808,20.967,21.3947,0.2385,52,572,0.05
2023-04-22,82.42,110,0.25,call,0.0336,0.0338,0.0335,0.0342,0.2337,27,351,0.05
2023-04-22,82.42,110,0.25,put,26.9708,26.7075,26.4378,26.9772,0.4055,42,462,0.05
2023-04-22,82.42,90,0.5,call,6.2096,6.2437,6.1816,6.3058,0.3603,60,1140,0.05
2023-04-22,82.42,90,0.5,put,7.9401,7.8886,7.8092,7.968,0.2,41,410,0.05
2023-04-22,82.42,95,0.5,call,0.6919,0.6924,0.6855,0.6993,0.1544,52,468,0.05
2023-04-22,82.42,95,0.5,put,12.2195,12.1514,12.0292,12.2736,0.2315,49,686,0.05
2023-04-22,82.42,100,0.5,call,0.963,0.9707,0.961,0.9803,0.2181,38,342,0.05
2023-04-22,82.42,100,0.5,put,16.9018,16.7421,16.5731,16.9111,0.2713,40,240,0.05
2023-04-22,82.42,105,0.5,call,0.9605,0.962,0.9524,0.9716,0.2583,42,462,0.05
2023-04-22,82.42,105,0.5,put,21.2989,21.6524,21.4394,21.8653,0.2844,35,175,0.05
2023-04-22,82.42,110,0.5,call,1.6351,1.6655,1.6492,1.6819,0.3455,42,714,0.05
2023-04-22,82.42,110,0.5,put,25.2365,25.0912,24.8389,25.3436,0.2354,42,378,0.05
2023-04-23,82.4,90,0.08,call,0.1566,0.1554,0.1538,0.1569,0.2033,49,588,0.05
2023-04-23,82.4,90,0.08,put,7.4507,7.4796,7.4051,7.5541,0.2173,46,506,0.05
2023-04-23,82.4,95,0.08,call,0.0179,0.0178,0.0177,0.018,0.2104,44,792,0.05
2023-04-23,82.4,95,0.08,put,12.3237,12.3021,12.1788,12.4253,0.2729,47,846,0.05
2023-04-23,82.4,100,0.08,call,0.001,0.001,0.001,0.001,0.2096,42,714,0.05
2023-04-23,82.4,100,0.08,put,17.2111,17.114,16.9419,17.2861,0.2474,39,312,0.05
2023-04-23,82.4,105,0.08,call,0.0003,0.0003,0.0003,0.0003,0.2397,43,215,0.05
2023-04-23,82.4,105,0.08,put,22.1863,22.64,22.4182,22.8619,0.2696,25,475,0.05
2023-04-23,82.4,110,0.08,call,0.0001,0.0001,0.0001,0.0001,0.2613,32,352,0.05
2023-04-23,82.4,110,0.08,put,27.1647,27.1642,26.8925,27.4358,0.2426,39,195,0.05
2023-04-23,82.4,90,0.25,call,2.1838,2.1878,2.1659,2.2096,0.2777,32,448,0.05
2023-04-23,82.4,90,0.25,put,8.6129,8.3329,8.2468,8.4191,0.2738,38,722,0.05
2023-04-23,82.4,95,0.25,call,2.1167,2.1241,2.1029,2.1452,0.3556,50,400,0.05
2023-04-23,82.4,95,0.25,put,12.1628,12.044,11.9224,12.1656,0.239,55,935,0.05
2023-04-23,82.4,100,0.25,call,0.2708,0.2711,0.2684,0.2738,0.2329,35,560,0.05
2023-04-23,82.4,100,0.25,put,17.6827,17.6096,17.4328,17.7864,0.3589,38,266,0.05
2023-04-23,82.4,105,0.25,call,0.1634,0.1616,0.16,0.1633,0.2541,36,216,0.05
2023-04-23,82.4,105,0.25,put,21.4285,21.6323,21.418,21.8466,0.2438,26,312,0.05
2023-04-23,82.4,110,0.25,call,0.0027,0.0028,0.0027,0.0028,0.1813,41,656,0.05
2023-04-23,82.4,110,0.25,put,26.459,26.5487,26.2841,26.8133,0.311,33,561,0.05
2023-04-23,82.4,90,0.5,call,5.5855,5.5338,5.4779,5.5896,0.3337,49,392,0.05
2023-04-23,82.4,90,0.5,put,7.709,7.706,7.6289,7.783,0.1884,47,517,0.05
2023-04-23,82.4,95,0.5,call,0.3619,0.3621,0.3585,0.3657,0.1279,58,1102,0.05
2023-04-23,82.4,95,0.5,put,13.3719,13.2451,13.1114,13.3788,0.2881,45,360,0.05
2023-04-23,82.4,100,0.5,call,0.8059,0.8041,0.796,0.8121,0.2067,37,629,0.05
2023-04-23,82.4,100,0.5,put,17.198,17.1944,17.0224,17.3664,0.287,42,210,0.05
2023-04-23,82.4,105,0.5,call,0.5208,0.5197,0.5144,0.5249,0.2195,50,950,0.05
2023-04-23,82.4,105,0.5,put,20.699,20.3101,20.1031,20.5171,0.2356,36,288,0.05
2023-04-23,82.4,110,0.5,call,0.2544,0.2577,0.2552,0.2603,0.2176,42,588,0.05
2023-04-23,82.4,110,0.5,put,25.3494,25.4305,25.177,25.684,0.2463,31,589,0.05
2023-04-24,82.48,90,0.08,call,0.4053,0.4003,0.3963,0.4044,0.2597,55,880,0.05
2023-04-24,82.48,90,0.08,put,7.3406,7.3353,7.2619,7.4087,0.2083,40,280,0.05
2023-04-24,82.48,95,0.08,call,0.0383,0.0382,0.0378,0.0386,0.232,46,230,0.05
2023-04-24,82.48,95,0.08,put,12.2585,12.401,12.2784,12.5236,0.2803,40,680,0.05
2023-04-24,82.48,100,0.08,call,0.0056,0.0056,0.0055,0.0057,0.2426,51,255,0.05
2023-04-24,82.48,100,0.08,put,17.1837,17.3178,17.1459,17.4896,0.3266,32,480,0.05
2023-04-24,82.48,105,0.08,call,0.0126,0.0127,0.0125,0.0128,0.3232,51,357,0.05
2023-04-24,82.48,105,0.08,put,22.1003,22.1372,21.9162,22.3582,0.206,39,663,0.05
2023-04-24,82.48,110,0.08,call,0.0056,0.0056,0.0055,0.0057,0.3493,36,576,0.05
2023-04-24,82.48,110,0.08,put,27.0803,27.0467,26.7759,27.3175,0.208,34,442,0.05
2023-04-24,82.48,90,0.25,call,1.8486,1.8457,1.8272,1.8642,0.2528,42,756,0.05
2023-04-24,82.48,90,0.25,put,7.8482,7.8678,7.7894,7.9463,0.224,61,671,0.05
2023-04-24,82.48,95,0.25,call,0.7885,0.7923,0.7844,0.8002,0.2426,53,689,0.05
2023-04-24,82.48,95,0.25,put,13.1016,13.0849,12.9539,13.2159,0.327,46,368,0.05
2023-04-24,82.48,100,0.25,call,0.3209,0.3179,0.3147,0.3212,0.2408,47,846,0.05
2023-04-24,82.48,100,0.25,put,17.5666,17.2612,17.0855,17.4369,0.3545,54,324,0.05
2023-04-24,82.48,105,0.25,call,0.0979,0.098,0.097,0.099,0.2321,44,572,0.05
2023-04-24,82.48,105,0.25,put,21.3808,21.1523,20.9384,21.3661,0.2538,45,225,0.05
2023-04-24,82.48,110,0.25,call,0.028,0.0281,0.0278,0.0284,0.2281,37,629,0.05
2023-04-24,82.48,110,0.25,put,26.2643,26.7286,26.466,26.9912,0.2757,35,175,0.05
2023-04-24,82.48,90,0.5,call,4.8034,4.7756,4.7276,4.8237,0.298,55,440,0.05
2023-04-24,82.48,90,0.5,put,7.8127,7.7981,7.72,7.8762,0.1958,57,342,0.05
2023-04-24,82.48,95,0.5,call,3.6643,3.6136,3.5769,3.6502,0.313,35,490,0.05
2023-04-24,82.48,95,0.5,put,12.4184,12.5802,12.456,12.7044,0.2439,52,312,0.05
2023-04-24,82.48,100,0.5,call,1.2782,1.3034,1.2907,1.3162,0.2389,49,441,0.05
2023-04-24,82.48,100,0.5,put,15.5563,15.5465,15.3909,15.702,0.1805,34,578,0.05
2023-04-24,82.48,105,0.5,call,0.4063,0.4115,0.4074,0.4155,0.2062,38,456,0.05
2023-04-24,82.48,105,0.5,put,20.8208,20.8873,20.6791,21.0955,0.2523,44,308,0.05
2023-04-24,82.48,110,0.5,call,0.9822,0.9866,0.9767,0.9964,0.2962,52,416,0.05
2023-04-24,82.48,110,0.5,put,25.9385,25.8883,25.6289,26.1477,0.3085,35,595,0.05
2023-04-25,85.75,90,0.08,call,1.4104,1.4059,1.3918,1.42,0.299,66,528,0.05
2023-04-25,85.75,90,0.08,put,4.7993,4.8137,4.7657,4.8617,0.2387,52,728,0.05
2023-04-25,85.75,95,0.08,call,0.3836,0.3828,0.379,0.3867,0.2837,48,864,0.05
2023-04-25,85.75,95,0.08,put,9.088,9.1438,9.0529,9.2346,0.2445,48,240,0.05
2023-04-25,85.75,100,0.08,call,0.0234,0.0233,0.0231,0.0235,0.232,51,561,0.05
2023-04-25,85.75,100,0.08,put,13.8662,14.1377,13.9991,14.2764,0.2191,54,864,0.05
2023-04-25,85.75,105,0.08,call,0.0213,0.0215,0.0213,0.0217,0.2924,46,368,0.05
2023-04-25,85.75,105,0.08,put,18.8318,19.0768,18.8885,19.2652,0.2039,39,312,0.05
2023-04-25,85.75,110,0.08,call,0.0001,0.0001,0.0001,0.0001,0.2235,35,280,0.05
2023-04-25,85.75,110,0.08,put,23.8116,23.7187,23.4806,23.9568,0.2285,36,576,0.05
2023-04-25,85.75,90,0.25,call,2.9203,2.863,2.8338,2.8922,0.2474,41,246,0.05
2023-04-25,85.75,90,0.25,put,6.0008,5.9707,5.9107,6.0307,0.2443,52,728,0.05
2023-04-25,85.75,95,0.25,call,1.3816,1.373,1.3592,1.3868,0.2378,42,420,0.05
2023-04-25,85.75,95,0.25,put,9.9918,9.9641,9.8642,10.0641,0.2764,47,517,0.05
2023-04-25,85.75,100,0.25,call,0.4837,0.4751,0.4703,0.48,0.2209,49,784,0.05
2023-04-25,85.75,100,0.25,put,14.4207,14.412,14.2678,14.5562,0.311,42,798,0.05
2023-04-25,85.75,105,0.25,call,0.1024,0.1014,0.1003,0.1024,0.1995,36,360,0.05
2023-04-25,85.75,105,0.25,put,18.2712,18.2295,18.0468,18.4122,0.2493,45,630,0.05
2023-04-25,85.75,110,0.25,call,0.0059,0.0058,0.0058,0.0059,0.1682,38,266,0.05
2023-04-25,85.75,110,0.25,put,23.0464,22.874,22.6435,23.1044,0.2578,43,817,0.05
2023-04-25,85.75,90,0.5,call,5.0602,5.0802,5.0296,5.1308,0.2463,55,385,0.05
2023-04-25,85.75,90,0.5,put,5.6403,5.5648,5.5084,5.6212,0.1862,62,992,0.05
2023-04-25,85.75,95,0.5,call,5.4782,5.5328,5.478,5.5876,0.3383,58,406,0.05
2023-04-25,85.75,95,0.5,put,9.4895,9.4842,9.3893,9.5791,0.2126,51,510,0.05
2023-04-25,85.75,100,0.5,call,1.716,1.716,1.6988,1.7332,0.2249,57,627,0.05
2023-04-25,85.75,100,0.5,put,13.9344,14.0194,13.8801,14.1588,0.2478,49,392,0.05
2023-04-25,85.75,105,0.5,call,2.844,2.8455,2.8171,2.874,0.332,39,468,0.05
2023-04-25,85.75,105,0.5,put,17.2519,17.0613,16.8888,17.2339,0.1942,41,697,0.05
2023-04-25,85.75,110,0.5,call,1.1744,1.1722,1.1605,1.184,0.2768,42,798,0.05
2023-04-25,85.75,110,0.5,put,22.4291,22.5031,22.2788,22.7274,0.2557,39,624,0.05
2023-04-26,85.5,90,0.08,call,0.8554,0.8572,0.8486,0.8657,0.2403,40,640,0.05
2023-04-26,85.5,90,0.08,put,5.1711,5.2609,5.2092,5.3126,0.262,40,480,0.05
2023-04-26,85.5,95,0.08,call,0.0752,0.0761,0.0753,0.0768,0.2006,34,544,0.05
2023-04-26,85.5,95,0.08,put,9.3575,9.4489,9.3553,9.5425,0.2546,45,270,0.05
2023-04-26,85.5,100,0.08,call,0.0609,0.0607,0.0601,0.0613,0.2707,50,550,0.05
2023-04-26,85.5,100,0.08,put,14.282,14.3451,14.2023,14.488,0.3277,48,288,0.05
2023-04-26,85.5,105,0.08,call,0.0002,0.0002,0.0002,0.0002,0.1947,33,297,0.05
2023-04-26,85.5,105,0.08,put,19.0845,19.0856,18.8947,19.2764,0.1774,42,756,0.05
2023-04-26,85.5,110,0.08,call,0.0001,0.0001,0.0001,0.0001,0.2326,50,600,0.05
2023-04-26,85.5,110,0.08,put,24.0669,23.9126,23.672,24.1533,0.287,44,220,0.05
2023-04-26,85.5,90,0.25,call,2.8282,2.7998,2.7715,2.8281,0.2481,50,450,0.05
2023-04-26,85.5,90,0.25,put,5.8076,5.8619,5.8038,5.9199,0.2234,51,357,0.05
2023-04-26,85.5,95,0.25,call,0.829,0.8376,0.8293,0.8459,0.198,58,580,0.05
2023-04-26,85.5,95,0.25,put,10.0795,10.0859,9.9851,10.1867,0.2697,48,384,0.05
2023-04-26,85.5,100,0.25,call,0.7999,0.7841,0.7761,0.7921,0.2596,44,616,0.05
2023-04-26,85.5,100,0.25,put,13.6841,13.7528,13.6159,13.8896,0.2165,44,792,0.05
2023-04-26,85.5,105,0.25,call,0.2788,0.2832,0.2804,0.286,0.2441,36,504,0.05
2023-04-26,85.5,105,0.25,put,18.5216,18.5323,18.3471,18.7175,0.2519,46,736,0.05
2023-04-26,85.5,110,0.25,call,0.2939,0.2927,0.2898,0.2957,0.2915,33,264,0.05
2023-04-26,85.5,110,0.25,put,23.3193,23.5669,23.3337,23.8001,0.266,54,864,0.05
2023-04-26,85.5,90,0.5,call,3.547,3.4868,3.4513,3.5223,0.1883,48,288,0.05
2023-04-26,85.5,90,0.5,put,8.5653,8.4392,8.3535,8.5248,0.3021,55,825,0.05
2023-04-26,85.5,95,0.5,call,2.8761,2.8324,2.8037,2.8612,0.2297,47,893,0.05
2023-04-26,85.5,95,0.5,put,9.0746,9.0187,8.928,9.1095,0.1851,55,330,0.05
2023-04-26,85.5,100,0.5,call,2.1312,2.1385,2.1172,2.1598,0.25,57,855,0.05
2023-04-26,85.5,100,0.5,put,15.3755,15.09,14.9363,15.2438,0.3091,43,559,0.05
2023-04-26,85.5,105,0.5,call,1.0727,1.057,1.0463,1.0677,0.2335,46,828,0.05
2023-04-26,85.5,105,0.5,put,18.8739,19.0106,18.8219,19.1993,0.2884,43,387,0.05
2023-04-26,85.5,110,0.5,call,0.7882,0.8025,0.7947,0.8104,0.2494,30,450,0.05
2023-04-26,85.5,110,0.5,put,22.6996,22.611,22.384,22.8379,0.2596,41,697,0.05
2023-04-27,85.91,90,0.08,call,1.2182,1.2263,1.2141,1.2385,0.2708,49,882,0.05
2023-04-27,85.91,90,0.08,put,4.2881,4.2562,4.2134,4.2991,0.1874,44,528,0.05
2023-04-27,85.91,95,0.08,call,0.1791,0.1799,0.1781,0.1817,0.2303,42,714,0.05
2023-04-27,85.91,95,0.08,put,9.0187,8.9886,8.8984,9.0788,0.2633,52,936,0.05
2023-04-27,85.91,100,0.08,call,0.2356,0.2386,0.2363,0.241,0.339,51,969,0.05
2023-04-27,85.91,100,0.08,put,13.7449,13.6766,13.5391,13.814,0.2584,46,828,0.05
2023-04-27,85.91,105,0.08,call,0.0741,0.0728,0.072,0.0735,0.3441,35,630,0.05
2023-04-27,85.91,105,0.08,put,18.6809,19.1245,18.9377,19.3113,0.2656,47,846,0.05
2023-04-27,85.91,110,0.08,call,0.0,0.0,0.0,0.0,0.1816,53,636,0.05
2023-04-27,85.91,110,0.08,put,23.6512,23.3462,23.1097,23.5827,0.2222,39,507,0.05
2023-04-27,85.91,90,0.25,call,3.648,3.6738,3.6373,3.7102,0.2867,48,624,0.05
2023-04-27,85.91,90,0.25,put,5.7516,5.7523,5.6948,5.8098,0.2351,49,931,0.05
2023-04-27,85.91,95,0.25,call,0.7775,0.7839,0.7762,0.7917,0.1868,57,513,0.05
2023-04-27,85.91,95,0.25,put,10.2097,10.4347,10.3326,10.5368,0.2989,56,504,0.05
2023-04-27,85.91,100,0.25,call,1.0999,1.1118,1.1008,1.1228,0.2816,50,800,0.05
2023-04-27,85.91,100,0.25,put,13.0419,12.8901,12.7597,13.0205,0.1757,42,462,0.05
2023-04-27,85.91,105,0.25,call,0.3055,0.3058,0.3028,0.3089,0.2439,46,782,0.05
2023-04-27,85.91,105,0.25,put,18.0248,17.9741,17.7939,18.1544,0.2315,53,530,0.05
2023-04-27,85.91,110,0.25,call,0.1024,0.1022,0.1012,0.1032,0.237,34,442,0.05
2023-04-27,85.91,110,0.25,put,22.845,22.7207,22.4923,22.9492,0.2436,38,342,0.05
2023-04-27,85.91,90,0.5,call,3.539,3.4767,3.4413,3.5121,0.1802,45,675,0.05
2023-04-27,85.91,90,0.5,put,6.0704,6.1727,6.112,6.2334,0.2076,54,432,0.05
2023-04-27,85.91,95,0.5,call,4.9148,4.8824,4.8332,4.9315,0.3116,40,600,0.05
2023-04-27,85.91,95,0.5,put,11.0622,11.0614,10.9508,11.172,0.2862,49,245,0.05
2023-04-27,85.91,100,0.5,call,1.1365,1.1269,1.1156,1.1383,0.19,44,484,0.05
2023-04-27,85.91,100,0.5,put,15.5732,15.63,15.4742,15.7857,0.331,41,615,0.05
2023-04-27,85.91,105,0.5,call,2.9145,2.9631,2.934,2.9923,0.3335,44,440,0.05
2023-04-27,85.91,105,0.5,put,17.5485,17.5471,17.3716,17.7226,0.2276,60,660,0.05
2023-04-27,85.91,110,0.5,call,0.946,0.9482,0.9388,0.9577,0.2581,35,455,0.05
2023-04-27,85.91,110,0.5,put,21.8413,21.797,21.5785,22.0154,0.2151,29,232,0.05
2023-04-28,85.87,90,0.08,call,0.8694,0.8719,0.8632,0.8806,0.2298,52,260,0.05
2023-04-28,85.87,90,0.08,put,5.0661,5.1245,5.0738,5.1751,0.2812,65,780,0.05
2023-04-28,85.87,95,0.08,call,0.0335,0.0336,0.0333,0.0339,0.1688,27,459,0.05
2023-04-28,85.87,95,0.08,put,8.8079,8.8569,8.7688,8.945,0.1838,42,546,0.05
2023-04-28,85.87,100,0.08,call,0.0145,0.0145,0.0143,0.0146,0.2167,34,374,0.05
2023-04-28,85.87,100,0.08,put,13.8261,13.9638,13.8255,14.102,0.2842,36,540,0.05
2023-04-28,85.87,105,0.08,call,0.0081,0.008,0.008,0.0081,0.2608,39,585,0.05
2023-04-28,85.87,105,0.08,put,18.7408,18.2895,18.1021,18.4769,0.3023,36,612,0.05
2023-04-28,85.87,110,0.08,call,0.001,0.001,0.0009,0.001,0.2619,40,640,0.05
2023-04-28,85.87,110,0.08,put,23.7036,23.7257,23.4886,23.9627,0.3277,36,288,0.05
2023-04-28,85.87,90,0.25,call,3.1852,3.1908,3.159,3.2227,0.2603,40,480,0.05
2023-04-28,85.87,90,0.25,put,6.2269,6.2004,6.1381,6.2626,0.262,38,608,0.05
2023-04-28,85.87,95,0.25,call,1.6244,1.6473,1.6311,1.6635,0.2533,48,384,0.05
2023-04-28,85.87,95,0.25,put,8.9941,8.8606,8.7707,8.9506,0.2096,48,384,0.05
2023-04-28,85.87,100,0.25,call,0.0116,0.0115,0.0114,0.0116,0.1134,45,765,0.05
2023-04-28,85.87,100,0.25,put,13.6964,13.695,13.5581,13.832,0.2548,46,736,0.05
2023-04-28,85.87,105,0.25,call,0.5341,0.534,0.5286,0.5393,0.2789,41,410,0.05
2023-04-28,85.87,105,0.25,put,17.9234,17.8755,17.6962,18.0547,0.1964,57,1083,0.05
2023-04-28,85.87,110,0.25,call,0.0042,0.0042,0.0042,0.0043,0.1619,38,532,0.05
2023-04-28,85.87,110,0.25,put,22.8674,22.7218,22.4931,22.9505,0.2377,51,306,0.05
2023-04-28,85.87,90,0.5,call,3.7765,3.7499,3.7121,3.7877,0.1908,48,576,0.05
2023-04-28,85.87,90,0.5,put,6.2189,6.2178,6.1556,6.28,0.2129,46,644,0.05
2023-04-28,85.87,95,0.5,call,4.5994,4.5043,4.4583,4.5503,0.2989,49,245,0.05
2023-04-28,85.87,95,0.5,put,8.9683,8.9767,8.887,9.0664,0.1924,44,484,0.05
2023-04-28,85.87,100,0.5,call,2.0486,2.0701,2.0496,2.0906,0.2409,41,697,0.05
2023-04-28,85.87,100,0.5,put,14.2222,14.0932,13.951,14.2354,0.2665,43,817,0.05
2023-04-28,85.87,105,0.5,call,0.5025,0.4999,0.4948,0.5049,0.1848,35,490,0.05
2023-04-28,85.87,105,0.5,put,17.7534,17.6863,17.5087,17.8638,0.239,33,264,0.05
2023-04-28,85.87,110,0.5,call,1.4324,1.4213,1.407,1.4357,0.2932,59,944,0.05
2023-04-28,85.87,110,0.5,put,21.7756,22.0148,21.7971,22.2326,0.2033,38,190,0.05
2023-04-29,84.31,90,0.08,call,0.8525,0.8451,0.8366,0.8537,0.2782,61,427,0.05
2023-04-29,84.31,90,0.08,put,5.5195,5.4378,5.3826,5.493,0.1671,62,372,0.05
2023-04-29,84.31,95,0.08,call,0.0313,0.0314,0.0311,0.0317,0.1939,48,384,0.05
2023-04-29,84.31,95,0.08,put,10.4657,10.3804,10.2758,10.4851,0.2567,49,392,0.05
2023-04-29,84.31,100,0.08,call,0.0051,0.0052,0.0051,0.0052,0.2148,48,768,0.05
2023-04-29,84.31,100,0.08,put,15.3228,15.3793,15.2261,15.5326,0.2652,50,750,0.05
2023-04-29,84.31,105,0.08,call,0.069,0.0685,0.0679,0.0692,0.3683,38,266,0.05
2023-04-29,84.31,105,0.08,put,20.2793,20.228,20.0252,20.4308,0.2823,32,576,0.05
2023-04-29,84.31,110,0.08,call,0.0,0.0,0.0,0.0,0.191,47,658,0.05
2023-04-29,84.31,110,0.08,put,25.261,25.3613,25.1087,25.6139,0.3424,46,460,0.05
2023-04-29,84.31,90,0.25,call,1.9314,1.9689,1.9496,1.9882,0.2194,36,684,0.05
2023-04-29,84.31,90,0.25,put,6.9456,7.057,6.9876,7.1265,0.2478,59,767,0.05
2023-04-29,84.31,95,0.25,call,0.4413,0.4385,0.4341,0.4429,0.1778,47,470,0.05
2023-04-29,84.31,95,0.25,put,10.4753,10.4223,10.3176,10.5271,0.2294,46,828,0.05
2023-04-29,84.31,100,0.25,call,1.9269,1.9094,1.8901,1.9287,0.3773,34,476,0.05
2023-04-29,84.31,100,0.25,put,14.7312,14.7191,14.5718,14.8664,0.2111,49,539,0.05
2023-04-29,84.31,105,0.25,call,0.8647,0.8557,0.847,0.8643,0.3407,45,855,0.05
2023-04-29,84.31,105,0.25,put,19.5104,19.6697,19.4746,19.8648,0.2216,34,408,0.05
2023-04-29,84.31,110,0.25,call,0.2295,0.2256,0.2233,0.2279,0.2911,45,405,0.05
2023-04-29,84.31,110,0.25,put,24.4552,24.6841,24.4396,24.9287,0.2637,32,544,0.05
2023-04-29,84.31,90,0.5,call,5.7768,5.7814,5.7236,5.8391,0.3047,43,645,0.05
2023-04-29,84.31,90,0.5,put,10.453,10.6124,10.5078,10.7169,0.3556,51,867,0.05
2023-04-29,84.31,95,0.5,call,1.9338,1.9459,1.9265,1.9652,0.2025,43,387,0.05
2023-04-29,84.31,95,0.5,put,11.3742,11.1981,11.0844,11.3119,0.2549,53,636,0.05
2023-04-29,84.31,100,0.5,call,2.5789,2.615,2.5892,2.6408,0.2888,40,640,0.05
2023-04-29,84.31,100,0.5,put,14.8849,14.7548,14.606,14.9037,0.24,48,912,0.05
2023-04-29,84.31,105,0.5,call,0.7407,0.7467,0.7393,0.7542,0.2209,40,680,0.05
2023-04-29,84.31,105,0.5,put,20.3304,20.2657,20.0624,20.469,0.3182,39,234,0.05
2023-04-29,84.31,110,0.5,call,0.533,0.5296,0.5243,0.535,0.2367,46,828,0.05
2023-04-29,84.31,110,0.5,put,23.4867,23.5569,23.322,23.7918,0.2345,30,570,0.05
2023-04-30,85.85,90,0.08,call,1.5309,1.5068,1.4915,1.5222,0.3093,44,616,0.05
2023-04-30,85.85,90,0.08,put,5.3872,5.3825,5.3286,5.4364,0.3164,72,792,0.05
2023-04-30,85.85,95,0.08,call,0.5019,0.5016,0.4966,0.5066,0.3045,57,285,0.05
2023-04-30,85.85,95,0.08,put,9.3971,9.3924,9.2984,9.4864,0.3262,51,510,0.05
2023-04-30,85.85,100,0.08,call,0.0389,0.0385,0.0381,0.0389,0.2472,41,738,0.05
2023-04-30,85.85,100,0.08,put,13.7577,13.6921,13.5545,13.8297,0.1887,47,470,0.05
2023-04-30,85.85,105,0.08,call,0.0176,0.017,0.0168,0.0172,0.2843,41,615,0.05
2023-04-30,85.85,105,0.08,put,18.7418,18.7135,18.5261,18.9009,0.2608,45,270,0.05
2023-04-30,85.85,110,0.08,call,0.0019,0.0019,0.0019,0.0019,0.2766,36,324,0.05
2023-04-30,85.85,110,0.08,put,23.734,23.4502,23.2129,23.6876,0.3474,41,738,0.05
2023-04-30,85.85,90,0.25,call,2.6667,2.6151,2.5884,2.6418,0.2298,40,760,0.05
2023-04-30,85.85,90,0.25,put,6.5423,6.45,6.3845,6.5154,0.28,49,686,0.05
2023-04-30,85.85,95,0.25,call,0.2687,0.264,0.2613,0.2667,0.1353,48,912,0.05
2023-04-30,85.85,95,0.25,put,9.7648,9.7832,9.6856,9.8809,0.2656,40,480,0.05
2023-04-30,85.85,100,0.25,call,0.7231,0.7229,0.7157,0.7302,0.2465,45,450,0.05
2023-04-30,85.85,100,0.25,put,14.9083,14.6534,14.5044,14.8025,0.355,44,220,0.05
2023-04-30,85.85,105,0.25,call,0.5508,0.5462,0.5406,0.5517,0.2814,41,656,0.05
2023-04-30,85.85,105,0.25,put,18.7587,18.9421,18.7545,19.1297,0.3233,35,315,0.05
2023-04-30,85.85,110,0.25,call,0.1208,0.1208,0.1196,0.122,0.2441,33,231,0.05
2023-04-30,85.85,110,0.25,put,22.9747,22.8046,22.5748,23.0343,0.2637,36,684,0.05
2023-04-30,85.85,90,0.5,call,3.0271,2.9968,2.9666,3.0271,0.16,47,564,0.05
2023-04-30,85.85,90,0.5,put,5.6742,5.6593,5.6025,5.716,0.1898,48,624,0.05
2023-04-30,85.85,95,0.5,call,4.1604,4.1679,4.1263,4.2095,0.2805,45,765,0.05
2023-04-30,85.85,95,0.5,put,12.4258,12.4526,12.3284,12.5769,0.3424,47,846,0.05
2023-04-30,85.85,100,0.5,call,3.056,3.0572,3.0266,3.0878,0.2906,47,376,0.05
2023-04-30,85.85,100,0.5,put,13.5713,13.5555,13.4198,13.6912,0.2328,51,816,0.05
2023-04-30,85.85,105,0.5,call,2.1872,2.1715,2.1496,2.1933,0.2964,44,308,0.05
2023-04-30,85.85,105,0.5,put,17.9402,18.0984,17.919,18.2778,0.2498,36,576,0.05
2023-04-30,85.85,110,0.5,call,0.1754,0.1754,0.1736,0.1771,0.1762,41,328,0.05
2023-04-30,85.85,110,0.5,put,21.8592,22.082,21.8634,22.3005,0.2107,40,440,0.05
2023-05-01,86.88,90,0.08,call,1.1503,1.1467,1.1352,1.1583,0.228,50,350,0.05
2023-05-01,86.88,90,0.08,put,4.3792,4.3607,4.3169,4.4045,0.2793,47,235,0.05
2023-05-01,86.88,95,0.08,call,0.5154,0.5187,0.5135,0.5238,0.2802,48,384,0.05
2023-05-01,86.88,95,0.08,put,8.0628,8.1035,8.0229,8.1841,0.2426,41,451,0.05
2023-05-01,86.88,100,0.08,call,0.0827,0.0823,0.0815,0.0831,0.2593,42,630,0.05
2023-05-01,86.88,100,0.08,put,12.8732,12.7752,12.6465,12.9039,0.2889,48,336,0.05
2023-05-01,86.88,105,0.08,call,0.0001,0.0001,0.0001,0.0001,0.1711,51,867,0.05
2023-05-01,86.88,105,0.08,put,17.7219,17.4677,17.2905,17.6449,0.2683,57,969,0.05
2023-05-01,86.88,110,0.08,call,0.0311,0.0307,0.0304,0.031,0.3501,28,196,0.05
2023-05-01,86.88,110,0.08,put,22.6849,22.5902,22.3633,22.817,0.2208,41,656,0.05
2023-05-01,86.88,90,0.25,call,2.7003,2.7269,2.6999,2.7539,0.2063,63,1071,0.05
2023-05-01,86.88,90,0.25,put,6.242,6.2509,6.1885,6.3133,0.2956,54,810,0.05
2023-05-01,86.88,95,0.25,call,2.0188,2.043,2.0228,2.0631,0.2609,52,676,0.05
2023-05-01,86.88,95,0.25,put,9.9857,9.871,9.7711,9.9708,0.3264,42,336,0.05
2023-05-01,86.88,100,0.25,call,1.165,1.1637,1.152,1.1753,0.2718,51,663,0.05
2023-05-01,86.88,100,0.25,put,11.9519,11.9389,11.8193,12.0584,0.1353,53,318,0.05
2023-05-01,86.88,105,0.25,call,0.4853,0.4907,0.4859,0.4956,0.2591,35,280,0.05
2023-05-01,86.88,105,0.25,put,17.3274,17.4139,17.2406,17.5871,0.2622,53,636,0.05
2023-05-01,86.88,110,0.25,call,0.2805,0.2825,0.2797,0.2853,0.2728,36,252,0.05
2023-05-01,86.88,110,0.25,put,21.9811,22.0778,21.858,22.2976,0.2608,38,608,0.05
2023-05-01,86.88,90,0.5,call,4.9103,4.9259,4.8768,4.975,0.2174,50,350,0.05
2023-05-01,86.88,90,0.5,put,7.1185,7.0929,7.0217,7.1641,0.2707,45,360,0.05
2023-05-01,86.88,95,0.5,call,3.6011,3.6163,3.5803,3.6523,0.2396,59,295,0.05
2023-05-01,86.88,95,0.5,put,9.2496,9.1965,9.104,9.289,0.234,60,660,0.05
2023-05-01,86.88,100,0.5,call,2.3527,2.3741,2.3505,2.3976,0.2427,40,560,0.05
2023-05-01,86.88,100,0.5,put,12.3335,12.2508,12.1274,12.3741,0.2088,46,690,0.05
2023-05-01,86.88,105,0.5,call,1.8551,1.8617,1.8432,1.8803,0.2656,50,400,0.05
2023-05-01,86.88,105,0.5,put,17.1594,17.4168,17.2452,17.5884,0.2528,37,222,0.05
2023-05-01,86.88,110,0.5,call,0.4311,0.4338,0.4295,0.4381,0.2027,42,210,0.05
2023-05-01,86.88,110,0.5,put,21.3958,21.4847,21.2707,21.6987,0.2515,40,600,0.05
2023-05-02,87.97,90,0.08,call,2.3909,2.4749,2.451,2.4988,0.315,43,430,0.05
2023-05-02,87.97,90,0.08,put,3.5911,3.5306,3.4947,3.5665,0.2669,41,738,0.05
2023-05-02,87.97,95,0.08,call,0.626,0.6322,0.6259,0.6384,0.269,50,750,0.05
2023-05-02,87.97,95,0.08,put,6.9975,7.0488,6.9788,7.1187,0.222,59,472,0.05
2023-05-02,87.97,100,0.08,call,0.0909,0.0918,0.0909,0.0927,0.2433,46,368,0.05
2023-05-02,87.97,100,0.08,put,11.7191,11.8083,11.6911,11.9255,0.2428,45,540,0.05
2023-05-02,87.97,105,0.08,call,0.0741,0.0752,0.0744,0.0759,0.3082,33,297,0.05
2023-05-02,87.97,105,0.08,put,16.6403,16.6437,16.4773,16.8101,0.2717,38,494,0.05
2023-05-02,87.97,110,0.08,call,0.0045,0.0046,0.0045,0.0046,0.2706,35,245,0.05
2023-05-02,87.97,110,0.08,put,21.5894,21.4445,21.2286,21.6604,0.2178,35,385,0.05
2023-05-02,87.97,90,0.25,call,3.8189,3.764,3.7258,3.8022,0.2416,46,828,0.05
2023-05-02,87.97,90,0.25,put,5.3603,5.3397,5.2861,5.3933,0.2776,40,520,0.05
2023-05-02,87.97,95,0.25,call,2.9016,2.9075,2.8785,2.9365,0.2939,39,507,0.05
2023-05-02,87.97,95,0.25,put,7.8211,7.8486,7.7704,7.9268,0.236,53,954,0.05
2023-05-02,87.97,100,0.25,call,0.819,0.8131,0.8049,0.8213,0.2243,36,684,0.05
2023-05-02,87.97,100,0.25,put,11.905,11.8541,11.7351,11.9732,0.2503,40,320,0.05
2023-05-02,87.97,105,0.25,call,0.8969,0.9083,0.8993,0.9173,0.291,50,700,0.05
2023-05-02,87.97,105,0.25,put,16.6114,16.5233,16.3572,16.6894,0.2901,55,495,0.05
2023-05-02,87.97,110,0.25,call,0.1464,0.1458,0.1443,0.1472,0.2299,37,666,0.05
2023-05-02,87.97,110,0.25,put,20.9426,20.584,20.3746,20.7935,0.2603,44,748,0.05
2023-05-02,87.97,90,0.5,call,5.5377,5.6446,5.5892,5.6999,0.2197,60,720,0.05
2023-05-02,87.97,90,0.5,put,6.9995,6.9972,6.9272,7.0672,0.2867,42,714,0.05
2023-05-02,87.97,95,0.5,call,6.0452,5.9714,5.911,6.0319,0.3216,55,1045,0.05
2023-05-02,87.97,95,0.5,put,10.1537,10.0054,9.9038,10.1069,0.2983,35,665,0.05
2023-05-02,87.97,100,0.5,call,2.9684,2.9877,2.958,3.0174,0.2562,61,976,0.05
2023-05-02,87.97,100,0.5,put,12.4939,12.6313,12.5063,12.7562,0.2547,45,585,0.05
2023-05-02,87.97,105,0.5,call,3.7272,3.7493,3.712,3.7866,0.3441,44,352,0.05
2023-05-02,87.97,105,0.5,put,17.467,17.5504,17.3757,17.7251,0.3116,43,387,0.05
2023-05-02,87.97,110,0.5,call,1.9591,1.9659,1.9463,1.9855,0.3016,40,440,0.05
2023-05-02,87.97,110,0.5,put,20.0494,20.0057,19.8052,20.2062,0.2212,43,731,0.05
2023-05-03,86.73,90,0.08,call,1.0142,1.0378,1.0276,1.0479,0.2178,57,513,0.05
2023-05-03,86.73,90,0.08,put,4.466,4.448,4.4033,4.4926,0.2784,37,333,0.05
2023-05-03,86.73,95,0.08,call,0.2955,0.2956,0.2927,0.2986,0.2412,56,392,0.05
2023-05-03,86.73,95,0.08,put,8.284,8.3761,8.2933,8.4589,0.261,60,300,0.05
2023-05-03,86.73,100,0.08,call,0.2768,0.2775,0.2748,0.2803,0.3336,40,280,0.05
2023-05-03,86.73,100,0.08,put,13.0176,12.8413,12.7111,12.9715,0.2902,39,351,0.05
2023-05-03,86.73,105,0.08,call,0.0282,0.0285,0.0282,0.0288,0.2875,38,646,0.05
2023-05-03,86.73,105,0.08,put,17.8925,17.6455,17.4666,17.8244,0.3001,42,630,0.05
2023-05-03,86.73,110,0.08,call,0.0001,0.0001,0.0001,0.0001,0.2096,45,855,0.05
2023-05-03,86.73,110,0.08,put,22.8336,22.7547,22.5264,22.9831,0.1853,32,320,0.05
2023-05-03,86.73,90,0.25,call,2.4891,2.4949,2.47,2.5198,0.1977,51,459,0.05
2023-05-03,86.73,90,0.25,put,5.4019,5.316,5.2619,5.37,0.2421,43,559,0.05
2023-05-03,86.73,95,0.25,call,1.7994,1.8093,1.7913,1.8273,0.2491,49,931,0.05
2023-05-03,86.73,95,0.25,put,9.4775,9.3691,9.2743,9.4638,0.2879,55,330,0.05
2023-05-03,86.73,100,0.25,call,1.79,1.7912,1.7733,1.8091,0.3238,46,506,0.05
2023-05-03,86.73,100,0.25,put,13.4608,13.4064,13.2718,13.541,0.296,52,364,0.05
2023-05-03,86.73,105,0.25,call,0.6718,0.6679,0.6612,0.6746,0.2844,28,308,0.05
2023-05-03,86.73,105,0.25,put,17.1878,17.4292,17.2573,17.6011,0.2182,39,390,0.05
2023-05-03,86.73,110,0.25,call,0.1009,0.1015,0.1005,0.1025,0.2283,42,504,0.05
2023-05-03,86.73,110,0.25,put,22.0129,22.3813,22.1611,22.6014,0.2303,33,297,0.05
2023-05-03,86.73,90,0.5,call,4.2864,4.328,4.2851,4.3708,0.1949,56,784,0.05
2023-05-03,86.73,90,0.5,put,6.0583,6.084,6.0234,6.1446,0.2244,52,832,0.05
2023-05-03,86.73,95,0.5,call,4.1496,4.1874,4.1459,4.2289,0.2653,62,558,0.05
2023-05-03,86.73,95,0.5,put,8.9386,8.9531,8.8637,9.0425,0.2166,42,504,0.05
2023-05-03,86.73,100,0.5,call,0.949,0.9467,0.9372,0.9562,0.1692,40,520,0.05
2023-05-03,86.73,100,0.5,put,13.8143,14.0989,13.9608,14.2371,0.2759,47,282,0.05
2023-05-03,86.73,105,0.5,call,0.7406,0.7411,0.7337,0.7485,0.1966,55,330,0.05
2023-05-03,86.73,105,0.5,put,18.2566,17.9378,17.7553,18.1204,0.3056,44,484,0.05
2023-05-03,86.73,110,0.5,call,1.602,1.6213,1.6053,1.6374,0.2946,46,414,0.05
2023-05-03,86.73,110,0.5,put,21.2828,21.3479,21.1351,21.5608,0.2322,42,714,0.05
2023-05-04,88.67,90,0.08,call,1.6747,1.679,1.6623,1.6958,0.2112,44,704,0.05
2023-05-04,88.67,90,0.08,put,3.3987,3.3888,3.3548,3.4228,0.2872,48,768,0.05
2023-05-04,88.67,95,0.08,call,0.7938,0.8013,0.7933,0.8092,0.2735,46,598,0.05
2023-05-04,88.67,95,0.08,put,7.1827,7.2176,7.1457,7.2894,0.3304,50,950,0.05
2023-05-04,88.67,100,0.08,call,0.0532,0.0532,0.0527,0.0537,0.21,57,1083,0.05
2023-05-04,88.67,100,0.08,put,11.016,10.8793,10.7691,10.9894,0.2282,48,288,0.05
2023-05-04,88.67,105,0.08,call,0.0079,0.0079,0.0078,0.008,0.2214,42,798,0.05
2023-05-04,88.67,105,0.08,put,15.9097,15.7939,15.6348,15.953,0.1459,44,440,0.05
2023-05-04,88.67,110,0.08,call,0.0062,0.0061,0.0061,0.0062,0.2695,42,756,0.05
2023-05-04,88.67,110,0.08,put,20.8917,21.2413,21.0324,21.4503,0.2427,36,684,0.05
2023-05-04,88.67,90,0.25,call,5.6143,5.5947,5.5385,5.6508,0.3233,57,285,0.05
2023-05-04,88.67,90,0.25,put,6.3363,6.3071,6.2437,6.3704,0.3523,51,255,0.05
2023-05-04,88.67,95,0.25,call,1.0884,1.0903,1.0794,1.1012,0.1639,43,559,0.05
2023-05-04,88.67,95,0.25,put,6.9866,7.0764,7.0065,7.1462,0.2134,47,470,0.05
2023-05-04,88.67,100,0.25,call,1.1586,1.1666,1.1551,1.1782,0.2422,53,795,0.05
2023-05-04,88.67,100,0.25,put,11.2961,11.2805,11.1675,11.3934,0.2462,44,220,0.05
2023-05-04,88.67,105,0.25,call,0.6042,0.6007,0.5946,0.6067,0.2502,46,460,0.05
2023-05-04,88.67,105,0.25,put,15.0721,15.2114,15.0607,15.3621,0.1497,46,368,0.05
2023-05-04,88.67,110,0.25,call,0.146,0.1449,0.1434,0.1463,0.2225,44,660,0.05
2023-05-04,88.67,110,0.25,put,20.1059,20.0793,19.8782,20.2804,0.2218,50,950,0.05
2023-05-04,88.67,90,0.5,call,6.1996,6.2719,6.2099,6.3339,0.231,52,728,0.05
2023-05-04,88.67,90,0.5,put,5.4235,5.3893,5.335,5.4435,0.2357,51,663,0.05
2023-05-04,88.67,95,0.5,call,5.3222,5.2864,5.2332,5.3396,0.2796,43,731,0.05
2023-05-04,88.67,95,0.5,put,10.6481,10.5563,10.4498,10.6628,0.3335,55,660,0.05
2023-05-04,88.67,100,0.5,call,4.6339,4.5928,4.5464,4.6391,0.3179,54,756,0.05
2023-05-04,88.67,100,0.5,put,10.1392,10.169,10.0676,10.2704,0.1657,45,450,0.05
2023-05-04,88.67,105,0.5,call,3.5505,3.5442,3.5087,3.5797,0.3262,44,572,0.05
2023-05-04,88.67,105,0.5,put,16.5058,16.3815,16.2165,16.5466,0.2898,42,294,0.05
2023-05-04,88.67,110,0.5,call,3.7339,3.6996,3.6623,3.737,0.3831,45,225,0.05
2023-05-04,88.67,110,0.5,put,19.1901,19.0232,18.8313,19.2151,0.201,50,250,0.05
2023-05-05,86.74,90,0.08,call,0.9541,0.9668,0.9572,0.9763,0.2103,52,676,0.05
2023-05-05,86.74,90,0.08,put,4.7206,4.6286,4.5814,4.6758,0.3071,59,708,0.05
2023-05-05,86.74,95,0.08,call,0.235,0.2343,0.2319,0.2366,0.2268,38,532,0.05
2023-05-05,86.74,95,0.08,put,8.0339,7.9437,7.8634,8.0241,0.2051,46,736,0.05
2023-05-05,86.74,100,0.08,call,0.0588,0.0592,0.0586,0.0598,0.2473,49,735,0.05
2023-05-05,86.74,100,0.08,put,12.8929,12.7293,12.6004,12.8582,0.2273,43,258,0.05
2023-05-05,86.74,105,0.08,call,0.0184,0.0183,0.0181,0.0184,0.2725,41,656,0.05
2023-05-05,86.74,105,0.08,put,17.846,18.0617,17.8832,18.2401,0.2436,49,490,0.05
2023-05-05,86.74,110,0.08,call,0.0001,0.0001,0.0001,0.0001,0.2113,56,952,0.05
2023-05-05,86.74,110,0.08,put,22.8235,23.0342,22.806,23.2624,0.2835,31,155,0.05
2023-05-05,86.74,90,0.25,call,3.2947,3.3504,3.3174,3.3833,0.2445,53,530,0.05
2023-05-05,86.74,90,0.25,put,5.0283,4.8969,4.8467,4.9472,0.2207,45,810,0.05
2023-05-05,86.74,95,0.25,call,3.3155,3.2596,3.2264,3.2927,0.3463,48,720,0.05
2023-05-05,86.74,95,0.25,put,8.3183,8.3191,8.2359,8.4023,0.2094,56,1064,0.05
2023-05-05,86.74,100,0.25,call,0.9856,0.9855,0.9756,0.9953,0.2583,40,240,0.05
2023-05-05,86.74,100,0.25,put,13.3354,13.2206,13.0873,13.354,0.2868,36,684,0.05
2023-05-05,86.74,105,0.25,call,0.6203,0.6249,0.6187,0.6311,0.2781,49,343,0.05
2023-05-05,86.74,105,0.25,put,17.9113,17.7578,17.5787,17.9369,0.315,38,304,0.05
2023-05-05,86.74,110,0.25,call,0.6624,0.6734,0.6668,0.68,0.3337,30,540,0.05
2023-05-05,86.74,110,0.25,put,21.9439,21.7237,21.5043,21.9432,0.2065,42,672,0.05
2023-05-05,86.74,90,0.5,call,5.1775,5.2702,5.2184,5.322,0.231,46,368,0.05
2023-05-05,86.74,90,0.5,put,7.5861,7.5364,7.4605,7.6123,0.2871,52,884,0.05
2023-05-05,86.74,95,0.5,call,3.9013,3.907,3.868,3.946,0.2545,54,702,0.05
2023-05-05,86.74,95,0.5,put,10.4068,10.447,10.3429,10.5511,0.2796,39,507,0.05
2023-05-05,86.74,100,0.5,call,2.4325,2.4262,2.4019,2.4505,0.2484,55,275,0.05
2023-05-05,86.74,100,0.5,put,11.8363,11.8328,11.7144,11.9511,0.1751,51,357,0.05
2023-05-05,86.74,105,0.5,call,0.9418,0.9607,0.9513,0.9701,0.2112,32,480,0.05
2023-05-05,86.74,105,0.5,put,17.1303,17.1012,16.9299,17.2725,0.2448,35,490,0.05
2023-05-05,86.74,110,0.5,call,1.5111,1.4975,1.4824,1.5126,0.2887,44,308,0.05
2023-05-05,86.74,110,0.5,put,22.739,22.4883,22.2609,22.7156,0.3294,46,460,0.05
2023-05-06,87.55,90,0.08,call,1.4271,1.4307,1.4164,1.4449,0.2324,48,816,0.05
2023-05-06,87.55,90,0.08,put,4.0422,3.9959,3.9555,4.0363,0.2881,52,832,0.05
2023-05-06,87.55,95,0.08,call,0.2334,0.234,0.2316,0.2363,0.2079,53,901,0.05
2023-05-06,87.55,95,0.08,put,7.7957,7.7799,7.702,7.8579,0.2961,60,1140,0.05
2023-05-06,87.55,100,0.08,call,0.0345,0.0347,0.0343,0.035,0.2148,54,810,0.05
2023-05-06,87.55,100,0.08,put,12.264,12.1405,12.0178,12.2631,0.2983,42,336,0.05
2023-05-06,87.55,105,0.08,call,0.0017,0.0017,0.0017,0.0017,0.2049,41,533,0.05
2023-05-06,87.55,105,0.08,put,17.0307,17.2788,17.1085,17.4491,0.2167,32,608,0.05
2023-05-06,87.55,110,0.08,call,0.0004,0.0004,0.0004,0.0004,0.2268,38,494,0.05
2023-05-06,87.55,110,0.08,put,22.0232,21.9398,21.7195,22.16,0.3131,34,442,0.05
2023-05-06,87.55,90,0.25,call,3.7362,3.7558,3.7184,3.7932,0.2484,51,612,0.05
2023-05-06,87.55,90,0.25,put,4.4443,4.4497,4.4052,4.4941,0.2128,50,700,0.05
2023-05-06,87.55,95,0.25,call,1.072,1.0702,1.0595,1.0809,0.1827,50,550,0.05
2023-05-06,87.55,95,0.25,put,7.7715,7.72,7.6423,7.7977,0.2133,43,387,0.05
2023-05-06,87.55,100,0.25,call,1.1229,1.1169,1.1056,1.1281,0.2573,47,752,0.05
2023-05-06,87.55,100,0.25,put,11.2694,11.3967,11.284,11.5094,0.1267,49,392,0.05
2023-05-06,87.55,105,0.25,call,0.5886,0.5909,0.5851,0.5968,0.2633,47,376,0.05
2023-05-06,87.55,105,0.25,put,16.5696,16.7015,16.5358,16.8672,0.2425,39,429,0.05
2023-05-06,87.55,110,0.25,call,0.2375,0.2353,0.2329,0.2377,0.2563,51,867,0.05
2023-05-06,87.55,110,0.25,put,21.0912,21.1944,20.9835,21.4053,0.1647,34,238,0.05
2023-05-06,87.55,90,0.5,call,5.9795,5.8821,5.8223,5.9419,0.2466,48,816,0.05
2023-05-06,87.55,90,0.5,put,6.7109,6.6355,6.5684,6.7026,0.2672,49,392,0.05
2023-05-06,87.55,95,0.5,call,2.8011,2.8352,2.8072,2.8633,0.1945,42,672,0.05
2023-05-06,87.55,95,0.5,put,9.0798,9.2106,9.1198,9.3014,0.2442,49,539,0.05
2023-05-06,87.55,100,0.5,call,0.4276,0.4276,0.4234,0.4319,0.1241,46,368,0.05
2023-05-06,87.55,100,0.5,put,13.3864,13.2843,13.1504,13.4181,0.2821,47,282,0.05
2023-05-06,87.55,105,0.5,call,3.1428,3.1559,3.1245,3.1874,0.3226,45,855,0.05
2023-05-06,87.55,105,0.5,put,16.2884,16.5922,16.4293,16.755,0.2337,50,850,0.05
2023-05-06,87.55,110,0.5,call,1.4906,1.5057,1.4908,1.5206,0.2785,41,410,0.05
2023-05-06,87.55,110,0.5,put,20.2577,20.18,19.9775,20.3826,0.2065,36,432,0.05
